problem,nx,nt,ny,n_iterations,num_domain,seed,pinn_time,fdm_time,residual_estimation_time,stability_flag,pinn_error_l2,pinn_error_relative_l2,e_res_vs_true_l2,e_res_vs_true_relative_l2,e_fdm_vs_true_l2,e_fdm_vs_true_relative_l2,prob_x_min,prob_x_max,prob_t_max,prob_diffusivity,prob_frequency,prob_velocity_x,prob_phase_shift,prob_propagation_speed,prob_initital_concentration,prob_y_min,prob_y_max
poisson_1d,256,32,16,0,100,8,0.0012359619140625,0.00005507469177246094,0.0005691051483154297,false,0.6997944479901258,0.991597407933391,8.89233212899064e-6,0.000012707062987610486,8.926404123405047e-6,0.000012755751562537403,0.0,1.0,1.0,0.05,2.0,2.0,0.0,0.5,1.0,0.0,1.0
heat,32,32,16,0,10000,3,0.007035732269287109,0.0006871223449707031,0.012433052062988281,false,0.4268354836162278,1.2099971976648127,0.0008461867532765729,0.001982465811200898,0.0006581365706071615,0.0015418975129042895,0.0,1.0,1.0,0.05,2.0,2.0,0.0,0.5,1.0,0.0,1.0
poisson_1d,16,32,16,0,10,8,0.0011990070343017578,0.00002193450927734375,0.0003299713134765625,false,0.6789003594676772,0.9915974431435006,0.0024986239641945083,0.0036803986466492195,0.0025081860605056672,0.0036944833295895207,0.0,1.0,1.0,0.05,2.0,2.0,0.0,0.5,1.0,0.0,1.0
wave,256,256,16,0,10,5,0.0017931461334228516,0.0008878707885742188,0.1994030475616455,false,0.8672555386307077,1.734524310682187,0.000031204858436319026,0.00003598115785525884,0.000015783443300198566,0.000018199299511097645,0.0,1.0,1.0,0.05,2.0,2.0,0.0,0.5,1.0,0.0,1.0
heat,16,16,16,0,10,2,0.0015568733215332031,0.0003421306610107422,0.005469083786010742,false,0.4256369016554852,1.2051981192144576,0.003588900926176133,0.008431836883074167,0.002749210983530936,0.006459052241095803,0.0,1.0,1.0,0.05,2.0,2.0,0.0,0.5,1.0,0.0,1.0
drift_diffusion,256,256,16,0,10000,7,0.006392955780029297,0.011974096298217773,0.22668695449829102,false,0.864175224770329,2.4471486276126204,0.0003114665225119129,0.0003604205647005108,0.00023700549940490983,0.0002742562996617943,0.0,1.0,1.0,0.05,2.0,2.0,0.0,0.5,1.0,0.0,1.0
drift_diffusion,16,16,16,10000,1000,2,24.995678901672363,0.0003020763397216797,0.009408950805664062,true,0.0071134204102847355,0.019592163444556037,0.009272684624036303,1.303547954318787,0.06769679643284385,9.516771472548625,0.0,1.0,1.0,0.05,2.0,2.0,0.0,0.5,1.0,0.0,1.0
drift_diffusion,32,32,16,10000,100,7,13.600178241729736,0.0007419586181640625,0.01921391487121582,false,0.10595995013016846,0.2960430435866313,0.05132485382227554,0.48437974686874175,0.015825675346876712,0.1493552547678189,0.0,1.0,1.0,0.05,2.0,2.0,0.0,0.5,1.0,0.0,1.0
drift_diffusion,32,32,16,0,1000,4,0.0027730464935302734,0.0006320476531982422,0.018143892288208008,false,0.8364808190730291,2.3370559091053447,0.020688035926587,0.024732229902788512,0.015825675346876712,0.018919352346195337,0.0,1.0,1.0,0.05,2.0,2.0,0.0,0.5,1.0,0.0,1.0
poisson_1d,64,32,16,0,1,1,0.0014216899871826172,0.000036716461181640625,0.0005650520324707031,false,0.7320563322226301,1.0434681839982636,0.000149736470407716,0.00020454227880673358,0.00014539741646764722,0.00019861506562780405,0.0,1.0,1.0,0.05,2.0,2.0,0.0,0.5,1.0,0.0,1.0
drift_diffusion,128,128,16,0,1,6,0.0022161006927490234,0.004353046417236328,0.12137889862060547,false,0.8577909627421516,2.424269070266391,0.0012512126319415091,0.0014586451551572457,0.0009525133211054325,0.00111042592248871,0.0,1.0,1.0,0.05,2.0,2.0,0.0,0.5,1.0,0.0,1.0
heat,128,128,16,10000,10,6,7.90585994720459,0.0039501190185546875,0.0655670166015625,false,0.11057199892537407,0.31367530498045987,0.00003795041922998548,0.0003432190753429219,0.00003992627534176886,0.00036108848288720355,0.0,1.0,1.0,0.05,2.0,2.0,0.0,0.5,1.0,0.0,1.0
poisson_1d,128,32,16,0,100,6,0.00125885009765625,0.00003814697265625,0.0005371570587158203,false,0.65597419235734,0.9313327513556215,0.000034604150516816475,0.0000527523047704992,0.00003591751011898671,0.00005475445610125581,0.0,1.0,1.0,0.05,2.0,2.0,0.0,0.5,1.0,0.0,1.0
drift_diffusion,64,64,16,0,0,1,0.0021288394927978516,0.0015249252319335938,0.03711676597595215,false,0.8515617030136636,2.397295205213211,0.00505052668417155,0.005930899271653262,0.003851464283566381,0.004522824676046502,0.0,1.0,1.0,0.05,2.0,2.0,0.0,0.5,1.0,0.0,1.0
poisson_1d,128,32,16,10000,100,9,7.738913059234619,0.000041961669921875,0.0006570816040039062,false,0.00008920279761778594,0.00012664749299883286,7.706096959323956e-8,0.0008638851207710122,0.00003591751011898671,0.4026500410093073,0.0,1.0,1.0,0.05,2.0,2.0,0.0,0.5,1.0,0.0,1.0
wave,8,8,16,0,1,1,0.0021300315856933594,0.000030994415283203125,0.0038480758666992188,false,0.8292312180481041,1.671573015105873,0.043390295727607,0.052325931276130395,0.018958173771005418,0.022862349316310523,0.0,1.0,1.0,0.05,2.0,2.0,0.0,0.5,1.0,0.0,1.0
wave,8,8,16,10000,10000,7,144.45493721961975,0.00003314018249511719,0.0034859180450439453,false,0.001066551608616266,0.0021499659556682158,0.001034526861328971,0.9699735605584615,0.018958173771005418,17.77520526700044,0.0,1.0,1.0,0.05,2.0,2.0,0.0,0.5,1.0,0.0,1.0
heat,64,64,16,0,1,8,0.002413034439086914,0.0015821456909179688,0.024871826171875,false,0.4358957931425805,1.2362905483262148,0.00020579979619533728,0.00047213072351909714,0.00016125998597565447,0.00036995077381466417,0.0,1.0,1.0,0.05,2.0,2.0,0.0,0.5,1.0,0.0,1.0
poisson_2d,256,32,256,0,100,7,0.0018939971923828125,0.14050698280334473,0.16381001472473145,false,0.5221103560640048,1.048315695312825,6.391853659413845e-6,0.000012242342227416526,6.299580846651019e-6,0.000012065611749479953,0.0,1.0,1.0,0.05,2.0,2.0,0.0,0.5,1.0,0.0,1.0
poisson_2d,64,32,64,10000,10000,6,142.72966408729553,0.004421234130859375,0.00877690315246582,false,0.00002699313811586321,0.00005484320125127761,3.3564595671998405e-7,0.012434491880048939,0.00010200512199543541,3.7789278726029853,0.0,1.0,1.0,0.05,2.0,2.0,0.0,0.5,1.0,0.0,1.0
poisson_1d,8,32,16,10000,1,6,5.882675886154175,0.000018835067749023438,0.0003199577331542969,false,0.09895106335549142,0.14959994605944385,0.0026616411298406683,0.026898560152693443,0.011214972573078455,0.11333857558243263,0.0,1.0,1.0,0.05,2.0,2.0,0.0,0.5,1.0,0.0,1.0
poisson_1d,128,32,16,10000,1,8,5.730218172073364,0.00004076957702636719,0.0006661415100097656,false,0.12846122948941005,0.18238545311204035,0.000015381589359251276,0.00011973721114446654,0.00003591751011898671,0.00027959805664126556,0.0,1.0,1.0,0.05,2.0,2.0,0.0,0.5,1.0,0.0,1.0
drift_diffusion,256,256,16,0,1,7,0.002092123031616211,0.013727903366088867,0.24192118644714355,false,0.864175224770329,2.4471486276126204,0.0003114665225119129,0.0003604205647005108,0.00023700549940490983,0.0002742562996617943,0.0,1.0,1.0,0.05,2.0,2.0,0.0,0.5,1.0,0.0,1.0
wave,8,8,16,0,10000,0,0.008371829986572266,0.000029087066650390625,0.00362396240234375,false,0.8285386607812629,1.6701769508797912,0.043366596447309474,0.05234106566182118,0.018958173771005418,0.022881459451908955,0.0,1.0,1.0,0.05,2.0,2.0,0.0,0.5,1.0,0.0,1.0
wave,16,16,16,0,100,9,0.0020918846130371094,0.00004887580871582031,0.007365226745605469,false,0.8502327949405885,1.7037965736608487,0.009202177828339445,0.010823127363585714,0.004322163832073661,0.005083506373540531,0.0,1.0,1.0,0.05,2.0,2.0,0.0,0.5,1.0,0.0,1.0
heat,32,32,16,10000,100,2,9.018018007278442,0.0006039142608642578,0.011795997619628906,false,0.00024786536545404094,0.0007026510426373366,0.00004957686820873032,0.20001531120693355,0.0006581365706071615,2.655217962385823,0.0,1.0,1.0,0.05,2.0,2.0,0.0,0.5,1.0,0.0,1.0
wave,256,256,16,10000,1000,6,27.90100598335266,0.0008649826049804688,0.20024919509887695,false,0.0002787700927931367,0.0005575444393289965,7.513429591127844e-7,0.0026952064749286224,0.000015783443300198566,0.05661813698180715,0.0,1.0,1.0,0.05,2.0,2.0,0.0,0.5,1.0,0.0,1.0
heat,16,16,16,0,10000,3,0.007035732269287109,0.00031280517578125,0.0067021846771240234,false,0.4198793525516468,1.1888955210979828,0.0035860667227324166,0.008540707469751838,0.002749210983530936,0.006547621279359698,0.0,1.0,1.0,0.05,2.0,2.0,0.0,0.5,1.0,0.0,1.0
drift_diffusion,128,128,16,0,1000,3,0.002393960952758789,0.004149913787841797,0.0985562801361084,false,0.8512570124427743,2.4058029703592516,0.00125006130453815,0.0014684887011396984,0.0009525133211054325,0.0011189491624534077,0.0,1.0,1.0,0.05,2.0,2.0,0.0,0.5,1.0,0.0,1.0
drift_diffusion,32,32,16,0,10000,8,0.006031036376953125,0.0007290840148925781,0.019365787506103516,false,0.838245160544792,2.34198532836786,0.020692177524995133,0.024685114211153783,0.015825675346876712,0.01887953082436085,0.0,1.0,1.0,0.05,2.0,2.0,0.0,0.5,1.0,0.0,1.0
poisson_2d,16,32,16,10000,10000,2,142.6684319972992,0.00017786026000976562,0.0013511180877685547,false,0.0001493010844457774,0.0003185089801509917,4.090424946544108e-6,0.027397154961904605,0.00171723760469867,11.501842810265586,0.0,1.0,1.0,0.05,2.0,2.0,0.0,0.5,1.0,0.0,1.0
heat,128,128,16,10000,10,4,7.6085193157196045,0.0038559436798095703,0.07308292388916016,false,0.10276256306716082,0.29152116832418346,0.000056178367318028644,0.0005466812586341685,0.00003992627534176886,0.00038852938414619796,0.0,1.0,1.0,0.05,2.0,2.0,0.0,0.5,1.0,0.0,1.0
wave,256,256,16,0,1,9,0.0023207664489746094,0.0008420944213867188,0.20663714408874512,false,0.8678367236477328,1.7356866895845182,0.000031208923494872035,0.00003596174561926026,0.000015783443300198566,0.000018187111550035404,0.0,1.0,1.0,0.05,2.0,2.0,0.0,0.5,1.0,0.0,1.0
wave,16,16,16,10000,10,0,12.484607934951782,0.000049114227294921875,0.0071108341217041016,false,0.4168652441214328,0.8353636543295423,0.00780945786265238,0.01873377061959496,0.004322163832073661,0.010368251834433611,0.0,1.0,1.0,0.05,2.0,2.0,0.0,0.5,1.0,0.0,1.0
poisson_1d,128,32,16,10000,1,0,6.092587947845459,0.0000400543212890625,0.0005970001220703125,false,0.10779641530393427,0.15304616129867016,9.251135603213632e-6,0.0000858204382504729,0.00003591751011898671,0.00033319763015974603,0.0,1.0,1.0,0.05,2.0,2.0,0.0,0.5,1.0,0.0,1.0
heat,128,128,16,10000,100,4,8.9389328956604,0.00398707389831543,0.07232785224914551,false,0.00030163472704144496,0.0008556901016258165,3.925631444142724e-6,0.013014520849922018,0.00003992627534176886,0.13236630852610584,0.0,1.0,1.0,0.05,2.0,2.0,0.0,0.5,1.0,0.0,1.0
drift_diffusion,256,256,16,0,1,5,0.002165079116821289,0.013029098510742188,0.2283170223236084,false,0.8560901915172072,2.4242536435139526,0.0003111963378156724,0.0003635088229011877,0.00023700549940490983,0.00027684641379300987,0.0,1.0,1.0,0.05,2.0,2.0,0.0,0.5,1.0,0.0,1.0
poisson_2d,256,32,256,0,10000,0,0.007238864898681641,0.14034104347229004,0.17448902130126953,false,0.4940067326025895,0.9918880278138263,6.269645110606382e-6,0.000012691416324582935,6.299580846651019e-6,0.000012752014154671051,0.0,1.0,1.0,0.05,2.0,2.0,0.0,0.5,1.0,0.0,1.0
poisson_1d,128,32,16,10000,10000,7,82.76921677589417,0.00003695487976074219,0.0006561279296875,false,2.738533841766228e-6,3.888089329196128e-6,3.675883622394084e-8,0.013422816129557416,0.00003591751011898671,13.115598416161992,0.0,1.0,1.0,0.05,2.0,2.0,0.0,0.5,1.0,0.0,1.0
wave,256,256,16,0,10000,5,0.007911920547485352,0.0010349750518798828,0.21025991439819336,false,0.8672555386307077,1.734524310682187,0.000031204858436319026,0.00003598115785525884,0.000015783443300198566,0.000018199299511097645,0.0,1.0,1.0,0.05,2.0,2.0,0.0,0.5,1.0,0.0,1.0
heat,256,256,16,0,100,1,0.0015609264373779297,0.0125579833984375,0.16658306121826172,false,0.439357638052887,1.2465208835303967,0.000012592781161399806,0.000028661800935583066,9.934186103617024e-6,0.000022610705364410234,0.0,1.0,1.0,0.05,2.0,2.0,0.0,0.5,1.0,0.0,1.0
drift_diffusion,8,8,16,10000,10,6,11.220563888549805,0.00014019012451171875,0.0043370723724365234,true,0.6844007243031095,1.8402420724831912,0.668627027174803,0.9769525417373452,0.26151842143576154,0.3821130109148444,0.0,1.0,1.0,0.05,2.0,2.0,0.0,0.5,1.0,0.0,1.0
poisson_1d,32,32,16,10000,10000,9,84.43089294433594,0.000026226043701171875,0.0004551410675048828,false,0.000020506024796515542,0.00002946392621557367,8.608357823692361e-7,0.041979651878276986,0.000595948894502332,29.06213663609202,0.0,1.0,1.0,0.05,2.0,2.0,0.0,0.5,1.0,0.0,1.0
poisson_1d,32,32,16,10000,10,1,6.621852159500122,0.000024080276489257812,0.0003459453582763672,false,0.00021020709279919486,0.0003020344671229575,0.00001683442887726627,0.08008497074520571,0.000595948894502332,2.8350560704977847,0.0,1.0,1.0,0.05,2.0,2.0,0.0,0.5,1.0,0.0,1.0
drift_diffusion,16,16,16,0,1000,4,0.0027730464935302734,0.00029277801513671875,0.009035110473632812,true,0.8130261562869663,2.2392801802692555,0.08756662225269914,0.10770455732028325,0.06769679643284385,0.08326521343668743,0.0,1.0,1.0,0.05,2.0,2.0,0.0,0.5,1.0,0.0,1.0
wave,64,64,16,0,1000,5,0.003214120864868164,0.00021791458129882812,0.03697085380554199,false,0.8638319764617826,1.72787488802635,0.0005131714747581765,0.0005940639947829948,0.0002556346352812184,0.0002959309706596953,0.0,1.0,1.0,0.05,2.0,2.0,0.0,0.5,1.0,0.0,1.0
drift_diffusion,16,16,16,10000,100,6,12.726716995239258,0.00034308433532714844,0.010037899017333984,true,0.11825400577030085,0.32570151564154043,0.11248758894524463,0.9512370275535772,0.06769679643284385,0.5724693721102313,0.0,1.0,1.0,0.05,2.0,2.0,0.0,0.5,1.0,0.0,1.0
poisson_2d,32,32,32,10000,1000,0,28.324959993362427,0.0007870197296142578,0.002457141876220703,false,0.000014333949004436853,0.00002959266891238575,1.989130188702212e-6,0.13877056406944313,0.00041476287710914914,28.93570201609285,0.0,1.0,1.0,0.05,2.0,2.0,0.0,0.5,1.0,0.0,1.0
wave,64,64,16,0,1000,9,0.0025911331176757812,0.00019693374633789062,0.03583884239196777,false,0.8644244746091323,1.7290600290004094,0.0005132465530857141,0.0005937436620102517,0.0002556346352812184,0.0002957281321735007,0.0,1.0,1.0,0.05,2.0,2.0,0.0,0.5,1.0,0.0,1.0
wave,64,64,16,0,10,8,0.0017621517181396484,0.00018715858459472656,0.0333707332611084,false,0.8659381027525055,1.732087654892955,0.0005132651813182683,0.0005927273319961126,0.0002556346352812184,0.0002952112102108082,0.0,1.0,1.0,0.05,2.0,2.0,0.0,0.5,1.0,0.0,1.0
drift_diffusion,16,16,16,0,100,8,0.0020673274993896484,0.0003390312194824219,0.009897947311401367,true,0.8147342938784675,2.2439848243009926,0.08758418555352415,0.10750030557396534,0.06769679643284385,0.0830906430985978,0.0,1.0,1.0,0.05,2.0,2.0,0.0,0.5,1.0,0.0,1.0
wave,128,128,16,10000,10,1,10.730316877365112,0.00038695335388183594,0.0925140380859375,false,0.32440746052118136,0.6488347222088342,0.00009271987973013592,0.0002858130314918636,0.00006338688741085187,0.0001953928165185127,0.0,1.0,1.0,0.05,2.0,2.0,0.0,0.5,1.0,0.0,1.0
poisson_2d,32,32,32,10000,10,9,10.495101928710938,0.0009012222290039062,0.002429962158203125,false,0.08960421268731687,0.18498934232220252,0.00028785792296362293,0.003212548989946851,0.00041476287710914914,0.004628832335779864,0.0,1.0,1.0,0.05,2.0,2.0,0.0,0.5,1.0,0.0,1.0
poisson_1d,16,32,16,0,1,3,0.0012662410736083984,0.000031948089599609375,0.0004200935363769531,false,0.6754072081521889,0.9864953690841092,0.0024551275247156785,0.0036350330512943925,0.0025081860605056672,0.0037135908978047204,0.0,1.0,1.0,0.05,2.0,2.0,0.0,0.5,1.0,0.0,1.0
drift_diffusion,64,64,16,10000,100,2,12.696424961090088,0.0017528533935546875,0.04085898399353027,false,0.10865345401570177,0.3058784858688232,0.006544421238883706,0.06023205887166689,0.003851464283566381,0.03544723284185511,0.0,1.0,1.0,0.05,2.0,2.0,0.0,0.5,1.0,0.0,1.0
poisson_1d,32,32,16,10000,1000,7,17.20917510986328,0.000025033950805664062,0.0003688335418701172,false,4.880690423058015e-6,7.01278302026018e-6,5.774686025704944e-7,0.11831699052873908,0.000595948894502332,122.10339989495331,0.0,1.0,1.0,0.05,2.0,2.0,0.0,0.5,1.0,0.0,1.0
wave,256,256,16,0,1,0,0.002257108688354492,0.001013040542602539,0.2185688018798828,false,0.8666310231559833,1.7332752702032792,0.00003120545030809984,0.00003600776971318187,0.000015783443300198566,0.000018212414370674717,0.0,1.0,1.0,0.05,2.0,2.0,0.0,0.5,1.0,0.0,1.0
heat,32,32,16,0,10000,0,0.006740093231201172,0.0005686283111572266,0.011229276657104492,false,0.4293616673703614,1.217158446859447,0.0008459963546519755,0.0019703583690488854,0.0006581365706071615,0.0015328256354088122,0.0,1.0,1.0,0.05,2.0,2.0,0.0,0.5,1.0,0.0,1.0
wave,256,256,16,0,100,0,0.0024492740631103516,0.0009307861328125,0.21778011322021484,false,0.8666310231559833,1.7332752702032792,0.00003120545030809984,0.00003600776971318187,0.000015783443300198566,0.000018212414370674717,0.0,1.0,1.0,0.05,2.0,2.0,0.0,0.5,1.0,0.0,1.0
drift_diffusion,256,256,16,10000,1000,6,24.568734884262085,0.012100934982299805,0.2197420597076416,false,0.007580063336034765,0.021465023595097985,0.00003179443102619681,0.004194480918787216,0.00023700549940490983,0.03126695502374094,0.0,1.0,1.0,0.05,2.0,2.0,0.0,0.5,1.0,0.0,1.0
drift_diffusion,32,32,16,10000,10,0,11.206326007843018,0.0006442070007324219,0.019010066986083984,false,2.2030356690173876,6.155093351635396,0.050314964890635056,0.022838924307147904,0.015825675346876712,0.007183576539155802,0.0,1.0,1.0,0.05,2.0,2.0,0.0,0.5,1.0,0.0,1.0
wave,8,8,16,0,100,7,0.002062082290649414,0.000026226043701171875,0.0033309459686279297,false,0.8377079777071502,1.6886605564251118,0.04337158934338701,0.05177411520193143,0.018958173771005418,0.022631005404645795,0.0,1.0,1.0,0.05,2.0,2.0,0.0,0.5,1.0,0.0,1.0
poisson_1d,16,32,16,0,10,2,0.0011141300201416016,0.000026941299438476562,0.0004239082336425781,false,0.6306472328960332,0.9211192407609903,0.002400801828580642,0.0038068855349698036,0.0025081860605056672,0.003977161762825272,0.0,1.0,1.0,0.05,2.0,2.0,0.0,0.5,1.0,0.0,1.0
heat,32,32,16,0,1,6,0.003011941909790039,0.0006058216094970703,0.01258397102355957,false,0.4344126521979041,1.2314770256125416,0.0008465372441645967,0.0019486938050297439,0.0006581365706071615,0.0015150032285600559,0.0,1.0,1.0,0.05,2.0,2.0,0.0,0.5,1.0,0.0,1.0
poisson_1d,256,32,16,0,10,2,0.0011141300201416016,0.00005888938903808594,0.0006730556488037109,false,0.6500561941985006,0.921119107231576,8.54422827528717e-6,0.000013143830258893142,8.926404123405047e-6,0.000013731742275621308,0.0,1.0,1.0,0.05,2.0,2.0,0.0,0.5,1.0,0.0,1.0
wave,128,128,16,10000,0,2,0.0029900074005126953,0.00041484832763671875,0.10469579696655273,false,0.867417999088299,1.7348889435933672,0.00012599661323926605,0.00014525478301314357,0.00006338688741085187,0.00007307536559937048,0.0,1.0,1.0,0.05,2.0,2.0,0.0,0.5,1.0,0.0,1.0
heat,128,128,16,0,10000,2,0.006754875183105469,0.0046117305755615234,0.07762694358825684,false,0.43775268317211496,1.2418352542645166,0.00005074771182802626,0.00011592781444602439,0.00003992627534176886,0.00009120738004950319,0.0,1.0,1.0,0.05,2.0,2.0,0.0,0.5,1.0,0.0,1.0
poisson_1d,16,32,16,0,10,4,0.0012879371643066406,0.000026226043701171875,0.00047206878662109375,false,0.6861665506935404,1.0022103947209708,0.0024792431414384234,0.003613179830658514,0.0025081860605056672,0.0036553604339508053,0.0,1.0,1.0,0.05,2.0,2.0,0.0,0.5,1.0,0.0,1.0
poisson_2d,32,32,32,10000,100,7,12.446485996246338,0.0007228851318359375,0.0020198822021484375,false,0.000019837708886930476,0.000040955269960114515,3.4786538628654787e-6,0.1753556261297774,0.00041476287710914914,20.907801373187475,0.0,1.0,1.0,0.05,2.0,2.0,0.0,0.5,1.0,0.0,1.0
heat,256,256,16,0,10000,3,0.007035732269287109,0.011504173278808594,0.15310287475585938,false,0.4328711140033945,1.2281176807886676,0.00001258978932823484,0.00002908438313612238,9.934186103617024e-6,0.0000229495241937976,0.0,1.0,1.0,0.05,2.0,2.0,0.0,0.5,1.0,0.0,1.0
wave,256,256,16,0,10000,7,0.00733494758605957,0.0008521080017089844,0.2000141143798828,false,0.8753425443230333,1.7506984454661643,0.0000312142789808559,0.00003565950173825516,0.000015783443300198566,0.000018031162089128273,0.0,1.0,1.0,0.05,2.0,2.0,0.0,0.5,1.0,0.0,1.0
drift_diffusion,8,8,16,10000,1,9,10.654066801071167,0.0001380443572998047,0.004426002502441406,true,0.5472282518609135,1.4714076367340072,0.3600579473589766,0.6579666640648715,0.26151842143576154,0.477896418078631,0.0,1.0,1.0,0.05,2.0,2.0,0.0,0.5,1.0,0.0,1.0
poisson_1d,64,32,16,10000,10,7,6.535207033157349,0.00003361701965332031,0.00040721893310546875,false,0.0004743360348697026,0.000676115401403156,8.209055686694214e-6,0.017306413772564134,0.00014539741646764722,0.30652829593171516,0.0,1.0,1.0,0.05,2.0,2.0,0.0,0.5,1.0,0.0,1.0
poisson_2d,128,32,128,10000,10000,3,142.39120817184448,0.02509593963623047,0.03264284133911133,false,0.00002358643585657356,0.000047544311647896296,7.146263531141805e-8,0.003029819161558416,0.000025298111418601268,1.0725703354389342,0.0,1.0,1.0,0.05,2.0,2.0,0.0,0.5,1.0,0.0,1.0
poisson_2d,256,32,256,10000,10,9,10.495101928710938,0.13831090927124023,0.16274094581604004,false,0.09213345277788662,0.18498952087167816,4.330207435816785e-6,0.00004699929618676023,6.299580846651019e-6,0.00006837452257257642,0.0,1.0,1.0,0.05,2.0,2.0,0.0,0.5,1.0,0.0,1.0
wave,64,64,16,0,1000,3,0.002979278564453125,0.00017499923706054688,0.03585195541381836,false,0.8615842967213295,1.7233789796950076,0.0005130337230707849,0.0005954538923505011,0.0002556346352812184,0.00029670298803496036,0.0,1.0,1.0,0.05,2.0,2.0,0.0,0.5,1.0,0.0,1.0
poisson_1d,16,32,16,10000,1,9,5.765926837921143,0.0000209808349609375,0.00031280517578125,false,0.09878450213033842,0.1442840003965426,0.0006476851673280724,0.006556546354543568,0.0025081860605056672,0.02539048136514683,0.0,1.0,1.0,0.05,2.0,2.0,0.0,0.5,1.0,0.0,1.0
heat,256,256,16,0,10,9,0.0016367435455322266,0.011716842651367188,0.16473674774169922,false,0.4366913999033042,1.238956381980704,0.000012601949482252828,0.000028857791761054264,9.934186103617024e-6,0.000022748755999812983,0.0,1.0,1.0,0.05,2.0,2.0,0.0,0.5,1.0,0.0,1.0
heat,32,32,16,10000,10000,1,96.57632112503052,0.0006539821624755859,0.011802911758422852,false,0.0000770983851660447,0.00021855921912826117,0.000023143147242120215,0.3001768090505064,0.0006581365706071615,8.536321081030387,0.0,1.0,1.0,0.05,2.0,2.0,0.0,0.5,1.0,0.0,1.0
wave,16,16,16,0,10,2,0.0019478797912597656,0.00005125999450683594,0.00791478157043457,false,0.8509684658700515,1.7052707976809285,0.009203228280248403,0.010815005078759047,0.004322163832073661,0.005079111630364084,0.0,1.0,1.0,0.05,2.0,2.0,0.0,0.5,1.0,0.0,1.0
poisson_2d,8,32,8,10000,1,2,9.319634914398193,0.00004482269287109375,0.0008447170257568359,false,0.13713844789648802,0.31345930947768674,0.006893139471248363,0.05026409133966058,0.007418007097193637,0.05409137416220968,0.0,1.0,1.0,0.05,2.0,2.0,0.0,0.5,1.0,0.0,1.0
drift_diffusion,16,16,16,10000,100,4,13.016759872436523,0.0002892017364501953,0.008835077285766602,true,0.0970784903929719,0.26737877716041475,0.05785121391305392,0.5959220593446936,0.06769679643284385,0.697340844082025,0.0,1.0,1.0,0.05,2.0,2.0,0.0,0.5,1.0,0.0,1.0
heat,256,256,16,10000,100,3,9.242278099060059,0.013550996780395508,0.15758991241455078,false,0.00020663160438312217,0.000586243615116003,6.760136655692744e-7,0.003271588911033808,9.934186103617024e-6,0.04807679896436815,0.0,1.0,1.0,0.05,2.0,2.0,0.0,0.5,1.0,0.0,1.0
heat,256,256,16,10000,10000,4,92.54381108283997,0.011555910110473633,0.16908025741577148,false,0.0000742633211586461,0.00021069573551702785,3.953790540447535e-7,0.005324015245690222,9.934186103617024e-6,0.13376975266675184,0.0,1.0,1.0,0.05,2.0,2.0,0.0,0.5,1.0,0.0,1.0
poisson_2d,256,32,256,10000,100,5,12.581224918365479,0.14234423637390137,0.17665314674377441,false,0.000011057246765252027,0.00002220121703454524,3.0877655644441585e-8,0.002792526593617949,6.299580846651019e-6,0.5697241800183755,0.0,1.0,1.0,0.05,2.0,2.0,0.0,0.5,1.0,0.0,1.0
wave,8,8,16,10000,10,3,10.671231985092163,0.00002574920654296875,0.0035691261291503906,false,0.35940408635066706,0.7244905391727609,0.07019677053907733,0.1953143361608499,0.018958173771005418,0.052748909906683995,0.0,1.0,1.0,0.05,2.0,2.0,0.0,0.5,1.0,0.0,1.0
drift_diffusion,32,32,16,0,10,3,0.001990079879760742,0.0006768703460693359,0.01864790916442871,false,0.8337110087621126,2.32931729585011,0.020679091594791966,0.024803668630328048,0.015825675346876712,0.018982207480232924,0.0,1.0,1.0,0.05,2.0,2.0,0.0,0.5,1.0,0.0,1.0
poisson_2d,8,32,8,0,10,3,0.0017771720886230469,0.00004506111145019531,0.0008018016815185547,false,0.43915201466832715,1.0037760335276045,0.0074327366509285685,0.01692520221395818,0.007418007097193637,0.016891661314126363,0.0,1.0,1.0,0.05,2.0,2.0,0.0,0.5,1.0,0.0,1.0
poisson_2d,16,32,16,0,100,9,0.0020127296447753906,0.000164031982421875,0.0012331008911132812,false,0.4743051363608075,1.0118509575697223,0.001727734839886519,0.0036426652537285987,0.00171723760469867,0.003620533435236413,0.0,1.0,1.0,0.05,2.0,2.0,0.0,0.5,1.0,0.0,1.0
poisson_1d,32,32,16,0,1000,0,0.0019330978393554688,0.000025987625122070312,0.0004470348358154297,false,0.6986146560344731,1.003799170379224,0.0006030014944655201,0.0008631389124990886,0.000595948894502332,0.0008530437908146674,0.0,1.0,1.0,0.05,2.0,2.0,0.0,0.5,1.0,0.0,1.0
heat,8,8,16,10000,100,7,9.068209886550903,0.00012612342834472656,0.002686023712158203,false,0.00018173959952393336,0.0005130629910077833,0.0006754491640871893,3.7165767166658004,0.012171854008336707,66.97414344597526,0.0,1.0,1.0,0.05,2.0,2.0,0.0,0.5,1.0,0.0,1.0
poisson_1d,256,32,16,10000,1000,2,17.26138710975647,0.000054836273193359375,0.0006301403045654297,false,3.649493692674525e-6,5.171273502267598e-6,1.3263756710624403e-8,0.003634410092798555,8.926404123405047e-6,2.4459294562086926,0.0,1.0,1.0,0.05,2.0,2.0,0.0,0.5,1.0,0.0,1.0
wave,16,16,16,0,10,0,0.002482891082763672,0.000048160552978515625,0.007122039794921875,false,0.8489552395565414,1.7012364577738186,0.009200603291320593,0.010837559935582235,0.004322163832073661,0.005091156318596229,0.0,1.0,1.0,0.05,2.0,2.0,0.0,0.5,1.0,0.0,1.0
heat,8,8,16,10000,10,9,7.7358598709106445,0.00012493133544921875,0.0037157535552978516,false,0.0890949970665685,0.2515211093154388,0.048011934445368304,0.5388847413002944,0.012171854008336707,0.13661658240184163,0.0,1.0,1.0,0.05,2.0,2.0,0.0,0.5,1.0,0.0,1.0
poisson_2d,16,32,16,0,1000,6,0.002626180648803711,0.0002148151397705078,0.0012590885162353516,false,0.47027178978016726,1.0032464848643565,0.0017166244286267824,0.00365028153066386,0.00171723760469867,0.0036515854066037166,0.0,1.0,1.0,0.05,2.0,2.0,0.0,0.5,1.0,0.0,1.0
heat,128,128,16,10000,10000,9,94.48318481445312,0.00424504280090332,0.07226872444152832,false,0.00008004924829226189,0.00022708708005250396,1.7725218882011595e-6,0.022142892357057763,0.00003992627534176886,0.4987713962777902,0.0,1.0,1.0,0.05,2.0,2.0,0.0,0.5,1.0,0.0,1.0
wave,128,128,16,0,100,2,0.0022118091583251953,0.0004048347473144531,0.09295296669006348,false,0.867417999088299,1.7348889435933672,0.00012599661323926605,0.00014525478301314357,0.00006338688741085187,0.00007307536559937048,0.0,1.0,1.0,0.05,2.0,2.0,0.0,0.5,1.0,0.0,1.0
drift_diffusion,256,256,16,10000,10,4,11.507652997970581,0.013367176055908203,0.23764300346374512,false,0.7312718265988849,2.0707962871173926,0.00033625913633900854,0.00045982782887033386,0.00023700549940490983,0.0003241004107969161,0.0,1.0,1.0,0.05,2.0,2.0,0.0,0.5,1.0,0.0,1.0
poisson_1d,64,32,16,0,1,8,0.0013718605041503906,0.00003814697265625,0.0004467964172363281,false,0.6956658312224681,0.9915974080456309,0.0001448424718638863,0.00020820696570558872,0.00014539741646764722,0.00020900468291240587,0.0,1.0,1.0,0.05,2.0,2.0,0.0,0.5,1.0,0.0,1.0
wave,256,256,16,10000,100,8,12.932720184326172,0.0008571147918701172,0.18823814392089844,false,0.07326814272220479,0.1465374034403388,0.00007255430508668645,0.0009902571894278124,0.000015783443300198566,0.00021542027290143365,0.0,1.0,1.0,0.05,2.0,2.0,0.0,0.5,1.0,0.0,1.0
poisson_2d,128,32,128,0,10000,8,0.007150888442993164,0.025845050811767578,0.03258681297302246,false,0.4979780171358866,1.0037982077699759,0.00002530692443688859,0.00005081936062648106,0.000025298111418601268,0.00005080166302139799,0.0,1.0,1.0,0.05,2.0,2.0,0.0,0.5,1.0,0.0,1.0
poisson_2d,64,32,64,10000,1000,3,27.558892965316772,0.004152059555053711,0.008034944534301758,false,0.00004772985688192919,0.00009697494731566563,2.953875199140309e-7,0.0061887367616484,0.00010200512199543541,2.1371344617176393,0.0,1.0,1.0,0.05,2.0,2.0,0.0,0.5,1.0,0.0,1.0
poisson_1d,256,32,16,10000,1,4,5.888246774673462,0.00006890296936035156,0.0007920265197753906,false,0.0955058477611951,0.13533024069350488,2.2998106179781615e-6,0.00002408031206349433,8.926404123405047e-6,0.00009346447712526266,0.0,1.0,1.0,0.05,2.0,2.0,0.0,0.5,1.0,0.0,1.0
poisson_1d,128,32,16,0,100,0,0.0015621185302734375,0.00004887580871582031,0.0005450248718261719,false,0.7070151316135906,1.0037991668688158,0.00003634235119615262,0.000051402508335585424,0.00003591751011898671,0.000050801614439303016,0.0,1.0,1.0,0.05,2.0,2.0,0.0,0.5,1.0,0.0,1.0
wave,32,32,16,0,10000,3,0.007066011428833008,0.00008916854858398438,0.015376091003417969,false,0.8569336233662993,1.7147047094000851,0.0021298921188067374,0.0024854808595791405,0.0010402908397117996,0.0012139689835313225,0.0,1.0,1.0,0.05,2.0,2.0,0.0,0.5,1.0,0.0,1.0
wave,256,256,16,0,10,9,0.0020558834075927734,0.001024007797241211,0.21223139762878418,false,0.8678367236477328,1.7356866895845182,0.000031208923494872035,0.00003596174561926026,0.000015783443300198566,0.000018187111550035404,0.0,1.0,1.0,0.05,2.0,2.0,0.0,0.5,1.0,0.0,1.0
heat,512,512,16,10000,10000,0,95.41633677482605,0.03598380088806152,0.36413097381591797,false,0.0000655699403230891,0.000186040998161127,8.598085797029233e-8,0.001311284676278481,2.477696763831837e-6,0.03778708279463827,0.0,1.0,1.0,0.05,2.0,2.0,0.0,0.5,1.0,0.0,1.0
drift_diffusion,256,256,16,10000,100,0,12.665422916412354,0.01279902458190918,0.25234079360961914,false,0.17406618761790674,0.49291604287328405,0.0007802032612280076,0.004482221802551532,0.00023700549940490983,0.0013615826407662884,0.0,1.0,1.0,0.05,2.0,2.0,0.0,0.5,1.0,0.0,1.0
drift_diffusion,256,256,16,0,1,8,0.0022280216217041016,0.012388944625854492,0.23788976669311523,false,0.8587672072618118,2.4318343461512533,0.0003112989335592351,0.00036249513363675705,0.00023700549940490983,0.00027598340667968016,0.0,1.0,1.0,0.05,2.0,2.0,0.0,0.5,1.0,0.0,1.0
drift_diffusion,256,256,16,0,1000,9,0.0025930404663085938,0.01177072525024414,0.21633315086364746,false,0.8563673615731328,2.4250385263739695,0.00031119553828974405,0.0003633902367765195,0.00023700549940490983,0.0002767568102660225,0.0,1.0,1.0,0.05,2.0,2.0,0.0,0.5,1.0,0.0,1.0
poisson_1d,8,32,16,10000,10,6,6.755296945571899,0.00002002716064453125,0.000308990478515625,false,0.00008538806371565686,0.0001290946180142662,0.00013484194703494864,1.5791662343324215,0.011214972573078455,131.34122130244452,0.0,1.0,1.0,0.05,2.0,2.0,0.0,0.5,1.0,0.0,1.0
drift_diffusion,128,128,16,0,10000,2,0.005822181701660156,0.004109621047973633,0.0978538990020752,false,0.8538539750027128,2.413142446157146,0.001250530151798733,0.001464571447119819,0.0009525133211054325,0.0011155459235314869,0.0,1.0,1.0,0.05,2.0,2.0,0.0,0.5,1.0,0.0,1.0
poisson_1d,128,32,16,10000,100,7,7.946553707122803,0.000041961669921875,0.0006160736083984375,false,0.0001455544491330881,0.0002066539006603557,6.26896333853795e-8,0.00043069541163950263,0.00003591751011898671,0.24676339564255273,0.0,1.0,1.0,0.05,2.0,2.0,0.0,0.5,1.0,0.0,1.0
poisson_2d,32,32,32,0,1000,7,0.0026369094848632812,0.0007319450378417969,0.0019311904907226562,false,0.5077778999095958,1.0483156643294878,0.0004208366192859862,0.0008287808889691959,0.00041476287710914914,0.0008168194739924542,0.0,1.0,1.0,0.05,2.0,2.0,0.0,0.5,1.0,0.0,1.0
wave,64,64,16,10000,1000,1,28.057994842529297,0.0001900196075439453,0.03504204750061035,false,0.00029730154655146547,0.0005946756897814387,0.00001133579036190606,0.03812893169709739,0.0002556346352812184,0.8598496652518416,0.0,1.0,1.0,0.05,2.0,2.0,0.0,0.5,1.0,0.0,1.0
wave,32,32,16,10000,10,6,10.830904006958008,0.00011491775512695312,0.017767906188964844,false,0.2842986993985333,0.5688752377575989,0.001378864173961142,0.004850054456380868,0.0010402908397117996,0.003659147375322696,0.0,1.0,1.0,0.05,2.0,2.0,0.0,0.5,1.0,0.0,1.0
poisson_2d,256,32,256,10000,1,9,9.735986232757568,0.14793014526367188,0.15967488288879395,false,0.2593064117576221,0.5206465992937351,4.330154541589008e-6,0.000016698987550051295,6.299580846651019e-6,0.000024293964826983674,0.0,1.0,1.0,0.05,2.0,2.0,0.0,0.5,1.0,0.0,1.0
heat,16,16,16,0,10,8,0.0013952255249023438,0.0003077983856201172,0.006340980529785156,false,0.4254050512444035,1.2045416308360113,0.003588299117113653,0.008435017653450722,0.002749210983530936,0.006462572495293339,0.0,1.0,1.0,0.05,2.0,2.0,0.0,0.5,1.0,0.0,1.0
wave,64,64,16,10000,10000,2,144.22616171836853,0.00018095970153808594,0.03744220733642578,false,0.00018208406659503951,0.00036421259544934845,8.467887833983736e-6,0.046505375194700174,0.0002556346352812184,1.4039374233090762,0.0,1.0,1.0,0.05,2.0,2.0,0.0,0.5,1.0,0.0,1.0
poisson_1d,8,32,16,0,100,1,0.0012731552124023438,0.00002002716064453125,0.0003311634063720703,false,0.6901872614759494,1.0434650582457556,0.01155048862603169,0.016735296738643417,0.011214972573078455,0.016249173520090032,0.0,1.0,1.0,0.05,2.0,2.0,0.0,0.5,1.0,0.0,1.0
drift_diffusion,256,256,16,0,100,4,0.001847982406616211,0.011633872985839844,0.2208099365234375,false,0.8569674020929335,2.4267377053048778,0.0003112371937835202,0.0003631844023744653,0.00023700549940490983,0.0002765630277488756,0.0,1.0,1.0,0.05,2.0,2.0,0.0,0.5,1.0,0.0,1.0
drift_diffusion,16,16,16,0,10,7,0.0019762516021728516,0.0003788471221923828,0.009346961975097656,true,0.820565718505757,2.260046046304303,0.08762961941414417,0.1067917138601853,0.06769679643284385,0.08250015191485104,0.0,1.0,1.0,0.05,2.0,2.0,0.0,0.5,1.0,0.0,1.0
poisson_2d,256,32,256,0,1,7,0.001962900161743164,0.14218902587890625,0.2037489414215088,false,0.5221103560640048,1.048315695312825,6.391853659413845e-6,0.000012242342227416526,6.299580846651019e-6,0.000012065611749479953,0.0,1.0,1.0,0.05,2.0,2.0,0.0,0.5,1.0,0.0,1.0
drift_diffusion,16,16,16,10000,1000,4,25.050506830215454,0.0002880096435546875,0.008772850036621094,true,0.007857574079360075,0.02164175133216502,0.008450830329871699,1.0755011972549968,0.06769679643284385,8.615483067562279,0.0,1.0,1.0,0.05,2.0,2.0,0.0,0.5,1.0,0.0,1.0
wave,256,256,16,10000,10,2,10.43802785873413,0.0008869171142578125,0.21853208541870117,false,0.4149555811260041,0.8299174940441525,0.000023998022833960837,0.00005783275108347962,0.000015783443300198566,0.00003803646466778287,0.0,1.0,1.0,0.05,2.0,2.0,0.0,0.5,1.0,0.0,1.0
heat,16,16,16,10000,1,7,7.009293079376221,0.0002639293670654297,0.005577802658081055,false,0.4234845950627168,1.1991038265262808,0.003585691045076372,0.008467110933622842,0.002749210983530936,0.006491879552605179,0.0,1.0,1.0,0.05,2.0,2.0,0.0,0.5,1.0,0.0,1.0
poisson_2d,128,32,128,10000,10,9,10.495101928710938,0.02302074432373047,0.030451059341430664,false,0.09177214482164335,0.18498952027039914,0.000017396593489948322,0.00018956289540533356,0.000025298111418601268,0.0002756622008537278,0.0,1.0,1.0,0.05,2.0,2.0,0.0,0.5,1.0,0.0,1.0
heat,64,64,16,0,10000,0,0.006740093231201172,0.0014412403106689453,0.024328947067260742,false,0.4328297451613582,1.227594602644858,0.00020562605651650197,0.0004750737647197627,0.00016125998597565447,0.000372571404295555,0.0,1.0,1.0,0.05,2.0,2.0,0.0,0.5,1.0,0.0,1.0
wave,128,128,16,0,10,6,0.002002239227294922,0.00042510032653808594,0.09337210655212402,false,0.8695767543244002,1.7392065858315644,0.0001259981864232085,0.00014489599198301957,0.00006338688741085187,0.0000728939534039166,0.0,1.0,1.0,0.05,2.0,2.0,0.0,0.5,1.0,0.0,1.0
poisson_1d,256,32,16,0,1000,9,0.0015702247619628906,0.00005316734313964844,0.0005738735198974609,false,0.7174834172540692,1.0166623911174062,9.03778868723536e-6,0.00001259651229546811,8.926404123405047e-6,0.000012441268897290908,0.0,1.0,1.0,0.05,2.0,2.0,0.0,0.5,1.0,0.0,1.0
wave,8,8,16,0,1000,8,0.00263214111328125,0.000026941299438476562,0.0034627914428710938,false,0.8313504046678567,1.675844893793569,0.04337636175607222,0.05217578714405276,0.018958173771005418,0.022804071140832168,0.0,1.0,1.0,0.05,2.0,2.0,0.0,0.5,1.0,0.0,1.0
wave,32,32,16,0,100,3,0.0022118091583251953,0.00010013580322265625,0.01622295379638672,false,0.8569336233662993,1.7147047094000851,0.0021298921188067374,0.0024854808595791405,0.0010402908397117996,0.0012139689835313225,0.0,1.0,1.0,0.05,2.0,2.0,0.0,0.5,1.0,0.0,1.0
heat,8,8,16,10000,10000,0,95.41633677482605,0.0001232624053955078,0.0028579235076904297,false,0.000043653727982790745,0.00012323738087989625,0.00041474360565417245,9.500760297418893,0.012171854008336707,278.8273664303593,0.0,1.0,1.0,0.05,2.0,2.0,0.0,0.5,1.0,0.0,1.0
poisson_1d,16,32,16,0,1,4,0.0016210079193115234,0.000026702880859375,0.0004658699035644531,false,0.6861665506935404,1.0022103947209708,0.0024792431414384234,0.003613179830658514,0.0025081860605056672,0.0036553604339508053,0.0,1.0,1.0,0.05,2.0,2.0,0.0,0.5,1.0,0.0,1.0
poisson_1d,32,32,16,10000,1,2,5.809880971908569,0.000031948089599609375,0.00040793418884277344,false,0.09405267810401072,0.13513887725838306,0.00013641331371380967,0.001450392657218683,0.000595948894502332,0.006336330942573321,0.0,1.0,1.0,0.05,2.0,2.0,0.0,0.5,1.0,0.0,1.0
poisson_2d,8,32,8,10000,10000,8,142.34719109535217,0.000047206878662109375,0.0007388591766357422,false,6.544646654678522e-6,0.000014959192353550899,0.000018134241358536333,2.770851096337762,0.007418007097193637,1133.4465385961576,0.0,1.0,1.0,0.05,2.0,2.0,0.0,0.5,1.0,0.0,1.0
heat,256,256,16,0,10000,8,0.007058858871459961,0.013336896896362305,0.16556501388549805,false,0.4384964962382153,1.2440777002038779,0.000012597424522627299,0.00002872867772193939,9.934186103617024e-6,0.00002265510942240284,0.0,1.0,1.0,0.05,2.0,2.0,0.0,0.5,1.0,0.0,1.0
poisson_1d,64,32,16,0,10,4,0.0012879371643066406,0.000031948089599609375,0.0003497600555419922,false,0.703111564272516,1.0022105059757866,0.00014372040407308268,0.00020440625837492084,0.00014539741646764722,0.0002067913882458819,0.0,1.0,1.0,0.05,2.0,2.0,0.0,0.5,1.0,0.0,1.0
wave,16,16,16,10000,10,3,10.671231985092163,0.000051975250244140625,0.007941722869873047,false,0.36302608244329665,0.7274744035951118,0.006811165993457081,0.01876219457184859,0.004322163832073661,0.011905931945671607,0.0,1.0,1.0,0.05,2.0,2.0,0.0,0.5,1.0,0.0,1.0
poisson_1d,128,32,16,0,1,2,0.001306295394897461,0.00004696846008300781,0.0006051063537597656,false,0.6487803221431463,0.9211191072556864,0.00003437973495109136,0.00005299133432025677,0.00003591751011898671,0.00005536158988351977,0.0,1.0,1.0,0.05,2.0,2.0,0.0,0.5,1.0,0.0,1.0
poisson_2d,64,32,64,10000,1000,9,27.943398237228394,0.005660057067871094,0.008674860000610352,false,9.632068931817496e-6,0.00001956991782972443,3.6627406451840347e-7,0.03802652027382115,0.00010200512199543541,10.590156976288252,0.0,1.0,1.0,0.05,2.0,2.0,0.0,0.5,1.0,0.0,1.0
drift_diffusion,256,256,16,10000,10000,0,116.79411101341248,0.01360011100769043,0.22775888442993164,false,0.007866538697160188,0.022276256973154183,0.00003706177886889513,0.004711319717053438,0.00023700549940490983,0.03012830782749032,0.0,1.0,1.0,0.05,2.0,2.0,0.0,0.5,1.0,0.0,1.0
poisson_2d,16,32,16,0,100,1,0.0019729137420654297,0.00013518333435058594,0.0011038780212402344,false,0.4515691583905739,0.9633475378998906,0.0016893226973963493,0.0037410054827863373,0.00171723760469867,0.0038028230511114453,0.0,1.0,1.0,0.05,2.0,2.0,0.0,0.5,1.0,0.0,1.0
poisson_2d,8,32,8,0,0,1,0.0019121170043945312,0.00004506111145019531,0.0006740093231201172,false,0.421467241973415,0.9633536959392338,0.007297020410249868,0.017313374999403018,0.007418007097193637,0.01760043571230037,0.0,1.0,1.0,0.05,2.0,2.0,0.0,0.5,1.0,0.0,1.0
wave,256,256,16,0,100,1,0.0022301673889160156,0.0009071826934814453,0.2068932056427002,false,0.8668906926287758,1.7337946131111512,0.00003122422599491042,0.00003601864255829703,0.000015783443300198566,0.00001820695900233575,0.0,1.0,1.0,0.05,2.0,2.0,0.0,0.5,1.0,0.0,1.0
wave,256,256,16,0,10000,3,0.007066011428833008,0.0010018348693847656,0.21410417556762695,false,0.865009597604522,1.730032394359083,0.00003119623983165626,0.00003606461699158975,0.000015783443300198566,0.000018246552805781322,0.0,1.0,1.0,0.05,2.0,2.0,0.0,0.5,1.0,0.0,1.0
wave,8,8,16,0,10000,2,0.007330894470214844,0.00003075599670410156,0.0037539005279541016,false,0.8306597320073215,1.67445262857671,0.0433799227874041,0.05222345698951222,0.018958173771005418,0.022823032152036855,0.0,1.0,1.0,0.05,2.0,2.0,0.0,0.5,1.0,0.0,1.0
wave,32,32,16,0,10,7,0.0018851757049560547,0.00008916854858398438,0.014712095260620117,false,0.8673636784800858,1.7355750126945881,0.002130982914588507,0.0024568505316278737,0.0010402908397117996,0.0011993709968749677,0.0,1.0,1.0,0.05,2.0,2.0,0.0,0.5,1.0,0.0,1.0
wave,32,32,16,0,10000,0,0.008371829986572266,0.00009417533874511719,0.015607833862304688,false,0.8585523740768571,1.7179437927912053,0.002130498523585927,0.0024815009403202763,0.0010402908397117996,0.0012116801154156184,0.0,1.0,1.0,0.05,2.0,2.0,0.0,0.5,1.0,0.0,1.0
drift_diffusion,128,128,16,0,100,7,0.0023040771484375,0.004142045974731445,0.09679508209228516,false,0.8612629830190062,2.4340816140376718,0.001251523875952578,0.0014531262815517516,0.0009525133211054325,0.0011059494485256573,0.0,1.0,1.0,0.05,2.0,2.0,0.0,0.5,1.0,0.0,1.0
wave,32,32,16,0,10000,9,0.008026123046875,0.00008869171142578125,0.017225980758666992,false,0.8597913397574626,1.7204229349667377,0.002130797739070233,0.0024782730885278595,0.0010402908397117996,0.0012099340754063116,0.0,1.0,1.0,0.05,2.0,2.0,0.0,0.5,1.0,0.0,1.0
poisson_1d,128,32,16,10000,1,1,5.950311899185181,0.000041961669921875,0.0006008148193359375,false,0.11355387770331672,0.161220436079167,0.00001265078294677428,0.00011140775817297132,0.00003591751011898671,0.00031630368636841006,0.0,1.0,1.0,0.05,2.0,2.0,0.0,0.5,1.0,0.0,1.0
heat,32,32,16,10000,1000,5,19.93030095100403,0.0005629062652587891,0.010846853256225586,false,0.00013900711773490277,0.00039405866984086965,0.000021429965044553693,0.15416451613223767,0.0006581365706071615,4.734553031031152,0.0,1.0,1.0,0.05,2.0,2.0,0.0,0.5,1.0,0.0,1.0
drift_diffusion,64,64,16,10000,10000,2,113.75466871261597,0.0015659332275390625,0.03725695610046387,false,0.005881216354621285,0.016556653167772745,0.0006019791369919509,0.10235623053025814,0.003851464283566381,0.6548754630562008,0.0,1.0,1.0,0.05,2.0,2.0,0.0,0.5,1.0,0.0,1.0
drift_diffusion,64,64,16,10000,10,8,11.110510110855103,0.0015592575073242188,0.036741018295288086,false,0.7606281387654888,2.14130130976956,0.005951296057198202,0.007824186029795382,0.003851464283566381,0.005063531162306677,0.0,1.0,1.0,0.05,2.0,2.0,0.0,0.5,1.0,0.0,1.0
poisson_2d,32,32,32,10000,10,1,10.727699995040894,0.000843048095703125,0.0021791458129882812,false,0.16739465646417806,0.34558896818410945,0.00033804919387937814,0.0020194742234900397,0.00041476287710914914,0.002477754582314919,0.0,1.0,1.0,0.05,2.0,2.0,0.0,0.5,1.0,0.0,1.0
wave,16,16,16,0,100,4,0.0020780563354492188,0.00006890296936035156,0.007591962814331055,false,0.8502935491519292,1.7039183201022159,0.009200254841591106,0.010820092485433188,0.004322163832073661,0.005083143152602446,0.0,1.0,1.0,0.05,2.0,2.0,0.0,0.5,1.0,0.0,1.0
heat,8,8,16,0,1,3,0.002263784408569336,0.000125885009765625,0.0035390853881835938,false,0.40575897358237184,1.1454846008230835,0.01620930705426827,0.03994811725581632,0.012171854008336707,0.029997744475922808,0.0,1.0,1.0,0.05,2.0,2.0,0.0,0.5,1.0,0.0,1.0
heat,32,32,16,0,100,2,0.0015850067138671875,0.0005588531494140625,0.012080192565917969,false,0.4325832218824425,1.2262909395442572,0.0008468495516664562,0.001957656952068736,0.0006581365706071615,0.0015214103028388245,0.0,1.0,1.0,0.05,2.0,2.0,0.0,0.5,1.0,0.0,1.0
drift_diffusion,64,64,16,0,1000,0,0.0028009414672851562,0.0016109943389892578,0.040244102478027344,false,0.8483757420454889,2.388326167589781,0.00505180265079598,0.005954675977198211,0.003851464283566381,0.00453980953566665,0.0,1.0,1.0,0.05,2.0,2.0,0.0,0.5,1.0,0.0,1.0
poisson_2d,32,32,32,10000,10000,9,142.07285594940186,0.0009310245513916016,0.0027348995208740234,false,9.371256207404532e-6,0.00001934710958948032,1.3505877621311492e-6,0.14412024729935288,0.00041476287710914914,44.25904787204576,0.0,1.0,1.0,0.05,2.0,2.0,0.0,0.5,1.0,0.0,1.0
poisson_1d,128,32,16,0,100,3,0.0012507438659667969,0.00004100799560546875,0.0008559226989746094,false,0.6948274331171178,0.986495433115782,0.00003515874827323621,0.00005060069104570021,0.00003591751011898671,0.000051692705853386434,0.0,1.0,1.0,0.05,2.0,2.0,0.0,0.5,1.0,0.0,1.0
poisson_1d,64,32,16,0,10,7,0.0012159347534179688,0.00003981590270996094,0.00042510032653808594,false,0.6639229076231498,0.9463512577358442,0.0001429576911985475,0.00021532272731835287,0.00014539741646764722,0.00021899743900714513,0.0,1.0,1.0,0.05,2.0,2.0,0.0,0.5,1.0,0.0,1.0
drift_diffusion,256,256,16,10000,10000,4,113.64341831207275,0.011811256408691406,0.2326200008392334,false,0.0066472736379349405,0.018823574310130528,0.000037553222645632316,0.00564941729362869,0.00023700549940490983,0.03565454234535394,0.0,1.0,1.0,0.05,2.0,2.0,0.0,0.5,1.0,0.0,1.0
poisson_1d,256,32,16,10000,10,4,6.544991970062256,0.00004887580871582031,0.0008533000946044922,false,0.00030320395571365735,0.0004296350984554476,3.443422360407314e-7,0.0011356785739491178,8.926404123405047e-6,0.029440262751163133,0.0,1.0,1.0,0.05,2.0,2.0,0.0,0.5,1.0,0.0,1.0
drift_diffusion,32,32,16,0,10000,5,0.005910158157348633,0.0007181167602539062,0.01905989646911621,false,0.8356341032785797,2.334690257549887,0.020685287033648924,0.024754000527851792,0.015825675346876712,0.018938522595936733,0.0,1.0,1.0,0.05,2.0,2.0,0.0,0.5,1.0,0.0,1.0
drift_diffusion,32,32,16,10000,1,2,10.610212087631226,0.0006780624389648438,0.01925492286682129,false,0.6236239333302851,1.7423519645844,0.020063891479445702,0.03217306201238979,0.015825675346876712,0.02537695316208315,0.0,1.0,1.0,0.05,2.0,2.0,0.0,0.5,1.0,0.0,1.0
poisson_1d,16,32,16,10000,10,9,6.510509729385376,0.000021219253540039062,0.0003058910369873047,false,0.0003991581139775738,0.000583007741431294,0.00011932896110647627,0.2989516107222381,0.0025081860605056672,6.283690529327329,0.0,1.0,1.0,0.05,2.0,2.0,0.0,0.5,1.0,0.0,1.0
wave,128,128,16,10000,1000,6,27.90100598335266,0.00039887428283691406,0.0899510383605957,false,0.0002784704180197366,0.0005569578333030249,3.020060945869633e-6,0.010845176903690003,0.00006338688741085187,0.22762521010880427,0.0,1.0,1.0,0.05,2.0,2.0,0.0,0.5,1.0,0.0,1.0
drift_diffusion,16,16,16,10000,10,5,11.479543924331665,0.0003292560577392578,0.010014057159423828,true,0.7573151662363508,2.08583798793776,0.11503753767029422,0.15190180099257658,0.06769679643284385,0.08939051989316205,0.0,1.0,1.0,0.05,2.0,2.0,0.0,0.5,1.0,0.0,1.0
poisson_1d,128,32,16,10000,100,0,7.921542167663574,0.00004100799560546875,0.0006420612335205078,false,4.8721060326814196e-6,6.917272004264598e-6,6.44634339584043e-8,0.013231122952716815,0.00003591751011898671,7.3720706974190975,0.0,1.0,1.0,0.05,2.0,2.0,0.0,0.5,1.0,0.0,1.0
poisson_1d,32,32,16,10000,10000,5,82.86012315750122,0.00002288818359375,0.00034809112548828125,false,7.082670038479196e-6,0.000010176680731336362,1.4132001502568763e-6,0.1995292936928018,0.000595948894502332,84.14184075443406,0.0,1.0,1.0,0.05,2.0,2.0,0.0,0.5,1.0,0.0,1.0
poisson_1d,16,32,16,10000,100,0,7.921542167663574,0.0000209808349609375,0.00034689903259277344,false,4.761816287088866e-6,6.9550778536908466e-6,3.3957450072883146e-6,0.7131197010737661,0.0025081860605056672,526.7288591652856,0.0,1.0,1.0,0.05,2.0,2.0,0.0,0.5,1.0,0.0,1.0
poisson_2d,128,32,128,10000,1000,1,28.089892148971558,0.02298593521118164,0.030849218368530273,false,0.000011351794453489125,0.00002288235732356862,1.0701869640685818e-7,0.009427469537472272,0.000025298111418601268,2.2285561566526337,0.0,1.0,1.0,0.05,2.0,2.0,0.0,0.5,1.0,0.0,1.0
drift_diffusion,16,16,16,10000,10000,5,112.24504208564758,0.00032591819763183594,0.010139226913452148,true,0.006002686548389116,0.016532920758126537,0.00941496019933086,1.5684577436176985,0.06769679643284385,11.277749702091285,0.0,1.0,1.0,0.05,2.0,2.0,0.0,0.5,1.0,0.0,1.0
poisson_2d,32,32,32,10000,100,4,12.445755004882812,0.0008537769317626953,0.002393960952758789,false,0.000015222528167659588,0.000031427154926781076,2.7084278744061628e-6,0.17792234276448587,0.00041476287710914914,27.246648686621736,0.0,1.0,1.0,0.05,2.0,2.0,0.0,0.5,1.0,0.0,1.0
poisson_1d,16,32,16,10000,10000,5,82.86012315750122,0.000020265579223632812,0.00031304359436035156,false,7.021694614685026e-6,0.000010255841419668091,4.594588004453074e-6,0.6543417588652479,0.0025081860605056672,357.20523293969217,0.0,1.0,1.0,0.05,2.0,2.0,0.0,0.5,1.0,0.0,1.0
poisson_1d,128,32,16,0,10000,5,0.0037839412689208984,0.00003886222839355469,0.0005078315734863281,false,0.7133948086786644,1.0128568436234813,0.000036050866240156274,0.00005053424247217184,0.00003591751011898671,0.00005034731074860553,0.0,1.0,1.0,0.05,2.0,2.0,0.0,0.5,1.0,0.0,1.0
heat,8,8,16,0,1,8,0.002413034439086914,0.0001251697540283203,0.0034558773040771484,false,0.4111631074201681,1.1607408304939373,0.01621917839372627,0.039447066385632376,0.012171854008336707,0.02960346827979941,0.0,1.0,1.0,0.05,2.0,2.0,0.0,0.5,1.0,0.0,1.0
poisson_2d,256,32,256,10000,1,6,9.572857141494751,0.14157485961914062,0.16690993309020996,false,0.10656700718557562,0.21396983403535175,3.663082152879217e-6,0.000034373510616661385,6.299580846651019e-6,0.00005911380091289355,0.0,1.0,1.0,0.05,2.0,2.0,0.0,0.5,1.0,0.0,1.0
drift_diffusion,16,16,16,0,0,0,0.002087831497192383,0.0002849102020263672,0.008643150329589844,true,0.8130949398971672,2.239469627772093,0.08755592824651669,0.10768229385069097,0.06769679643284385,0.08325816963195652,0.0,1.0,1.0,0.05,2.0,2.0,0.0,0.5,1.0,0.0,1.0
heat,128,128,16,0,1000,2,0.002081155776977539,0.003977298736572266,0.07063984870910645,false,0.43775268317211496,1.2418352542645166,0.00005074771182802626,0.00011592781444602439,0.00003992627534176886,0.00009120738004950319,0.0,1.0,1.0,0.05,2.0,2.0,0.0,0.5,1.0,0.0,1.0
poisson_1d,32,32,16,10000,1,0,6.092587947845459,0.000027179718017578125,0.0003879070281982422,false,0.1065144806262644,0.15304452370484223,0.0001536134593074725,0.0014421838082886382,0.000595948894502332,0.005595003524388233,0.0,1.0,1.0,0.05,2.0,2.0,0.0,0.5,1.0,0.0,1.0
poisson_1d,16,32,16,0,10,9,0.0011751651763916016,0.000025033950805664062,0.00039386749267578125,false,0.6960611293953901,1.0166623519263396,0.00253951198860749,0.003648403683758854,0.0025081860605056672,0.003603399119103688,0.0,1.0,1.0,0.05,2.0,2.0,0.0,0.5,1.0,0.0,1.0
drift_diffusion,8,8,16,0,10,3,0.001990079879760742,0.0001373291015625,0.004402875900268555,true,0.7614612094579487,2.047445165455221,0.360536462225699,0.47347974886645805,0.26151842143576154,0.3434428677226055,0.0,1.0,1.0,0.05,2.0,2.0,0.0,0.5,1.0,0.0,1.0
poisson_1d,64,32,16,0,10000,8,0.003877878189086914,0.000028848648071289062,0.00037980079650878906,false,0.6956658312224681,0.9915974080456309,0.0001448424718638863,0.00020820696570558872,0.00014539741646764722,0.00020900468291240587,0.0,1.0,1.0,0.05,2.0,2.0,0.0,0.5,1.0,0.0,1.0
poisson_1d,64,32,16,0,1000,6,0.0016338825225830078,0.000028133392333984375,0.0003502368927001953,false,0.6533865131667155,0.9313327517747465,0.0001400807115544571,0.00021439180137884883,0.00014539741646764722,0.00022252895267605284,0.0,1.0,1.0,0.05,2.0,2.0,0.0,0.5,1.0,0.0,1.0
heat,256,256,16,10000,100,7,9.068209886550903,0.012223958969116211,0.16225576400756836,false,0.0001985645624615201,0.0005633562555877689,5.582803994204664e-7,0.002811581243397218,9.934186103617024e-6,0.050030005256034404,0.0,1.0,1.0,0.05,2.0,2.0,0.0,0.5,1.0,0.0,1.0
heat,64,64,16,0,1000,2,0.002081155776977539,0.001458883285522461,0.02460789680480957,false,0.43603322351733187,1.2366803292693462,0.00020583400598953448,0.00047206037266871875,0.00016125998597565447,0.000369834171522126,0.0,1.0,1.0,0.05,2.0,2.0,0.0,0.5,1.0,0.0,1.0
poisson_1d,256,32,16,0,1,0,0.0015637874603271484,0.00005507469177246094,0.0007190704345703125,false,0.7084055265207946,1.003799166857095,9.031985267117693e-6,0.000012749738573436392,8.926404123405047e-6,0.000012600698031317546,0.0,1.0,1.0,0.05,2.0,2.0,0.0,0.5,1.0,0.0,1.0
wave,16,16,16,0,1,9,0.0023207664489746094,0.00006389617919921875,0.007993936538696289,false,0.8502327949405885,1.7037965736608487,0.009202177828339445,0.010823127363585714,0.004322163832073661,0.005083506373540531,0.0,1.0,1.0,0.05,2.0,2.0,0.0,0.5,1.0,0.0,1.0
poisson_1d,16,32,16,10000,100,1,7.605097055435181,0.0000209808349609375,0.00033092498779296875,false,7.814582216365919e-6,0.000011413927886352879,4.8524409858431224e-6,0.620946949104798,0.0025081860605056672,320.9622716900628,0.0,1.0,1.0,0.05,2.0,2.0,0.0,0.5,1.0,0.0,1.0
heat,16,16,16,10000,10000,0,95.41633677482605,0.00025391578674316406,0.0056340694427490234,false,0.000057990314229089335,0.0001642005600776678,0.00008093345968550043,1.395637543291026,0.002749210983530936,47.40810633764639,0.0,1.0,1.0,0.05,2.0,2.0,0.0,0.5,1.0,0.0,1.0
wave,8,8,16,10000,0,0,0.0032138824462890625,0.000030994415283203125,0.0034470558166503906,false,0.8285386607812629,1.6701769508797912,0.043366596447309474,0.05234106566182118,0.018958173771005418,0.022881459451908955,0.0,1.0,1.0,0.05,2.0,2.0,0.0,0.5,1.0,0.0,1.0
wave,256,256,16,10000,10,4,10.399818897247314,0.0008587837219238281,0.18934011459350586,false,0.4910805903864471,0.9821686741537904,0.00010233139114979218,0.00020838003609400304,0.000015783443300198566,0.000032140230359701374,0.0,1.0,1.0,0.05,2.0,2.0,0.0,0.5,1.0,0.0,1.0
drift_diffusion,128,128,16,0,10000,7,0.006392955780029297,0.0045239925384521484,0.1079249382019043,false,0.8612629830190062,2.4340816140376718,0.001251523875952578,0.0014531262815517516,0.0009525133211054325,0.0011059494485256573,0.0,1.0,1.0,0.05,2.0,2.0,0.0,0.5,1.0,0.0,1.0
poisson_2d,256,32,256,10000,1,5,9.626037120819092,0.1310899257659912,0.16533899307250977,false,0.10150753234017816,0.20381120218890666,2.647780659564102e-6,0.00002608457321857355,6.299580846651019e-6,0.00006206023042250184,0.0,1.0,1.0,0.05,2.0,2.0,0.0,0.5,1.0,0.0,1.0
wave,32,32,16,0,10000,2,0.007330894470214844,0.00010609626770019531,0.01586008071899414,false,0.8605134783336124,1.721867917849425,0.002131073962213568,0.002476514332280304,0.0010402908397117996,0.0012089187048253173,0.0,1.0,1.0,0.05,2.0,2.0,0.0,0.5,1.0,0.0,1.0
drift_diffusion,256,256,16,0,0,1,0.0021288394927978516,0.013980865478515625,0.2452559471130371,false,0.8603406820919218,2.436290070708863,0.00031111910411388115,0.00036162314602791273,0.00023700549940490983,0.00027547866134683993,0.0,1.0,1.0,0.05,2.0,2.0,0.0,0.5,1.0,0.0,1.0
heat,8,8,16,10000,100,2,9.018018007278442,0.00012111663818359375,0.0028252601623535156,false,0.0002487454510259034,0.0007022249715374964,0.0006667463397894152,2.680436313666354,0.012171854008336707,48.93297126894708,0.0,1.0,1.0,0.05,2.0,2.0,0.0,0.5,1.0,0.0,1.0
drift_diffusion,8,8,16,0,100,0,0.0019059181213378906,0.00014710426330566406,0.0052089691162109375,true,0.7639833189000266,2.054226706943864,0.3606642826722959,0.47208397585378653,0.26151842143576154,0.34230907268013705,0.0,1.0,1.0,0.05,2.0,2.0,0.0,0.5,1.0,0.0,1.0
drift_diffusion,64,64,16,0,10000,2,0.005822181701660156,0.0015680789947509766,0.0370182991027832,false,0.8480207697212659,2.387326858381967,0.005052143836628806,0.005957570872101851,0.003851464283566381,0.004541709850847533,0.0,1.0,1.0,0.05,2.0,2.0,0.0,0.5,1.0,0.0,1.0
drift_diffusion,256,256,16,10000,1000,5,24.850924968719482,0.012095928192138672,0.21822905540466309,false,0.006931468023439039,0.019628348481533556,0.000035877846456274405,0.005176081940355419,0.00023700549940490983,0.0341926845227393,0.0,1.0,1.0,0.05,2.0,2.0,0.0,0.5,1.0,0.0,1.0
wave,1024,1024,16,10000,10000,0,162.21640992164612,0.006245136260986328,1.2597317695617676,false,0.0002780781659598433,0.0005561565971158811,4.101285207838754e-8,0.00014748677565823478,9.835504728370893e-7,0.0035369568460789113,0.0,1.0,1.0,0.05,2.0,2.0,0.0,0.5,1.0,0.0,1.0
wave,8,8,16,10000,10000,1,146.8099720478058,0.000035762786865234375,0.0035538673400878906,false,0.00018512972713411908,0.0003731864520244765,0.000825768252813998,4.460484361948613,0.018958173771005418,102.40480588652701,0.0,1.0,1.0,0.05,2.0,2.0,0.0,0.5,1.0,0.0,1.0
drift_diffusion,8,8,16,0,10000,5,0.005910158157348633,0.0001552104949951172,0.005445241928100586,true,0.7635759491012499,2.053131355907333,0.3606507081840155,0.47231805638785684,0.26151842143576154,0.34249169548042463,0.0,1.0,1.0,0.05,2.0,2.0,0.0,0.5,1.0,0.0,1.0
wave,32,32,16,0,10,4,0.002064228057861328,0.00009202957153320312,0.01494908332824707,false,0.8598792812907126,1.7205989039765932,0.0021304022180709363,0.0024775596579942227,0.0010402908397117996,0.0012098103330856886,0.0,1.0,1.0,0.05,2.0,2.0,0.0,0.5,1.0,0.0,1.0
poisson_1d,128,32,16,10000,10,5,6.492530107498169,0.000041961669921875,0.0005180835723876953,false,0.0002944402013006993,0.00041803748681274616,1.4351459832712996e-6,0.004874150937715052,0.00003591751011898671,0.12198575452777076,0.0,1.0,1.0,0.05,2.0,2.0,0.0,0.5,1.0,0.0,1.0
drift_diffusion,16,16,16,10000,100,1,12.603092908859253,0.0002999305725097656,0.008931636810302734,true,0.09599230250591984,0.2643871403124291,0.19463811556564253,2.0276429514089322,0.06769679643284385,0.7052315098772521,0.0,1.0,1.0,0.05,2.0,2.0,0.0,0.5,1.0,0.0,1.0
drift_diffusion,16,16,16,10000,100,0,12.665422916412354,0.00029587745666503906,0.008713006973266602,true,0.16615399505305192,0.4576302313495688,0.08713077406409941,0.5243977072972519,0.06769679643284385,0.40743405785234743,0.0,1.0,1.0,0.05,2.0,2.0,0.0,0.5,1.0,0.0,1.0
wave,32,32,16,10000,1,3,9.63900113105774,0.00010800361633300781,0.016628026962280273,false,0.8581525510477441,1.7171437559945937,0.0021301183525099187,0.00248221408875286,0.0010402908397117996,0.0012122446509559136,0.0,1.0,1.0,0.05,2.0,2.0,0.0,0.5,1.0,0.0,1.0
drift_diffusion,64,64,16,10000,10,5,11.479543924331665,0.0017390251159667969,0.04087710380554199,false,0.7735481008706863,2.1776732639059584,0.005734711031767391,0.00741351575333524,0.003851464283566381,0.004978959006209529,0.0,1.0,1.0,0.05,2.0,2.0,0.0,0.5,1.0,0.0,1.0
wave,64,64,16,10000,10,6,10.830904006958008,0.00023102760314941406,0.03446698188781738,false,0.2866188004840289,0.5733075890766107,0.0003327474809903121,0.001160940874877653,0.0002556346352812184,0.0008918976523853776,0.0,1.0,1.0,0.05,2.0,2.0,0.0,0.5,1.0,0.0,1.0
poisson_2d,32,32,32,0,10,5,0.0019350051879882812,0.0007200241088867188,0.0021119117736816406,false,0.49280283265308183,1.0173993964450718,0.00041765481108082587,0.0008475089496387737,0.00041476287710914914,0.0008416406108629848,0.0,1.0,1.0,0.05,2.0,2.0,0.0,0.5,1.0,0.0,1.0
heat,16,16,16,0,1000,3,0.00232696533203125,0.0002970695495605469,0.00559687614440918,false,0.4198793525516468,1.1888955210979828,0.0035860667227324166,0.008540707469751838,0.002749210983530936,0.006547621279359698,0.0,1.0,1.0,0.05,2.0,2.0,0.0,0.5,1.0,0.0,1.0
heat,16,16,16,10000,10,3,7.890196800231934,0.00026488304138183594,0.00558781623840332,false,0.09907082540411266,0.2805207254861188,0.0023269164959843287,0.023487403950585545,0.002749210983530936,0.027749955370986616,0.0,1.0,1.0,0.05,2.0,2.0,0.0,0.5,1.0,0.0,1.0
heat,256,256,16,10000,1,1,6.849575042724609,0.012243986129760742,0.1680750846862793,false,0.4363183311162928,1.2378979321127013,0.000012592663305579791,0.00002886118324059926,9.934186103617024e-6,0.000022768207052408353,0.0,1.0,1.0,0.05,2.0,2.0,0.0,0.5,1.0,0.0,1.0
poisson_1d,128,32,16,10000,10,3,6.66196608543396,0.000052928924560546875,0.0009548664093017578,false,0.00013359688966619836,0.0001896769114928759,8.838107212441523e-7,0.006615503725062438,0.00003591751011898671,0.26884989769374396,0.0,1.0,1.0,0.05,2.0,2.0,0.0,0.5,1.0,0.0,1.0
heat,256,256,16,0,10,3,0.0014328956604003906,0.012995243072509766,0.16065001487731934,false,0.4328711140033945,1.2281176807886676,0.00001258978932823484,0.00002908438313612238,9.934186103617024e-6,0.0000229495241937976,0.0,1.0,1.0,0.05,2.0,2.0,0.0,0.5,1.0,0.0,1.0
poisson_1d,128,32,16,0,1000,5,0.0018768310546875,0.00005793571472167969,0.0007011890411376953,false,0.7133948086786644,1.0128568436234813,0.000036050866240156274,0.00005053424247217184,0.00003591751011898671,0.00005034731074860553,0.0,1.0,1.0,0.05,2.0,2.0,0.0,0.5,1.0,0.0,1.0
poisson_2d,32,32,32,10000,10000,7,144.9688482284546,0.00078582763671875,0.002410411834716797,false,9.835780381204263e-6,0.000020306127238615245,1.3948134141712088e-6,0.14181014216446453,0.00041476287710914914,42.16878183835068,0.0,1.0,1.0,0.05,2.0,2.0,0.0,0.5,1.0,0.0,1.0
poisson_1d,64,32,16,10000,100,5,7.724610090255737,0.00003266334533691406,0.00043487548828125,false,0.00011993914406502211,0.00017096045118256527,4.6533750597674266e-7,0.0038797801135222643,0.00014539741646764722,1.212259913983564,0.0,1.0,1.0,0.05,2.0,2.0,0.0,0.5,1.0,0.0,1.0
drift_diffusion,32,32,16,0,1,9,0.0021390914916992188,0.000614166259765625,0.017141103744506836,false,0.835912745245843,2.3354687593891033,0.020685253150578408,0.02474570853025437,0.015825675346876712,0.01893220965571276,0.0,1.0,1.0,0.05,2.0,2.0,0.0,0.5,1.0,0.0,1.0
poisson_2d,16,32,16,10000,0,1,0.0029222965240478516,0.00016999244689941406,0.001129150390625,false,0.4515691583905739,0.9633475378998906,0.0016893226973963493,0.0037410054827863373,0.00171723760469867,0.0038028230511114453,0.0,1.0,1.0,0.05,2.0,2.0,0.0,0.5,1.0,0.0,1.0
heat,16,16,16,0,10,6,0.0016682147979736328,0.00032591819763183594,0.006112098693847656,false,0.42736021025592824,1.2100776967980789,0.0035875592280966984,0.00839469642236524,0.002749210983530936,0.006433006437086287,0.0,1.0,1.0,0.05,2.0,2.0,0.0,0.5,1.0,0.0,1.0
heat,128,128,16,10000,10000,1,96.57632112503052,0.0044269561767578125,0.07150626182556152,false,0.00007916410618236661,0.00022457607162387064,1.4321090786236305e-6,0.018090383984412574,0.00003992627534176886,0.5043482111670932,0.0,1.0,1.0,0.05,2.0,2.0,0.0,0.5,1.0,0.0,1.0
poisson_1d,256,32,16,10000,10000,2,83.28573513031006,0.000050067901611328125,0.0007002353668212891,false,7.535829144131964e-6,0.000010678147943888228,1.2925821622500067e-8,0.0017152487636206142,8.926404123405047e-6,1.184528464294795,0.0,1.0,1.0,0.05,2.0,2.0,0.0,0.5,1.0,0.0,1.0
wave,256,256,16,0,10000,0,0.008371829986572266,0.0009098052978515625,0.20638203620910645,false,0.8666310231559833,1.7332752702032792,0.00003120545030809984,0.00003600776971318187,0.000015783443300198566,0.000018212414370674717,0.0,1.0,1.0,0.05,2.0,2.0,0.0,0.5,1.0,0.0,1.0
heat,256,256,16,10000,1,6,7.055966138839722,0.012906789779663086,0.17360615730285645,false,0.4394009065932952,1.2466436426098968,0.00001259452429740921,0.00002866294563444441,9.934186103617024e-6,0.000022608478850527265,0.0,1.0,1.0,0.05,2.0,2.0,0.0,0.5,1.0,0.0,1.0
wave,128,128,16,10000,10000,6,142.982764005661,0.0003941059112548828,0.08933496475219727,false,0.00027420281498919465,0.000548422366756199,1.8801265689566261e-6,0.006856700464690814,0.00006338688741085187,0.2311678945138714,0.0,1.0,1.0,0.05,2.0,2.0,0.0,0.5,1.0,0.0,1.0
drift_diffusion,64,64,16,10000,10000,5,112.24504208564758,0.0016639232635498047,0.04073596000671387,false,0.006966207383444878,0.019611092771964773,0.0005733521806064055,0.08230478207826013,0.003851464283566381,0.5528782121415582,0.0,1.0,1.0,0.05,2.0,2.0,0.0,0.5,1.0,0.0,1.0
drift_diffusion,256,256,16,0,1000,3,0.002393960952758789,0.012065887451171875,0.23857998847961426,false,0.8541815824737834,2.4188488947229825,0.0003111026308827257,0.00036421135419678055,0.00023700549940490983,0.0002774650077545824,0.0,1.0,1.0,0.05,2.0,2.0,0.0,0.5,1.0,0.0,1.0
poisson_1d,256,32,16,10000,0,1,0.0019588470458984375,0.00006389617919921875,0.0007097721099853516,false,0.7364009186639185,1.0434681844706675,9.19278487035539e-6,0.000012483396798355743,8.926404123405047e-6,0.000012121663481355476,0.0,1.0,1.0,0.05,2.0,2.0,0.0,0.5,1.0,0.0,1.0
poisson_1d,128,32,16,10000,10000,8,83.62364268302917,0.00003981590270996094,0.0007901191711425781,false,3.6141718562924746e-6,5.131294276527433e-6,3.357733358531887e-8,0.009290464017622686,0.00003591751011898671,9.937964088635832,0.0,1.0,1.0,0.05,2.0,2.0,0.0,0.5,1.0,0.0,1.0
poisson_1d,16,32,16,10000,1000,8,17.064255952835083,0.000021219253540039062,0.00034880638122558594,false,0.0001272554519323437,0.00018586848423695737,1.6545265560634353e-6,0.013001616283927674,0.0025081860605056672,19.70985150276463,0.0,1.0,1.0,0.05,2.0,2.0,0.0,0.5,1.0,0.0,1.0
drift_diffusion,32,32,16,0,10,0,0.0017619132995605469,0.0006189346313476562,0.01767706871032715,false,0.8366391426703357,2.3374982517032854,0.020685464243710015,0.024724475808874255,0.015825675346876712,0.018915772093049878,0.0,1.0,1.0,0.05,2.0,2.0,0.0,0.5,1.0,0.0,1.0
wave,64,64,16,10000,10,7,10.843138933181763,0.00018906593322753906,0.032636165618896484,false,0.27658313415612795,0.5532338058582388,0.0009360999922351194,0.0033845158168852823,0.0002556346352812184,0.0009242596663067514,0.0,1.0,1.0,0.05,2.0,2.0,0.0,0.5,1.0,0.0,1.0
heat,32,32,16,10000,1,3,7.042046070098877,0.0005972385406494141,0.011178970336914062,false,0.4268790216584367,1.2101206197116827,0.0008461957729404475,0.0019822847458114794,0.0006581365706071615,0.001541740252426279,0.0,1.0,1.0,0.05,2.0,2.0,0.0,0.5,1.0,0.0,1.0
poisson_2d,64,32,64,0,10,2,0.0018000602722167969,0.004664897918701172,0.008636236190795898,false,0.5024003989260288,1.020750016865582,0.00010252162466432133,0.00020406358132573084,0.00010200512199543541,0.00020303551154316293,0.0,1.0,1.0,0.05,2.0,2.0,0.0,0.5,1.0,0.0,1.0
poisson_1d,16,32,16,0,10000,7,0.003520965576171875,0.000023126602172851562,0.00037407875061035156,false,0.6479225628817052,0.9463514752183183,0.0024662183537875137,0.0038063473863585518,0.0025081860605056672,0.0038711201063136923,0.0,1.0,1.0,0.05,2.0,2.0,0.0,0.5,1.0,0.0,1.0
heat,64,64,16,10000,10,4,7.6085193157196045,0.001438140869140625,0.026610851287841797,false,0.1020134604639188,0.2893312552166335,0.00023137518473065517,0.0022680848554538563,0.00016125998597565447,0.0015807716476071356,0.0,1.0,1.0,0.05,2.0,2.0,0.0,0.5,1.0,0.0,1.0
drift_diffusion,128,128,16,10000,1000,5,24.850924968719482,0.004354000091552734,0.09786772727966309,false,0.006904948635866648,0.019514606864354942,0.0001441103393083628,0.020870588169157794,0.0009525133211054325,0.13794647452665196,0.0,1.0,1.0,0.05,2.0,2.0,0.0,0.5,1.0,0.0,1.0
wave,16,16,16,0,1000,1,0.0027892589569091797,0.000050067901611328125,0.007177829742431641,false,0.8494105060651777,1.7021487744030204,0.009205969679536762,0.010838069006448526,0.004322163832073661,0.0050884275638356765,0.0,1.0,1.0,0.05,2.0,2.0,0.0,0.5,1.0,0.0,1.0
drift_diffusion,8,8,16,0,1000,1,0.00279998779296875,0.00013685226440429688,0.004658937454223633,true,0.7670221951996297,2.0623977503414226,0.36057461727242734,0.470096718881234,0.26151842143576154,0.3409528734272118,0.0,1.0,1.0,0.05,2.0,2.0,0.0,0.5,1.0,0.0,1.0
poisson_2d,16,32,16,0,1000,8,0.0029382705688476562,0.0001621246337890625,0.001001119613647461,false,0.4705303822284892,1.0037981487541099,0.0017178344640401228,0.00365084706306158,0.00171723760469867,0.003649578581016646,0.0,1.0,1.0,0.05,2.0,2.0,0.0,0.5,1.0,0.0,1.0
heat,32,32,16,0,10000,4,0.006983757019042969,0.0005891323089599609,0.011493206024169922,false,0.4309236628285877,1.2215864061078359,0.0008464319363056714,0.001964227099411721,0.0006581365706071615,0.001527269508216712,0.0,1.0,1.0,0.05,2.0,2.0,0.0,0.5,1.0,0.0,1.0
heat,64,64,16,0,10,3,0.0014328956604003906,0.0014891624450683594,0.02411508560180664,false,0.4302900561975142,1.2203915199102153,0.0002056740600897474,0.0004779893402773353,0.00016125998597565447,0.0003747704220746202,0.0,1.0,1.0,0.05,2.0,2.0,0.0,0.5,1.0,0.0,1.0
poisson_2d,128,32,128,0,1,7,0.001962900161743164,0.026211023330688477,0.041552066802978516,false,0.5200628644204152,1.0483156952096555,0.000025668660216811193,0.00004935684120691383,0.000025298111418601268,0.00004864433350147925,0.0,1.0,1.0,0.05,2.0,2.0,0.0,0.5,1.0,0.0,1.0
wave,256,256,16,10000,100,9,12.390563011169434,0.0008602142333984375,0.21314668655395508,false,0.2647642976850772,0.5295326353989585,0.00008830623154264461,0.0003335277162167841,0.000015783443300198566,0.00005961318590987713,0.0,1.0,1.0,0.05,2.0,2.0,0.0,0.5,1.0,0.0,1.0
poisson_2d,256,32,256,10000,10,0,10.6875901222229,0.13606810569763184,0.1671009063720703,false,0.06928698883556568,0.1391174050345475,4.284247262402506e-6,0.00006183335911118936,6.299580846651019e-6,0.00009092011288874737,0.0,1.0,1.0,0.05,2.0,2.0,0.0,0.5,1.0,0.0,1.0
drift_diffusion,8,8,16,10000,10,7,11.723608016967773,0.00013589859008789062,0.004589080810546875,true,0.6695128252329604,1.80021093682408,0.6492508490810892,0.9697362389662647,0.26151842143576154,0.39061002505032644,0.0,1.0,1.0,0.05,2.0,2.0,0.0,0.5,1.0,0.0,1.0
poisson_1d,64,32,16,10000,100,6,7.740281105041504,0.000031948089599609375,0.0004329681396484375,false,4.002366535750664e-6,5.7049464049784e-6,2.234838605837044e-7,0.05583792953041096,0.00014539741646764722,36.32786132036366,0.0,1.0,1.0,0.05,2.0,2.0,0.0,0.5,1.0,0.0,1.0
poisson_2d,256,32,256,0,10000,3,0.006891965866088867,0.13272500038146973,0.18021583557128906,false,0.4999278263033429,1.0037766551659275,6.312033121207237e-6,0.000012625888756544752,6.299580846651019e-6,0.000012600980612006582,0.0,1.0,1.0,0.05,2.0,2.0,0.0,0.5,1.0,0.0,1.0
poisson_2d,8,32,8,0,1000,0,0.002732992172241211,0.000053882598876953125,0.0008251667022705078,false,0.4339514756439407,0.9918890871861497,0.00738254208657274,0.0170123677436925,0.007418007097193637,0.017094093495559733,0.0,1.0,1.0,0.05,2.0,2.0,0.0,0.5,1.0,0.0,1.0
wave,64,64,16,0,1,9,0.0023207664489746094,0.00019311904907226562,0.034750938415527344,false,0.8644244746091323,1.7290600290004094,0.0005132465530857141,0.0005937436620102517,0.0002556346352812184,0.0002957281321735007,0.0,1.0,1.0,0.05,2.0,2.0,0.0,0.5,1.0,0.0,1.0
drift_diffusion,32,32,16,10000,100,4,13.016759872436523,0.0006210803985595703,0.01745295524597168,false,0.10100655305593395,0.28220367555986225,0.02070944981792286,0.20503075485067448,0.015825675346876712,0.156679689268408,0.0,1.0,1.0,0.05,2.0,2.0,0.0,0.5,1.0,0.0,1.0
heat,8,8,16,0,1,2,0.0024073123931884766,0.00012683868408203125,0.003509998321533203,false,0.4115326042369817,1.1617839446116025,0.016221976957046684,0.03941844896377938,0.012171854008336707,0.029576888642649377,0.0,1.0,1.0,0.05,2.0,2.0,0.0,0.5,1.0,0.0,1.0
wave,128,128,16,10000,1000,7,27.49932074546814,0.0004329681396484375,0.09428572654724121,false,0.0021378867763338495,0.004275904044894627,3.1332395984534847e-6,0.0014655778936180927,0.00006338688741085187,0.029649319184034507,0.0,1.0,1.0,0.05,2.0,2.0,0.0,0.5,1.0,0.0,1.0
heat,256,256,16,0,100,5,0.0015869140625,0.013626813888549805,0.1624143123626709,false,0.4366673459015698,1.2388881373141782,0.000012591764035041023,0.000028836055989126695,9.934186103617024e-6,0.000022750009124465903,0.0,1.0,1.0,0.05,2.0,2.0,0.0,0.5,1.0,0.0,1.0
poisson_2d,64,32,64,0,1,1,0.002252817153930664,0.004414081573486328,0.009219169616699219,false,0.47414746781086364,0.9633472361871512,0.00010034835407670289,0.00021163954442277356,0.00010200512199543541,0.00021513374829647936,0.0,1.0,1.0,0.05,2.0,2.0,0.0,0.5,1.0,0.0,1.0
heat,16,16,16,0,10000,5,0.006636857986450195,0.00028896331787109375,0.006677150726318359,false,0.423610059590164,1.1994590814675685,0.003586653019608964,0.008466874047039849,0.002749210983530936,0.006489956792316861,0.0,1.0,1.0,0.05,2.0,2.0,0.0,0.5,1.0,0.0,1.0
heat,256,256,16,0,100,3,0.0014603137969970703,0.013052940368652344,0.1651930809020996,false,0.4328711140033945,1.2281176807886676,0.00001258978932823484,0.00002908438313612238,9.934186103617024e-6,0.0000229495241937976,0.0,1.0,1.0,0.05,2.0,2.0,0.0,0.5,1.0,0.0,1.0
drift_diffusion,32,32,16,0,10,9,0.0018732547760009766,0.0006129741668701172,0.017136096954345703,false,0.835912745245843,2.3354687593891033,0.020685253150578408,0.02474570853025437,0.015825675346876712,0.01893220965571276,0.0,1.0,1.0,0.05,2.0,2.0,0.0,0.5,1.0,0.0,1.0
wave,64,64,16,10000,100,0,14.675817966461182,0.0001900196075439453,0.03290891647338867,false,0.08271739896306994,0.16545499630212943,0.0012078147730021451,0.014601701554244778,0.0002556346352812184,0.0030904578539195714,0.0,1.0,1.0,0.05,2.0,2.0,0.0,0.5,1.0,0.0,1.0
wave,256,256,16,10000,100,0,14.675817966461182,0.0008530616760253906,0.19356298446655273,false,0.08221248282706008,0.16442622013141026,0.0000638441967305573,0.000776575460746735,0.000015783443300198566,0.0001919835377481564,0.0,1.0,1.0,0.05,2.0,2.0,0.0,0.5,1.0,0.0,1.0
wave,8,8,16,10000,1000,7,27.49932074546814,0.000027894973754882812,0.003251791000366211,false,0.002098622566965327,0.004230425453697714,0.000713652335836076,0.3400574963167413,0.018958173771005418,9.033627136878936,0.0,1.0,1.0,0.05,2.0,2.0,0.0,0.5,1.0,0.0,1.0
poisson_1d,128,32,16,10000,1,2,5.809880971908569,0.00003886222839355469,0.0005462169647216797,false,0.09518486062090006,0.13514064907171386,8.21154592048398e-6,0.00008626945363915292,0.00003591751011898671,0.00037734477819994984,0.0,1.0,1.0,0.05,2.0,2.0,0.0,0.5,1.0,0.0,1.0
heat,16,16,16,0,1,1,0.0024793148040771484,0.00030612945556640625,0.0066568851470947266,false,0.42662719686357026,1.208002156922676,0.0035871305534621607,0.00840811504712691,0.002749210983530936,0.0064440593655122665,0.0,1.0,1.0,0.05,2.0,2.0,0.0,0.5,1.0,0.0,1.0
heat,8,8,16,0,10000,9,0.0074422359466552734,0.00013017654418945312,0.003720998764038086,false,0.4095528586159714,1.1561949908975477,0.016224550152005947,0.0396152775171308,0.012171854008336707,0.02971986094656949,0.0,1.0,1.0,0.05,2.0,2.0,0.0,0.5,1.0,0.0,1.0
poisson_2d,128,32,128,0,1000,3,0.002557992935180664,0.02542400360107422,0.0334930419921875,false,0.49796732502108165,1.003776655160605,0.000025348118285287407,0.00005090317579414328,0.000025298111418601268,0.00005080275381026306,0.0,1.0,1.0,0.05,2.0,2.0,0.0,0.5,1.0,0.0,1.0
wave,256,256,16,10000,100,4,12.407609224319458,0.0009388923645019531,0.19170475006103516,false,0.025103934949730483,0.05020825295949277,0.00001935906091221738,0.0007711564322877255,0.000015783443300198566,0.0006287238766274749,0.0,1.0,1.0,0.05,2.0,2.0,0.0,0.5,1.0,0.0,1.0
drift_diffusion,16,16,16,10000,1,7,10.67147707939148,0.0003368854522705078,0.010061025619506836,true,0.6654827935297796,1.8329083490586613,0.08532627260734521,0.12821709807817436,0.06769679643284385,0.10172584038390241,0.0,1.0,1.0,0.05,2.0,2.0,0.0,0.5,1.0,0.0,1.0
poisson_1d,64,32,16,0,1,9,0.0014951229095458984,0.000030994415283203125,0.0003662109375,false,0.7132504397082184,1.0166623909920063,0.00014721178758554668,0.00020639564925577767,0.00014539741646764722,0.0002038518427372122,0.0,1.0,1.0,0.05,2.0,2.0,0.0,0.5,1.0,0.0,1.0
wave,256,256,16,0,1,2,0.002025127410888672,0.000978231430053711,0.2235410213470459,false,0.8685480065398609,1.737109266222214,0.00003121341066423258,0.000035937461636209604,0.000015783443300198566,0.00001817221751861128,0.0,1.0,1.0,0.05,2.0,2.0,0.0,0.5,1.0,0.0,1.0
wave,32,32,16,10000,1,0,10.029694318771362,0.00009894371032714844,0.016569852828979492,false,0.8584939347649708,1.717826857055959,0.0021302931443662482,0.002481430628801654,0.0010402908397117996,0.0012117625967813029,0.0,1.0,1.0,0.05,2.0,2.0,0.0,0.5,1.0,0.0,1.0
poisson_2d,64,32,64,10000,10,9,10.495101928710938,0.004687070846557617,0.008310079574584961,false,0.09104952462626364,0.1849895103517737,0.0000702648030494834,0.0007717207018697067,0.00010200512199543541,0.0011203256954294021,0.0,1.0,1.0,0.05,2.0,2.0,0.0,0.5,1.0,0.0,1.0
poisson_1d,64,32,16,10000,10000,4,82.76934385299683,0.00003600120544433594,0.0005919933319091797,false,4.670525840437153e-6,6.657336194662949e-6,2.2002827862801034e-7,0.047109958522936916,0.00014539741646764722,31.130845097931243,0.0,1.0,1.0,0.05,2.0,2.0,0.0,0.5,1.0,0.0,1.0
poisson_1d,32,32,16,0,10000,1,0.003793954849243164,0.000025033950805664062,0.00040912628173828125,false,0.7262231157763497,1.0434681763826943,0.00061373528032508,0.0008451056803238526,0.000595948894502332,0.0008206140531140329,0.0,1.0,1.0,0.05,2.0,2.0,0.0,0.5,1.0,0.0,1.0
heat,8,8,16,0,1,1,0.0024793148040771484,0.0001270771026611328,0.0038542747497558594,false,0.41280660707779604,1.165380539463648,0.016214461605863723,0.0392785903322715,0.012171854008336707,0.029485608514116735,0.0,1.0,1.0,0.05,2.0,2.0,0.0,0.5,1.0,0.0,1.0
wave,32,32,16,0,0,0,0.002106904983520508,0.00009298324584960938,0.015098333358764648,false,0.8585523740768571,1.7179437927912053,0.002130498523585927,0.0024815009403202763,0.0010402908397117996,0.0012116801154156184,0.0,1.0,1.0,0.05,2.0,2.0,0.0,0.5,1.0,0.0,1.0
wave,128,128,16,0,10000,1,0.007091999053955078,0.00041484832763671875,0.08897089958190918,false,0.8657668740771844,1.7315865927898517,0.00012603987852110687,0.00014558177529655657,0.00006338688741085187,0.00007321472940208708,0.0,1.0,1.0,0.05,2.0,2.0,0.0,0.5,1.0,0.0,1.0
heat,64,64,16,10000,1000,8,19.306674003601074,0.0014581680297851562,0.023514986038208008,false,0.0000833581339700222,0.00023642089410929421,5.585428077261798e-6,0.06700519566889256,0.00016125998597565447,1.934544096601951,0.0,1.0,1.0,0.05,2.0,2.0,0.0,0.5,1.0,0.0,1.0
drift_diffusion,64,64,16,10000,10000,0,116.79411101341248,0.0017769336700439453,0.04094505310058594,false,0.0077792854276187255,0.021900049743448995,0.0005974200148495079,0.07679625852632756,0.003851464283566381,0.4950922959957882,0.0,1.0,1.0,0.05,2.0,2.0,0.0,0.5,1.0,0.0,1.0
poisson_2d,128,32,128,0,1000,4,0.002780914306640625,0.02362799644470215,0.03158283233642578,false,0.5015370078848617,1.010972236366335,0.000025370388774851667,0.0000505852776086186,0.000025298111418601268,0.00005044116589778949,0.0,1.0,1.0,0.05,2.0,2.0,0.0,0.5,1.0,0.0,1.0
poisson_2d,16,32,16,0,100,2,0.001967191696166992,0.0001709461212158203,0.001157999038696289,false,0.47847644933626304,1.0207497585840275,0.001725929516403736,0.0036071357718816146,0.00171723760469867,0.003588969963058373,0.0,1.0,1.0,0.05,2.0,2.0,0.0,0.5,1.0,0.0,1.0
drift_diffusion,256,256,16,0,10,7,0.0019762516021728516,0.012735843658447266,0.22974514961242676,false,0.864175224770329,2.4471486276126204,0.0003114665225119129,0.0003604205647005108,0.00023700549940490983,0.0002742562996617943,0.0,1.0,1.0,0.05,2.0,2.0,0.0,0.5,1.0,0.0,1.0
poisson_1d,32,32,16,10000,10000,6,84.3865258693695,0.000026941299438476562,0.0005428791046142578,false,4.9476717063513846e-6,7.109024569188553e-6,6.497615835319754e-7,0.13132673752074864,0.000595948894502332,120.45037137877607,0.0,1.0,1.0,0.05,2.0,2.0,0.0,0.5,1.0,0.0,1.0
wave,8,8,16,10000,1,2,9.389732837677002,0.000030040740966796875,0.0036020278930664062,false,0.8305636373919666,1.6742589200399014,0.04338088818935538,0.05223066148859428,0.018958173771005418,0.02282567273295943,0.0,1.0,1.0,0.05,2.0,2.0,0.0,0.5,1.0,0.0,1.0
heat,16,16,16,0,1000,4,0.0026540756225585938,0.00034928321838378906,0.006273031234741211,false,0.42392204704533065,1.2003424792479838,0.0035871236082081026,0.008461752893509039,0.002749210983530936,0.006485180477619646,0.0,1.0,1.0,0.05,2.0,2.0,0.0,0.5,1.0,0.0,1.0
wave,8,8,16,10000,100,6,12.876085996627808,0.000026226043701171875,0.0032749176025390625,false,0.1312064180126426,0.2644872780777431,0.42248649670040783,3.220013952821257,0.018958173771005418,0.14449120750464095,0.0,1.0,1.0,0.05,2.0,2.0,0.0,0.5,1.0,0.0,1.0
poisson_1d,16,32,16,10000,1000,3,17.24406623840332,0.00002574920654296875,0.0003921985626220703,false,3.420742249440665e-6,4.996313849145642e-6,2.0801136162120027e-6,0.6080883809621491,0.0025081860605056672,733.228602898235,0.0,1.0,1.0,0.05,2.0,2.0,0.0,0.5,1.0,0.0,1.0
poisson_1d,8,32,16,0,10000,2,0.0039899349212646484,0.00002193450927734375,0.0004417896270751953,false,0.6092649612217189,0.9211220399646168,0.010734827701249469,0.017619309142156515,0.011214972573078455,0.018407381495548023,0.0,1.0,1.0,0.05,2.0,2.0,0.0,0.5,1.0,0.0,1.0
poisson_1d,8,32,16,0,10,5,0.0011930465698242188,0.00002288818359375,0.00044727325439453125,false,0.6699407314469691,1.0128551820350793,0.011256458224247503,0.016802170245620505,0.011214972573078455,0.01674024588541711,0.0,1.0,1.0,0.05,2.0,2.0,0.0,0.5,1.0,0.0,1.0
poisson_1d,128,32,16,0,1000,4,0.001767873764038086,0.00004124641418457031,0.0006349086761474609,false,0.7058961756610149,1.0022105063115871,0.000035503246612645156,0.00005029528114300835,0.00003591751011898671,0.00005088214295162153,0.0,1.0,1.0,0.05,2.0,2.0,0.0,0.5,1.0,0.0,1.0
poisson_2d,32,32,32,10000,10,4,10.305903196334839,0.0007317066192626953,0.0023849010467529297,false,0.0865707757338106,0.17872676280528632,0.00030122963414913194,0.00347957646903105,0.00041476287710914914,0.004791026458911136,0.0,1.0,1.0,0.05,2.0,2.0,0.0,0.5,1.0,0.0,1.0
poisson_1d,8,32,16,10000,10000,2,83.28573513031006,0.000022172927856445312,0.00040221214294433594,false,6.698419386953031e-6,0.000010127058214337972,9.533596258384984e-6,1.4232605794751958,0.011214972573078455,1674.2714848155365,0.0,1.0,1.0,0.05,2.0,2.0,0.0,0.5,1.0,0.0,1.0
poisson_2d,32,32,32,0,100,8,0.0019290447235107422,0.0007379055023193359,0.0020711421966552734,false,0.48621475533074626,1.0037982045537983,0.00041490729261738746,0.0008533416315906493,0.00041476287710914914,0.000853044611587338,0.0,1.0,1.0,0.05,2.0,2.0,0.0,0.5,1.0,0.0,1.0
wave,256,256,16,10000,1,2,9.389732837677002,0.0009777545928955078,0.21623611450195312,false,0.8686027120390384,1.7372186780553185,0.00003121322485065789,0.000035934984335226256,0.000015783443300198566,0.00001817107301351506,0.0,1.0,1.0,0.05,2.0,2.0,0.0,0.5,1.0,0.0,1.0
drift_diffusion,64,64,16,10000,100,4,13.016759872436523,0.001638174057006836,0.04013705253601074,false,0.10267576855740487,0.28905025529347766,0.006636865243623869,0.06463906077229181,0.003851464283566381,0.037510936978407586,0.0,1.0,1.0,0.05,2.0,2.0,0.0,0.5,1.0,0.0,1.0
heat,256,256,16,10000,10,3,7.890196800231934,0.011660099029541016,0.14896178245544434,false,0.1007763289736608,0.28591695637274045,8.15907926469668e-6,0.00008096225917128966,9.934186103617024e-6,0.0000985765824652478,0.0,1.0,1.0,0.05,2.0,2.0,0.0,0.5,1.0,0.0,1.0
poisson_1d,128,32,16,10000,100,3,7.830432891845703,0.0000591278076171875,0.0007560253143310547,false,5.189800858885882e-6,7.368325719529159e-6,5.428595769414192e-8,0.0104601234554402,0.00003591751011898671,6.920787732499857,0.0,1.0,1.0,0.05,2.0,2.0,0.0,0.5,1.0,0.0,1.0
poisson_2d,8,32,8,0,10000,2,0.00649714469909668,0.00004601478576660156,0.0007700920104980469,false,0.44657571350806974,1.0207444880184446,0.007455497724026479,0.016694812320759478,0.007418007097193637,0.016610860986867326,0.0,1.0,1.0,0.05,2.0,2.0,0.0,0.5,1.0,0.0,1.0
wave,32,32,16,10000,1000,8,28.285916090011597,0.00009799003601074219,0.015699386596679688,false,0.0030898888173889745,0.006182797316186974,0.00004343868694864589,0.014058333330372434,0.0010402908397117996,0.33667581624857135,0.0,1.0,1.0,0.05,2.0,2.0,0.0,0.5,1.0,0.0,1.0
drift_diffusion,16,16,16,10000,1,8,10.438159942626953,0.0003151893615722656,0.009184122085571289,true,0.5885081633760527,1.6209007004068783,0.08588266319638377,0.1459328324414513,0.06769679643284385,0.11503119352583396,0.0,1.0,1.0,0.05,2.0,2.0,0.0,0.5,1.0,0.0,1.0
heat,64,64,16,0,1,2,0.0024073123931884766,0.0015120506286621094,0.02569127082824707,false,0.43603322351733187,1.2366803292693462,0.00020583400598953448,0.00047206037266871875,0.00016125998597565447,0.000369834171522126,0.0,1.0,1.0,0.05,2.0,2.0,0.0,0.5,1.0,0.0,1.0
drift_diffusion,128,128,16,0,1000,9,0.0025930404663085938,0.004384756088256836,0.09966111183166504,false,0.8534444757491265,2.4119851287944254,0.00125043488500692,0.001465162550743946,0.0009525133211054325,0.0011160811841559421,0.0,1.0,1.0,0.05,2.0,2.0,0.0,0.5,1.0,0.0,1.0
poisson_1d,128,32,16,10000,1,3,5.911823272705078,0.000041961669921875,0.0008218288421630859,false,0.11639940328907757,0.16526042912114297,0.000011130324575299114,0.0000956218353427206,0.00003591751011898671,0.00030857125641602865,0.0,1.0,1.0,0.05,2.0,2.0,0.0,0.5,1.0,0.0,1.0
poisson_1d,256,32,16,10000,1,9,5.765926837921143,0.00005078315734863281,0.0005717277526855469,false,0.10184313525628229,0.14431007451685898,2.2919147208755344e-6,0.000022504361389779125,8.926404123405047e-6,0.00008764855972807853,0.0,1.0,1.0,0.05,2.0,2.0,0.0,0.5,1.0,0.0,1.0
wave,16,16,16,0,10,8,0.0017621517181396484,0.00004887580871582031,0.00728607177734375,false,0.8517249237426413,1.7067866770249231,0.009202382551520564,0.010804406792610393,0.004322163832073661,0.005074600627020811,0.0,1.0,1.0,0.05,2.0,2.0,0.0,0.5,1.0,0.0,1.0
poisson_1d,8,32,16,0,100,2,0.0012001991271972656,0.0000209808349609375,0.0003559589385986328,false,0.6092649612217189,0.9211220399646168,0.010734827701249469,0.017619309142156515,0.011214972573078455,0.018407381495548023,0.0,1.0,1.0,0.05,2.0,2.0,0.0,0.5,1.0,0.0,1.0
heat,32,32,16,0,1,2,0.0024073123931884766,0.0006890296936035156,0.011941909790039062,false,0.4325832218824425,1.2262909395442572,0.0008468495516664562,0.001957656952068736,0.0006581365706071615,0.0015214103028388245,0.0,1.0,1.0,0.05,2.0,2.0,0.0,0.5,1.0,0.0,1.0
poisson_2d,16,32,16,10000,100,8,12.465276002883911,0.00011301040649414062,0.0010170936584472656,false,0.00022399998945211918,0.00047786664416452074,8.418192805698929e-6,0.03758121965222052,0.00171723760469867,7.66623966768074,0.0,1.0,1.0,0.05,2.0,2.0,0.0,0.5,1.0,0.0,1.0
drift_diffusion,16,16,16,0,10000,8,0.006031036376953125,0.00036597251892089844,0.010542154312133789,true,0.8147342938784675,2.2439848243009926,0.08758418555352415,0.10750030557396534,0.06769679643284385,0.0830906430985978,0.0,1.0,1.0,0.05,2.0,2.0,0.0,0.5,1.0,0.0,1.0
heat,128,128,16,10000,10,0,7.372603893280029,0.004194974899291992,0.07732796669006348,false,0.14183134439153575,0.402353133163755,0.000040859119990063854,0.0002880824416164966,0.00003992627534176886,0.0002815053013355739,0.0,1.0,1.0,0.05,2.0,2.0,0.0,0.5,1.0,0.0,1.0
poisson_1d,64,32,16,10000,1000,3,17.24406623840332,0.00003695487976074219,0.00049591064453125,false,3.481927616874761e-6,4.963116262053955e-6,1.7769024984995339e-7,0.05103214925654826,0.00014539741646764722,41.75773665104916,0.0,1.0,1.0,0.05,2.0,2.0,0.0,0.5,1.0,0.0,1.0
poisson_1d,8,32,16,10000,0,1,0.0019588470458984375,0.000022172927856445312,0.0003559589385986328,false,0.6901872614759494,1.0434650582457556,0.01155048862603169,0.016735296738643417,0.011214972573078455,0.016249173520090032,0.0,1.0,1.0,0.05,2.0,2.0,0.0,0.5,1.0,0.0,1.0
drift_diffusion,32,32,16,0,1,8,0.0022280216217041016,0.0006718635559082031,0.01884913444519043,false,0.838245160544792,2.34198532836786,0.020692177524995133,0.024685114211153783,0.015825675346876712,0.01887953082436085,0.0,1.0,1.0,0.05,2.0,2.0,0.0,0.5,1.0,0.0,1.0
poisson_1d,128,32,16,10000,10,1,6.621852159500122,0.00004792213439941406,0.0006399154663085938,false,0.0002128369547238297,0.00030217961154958866,1.025090547425311e-6,0.004816318429076161,0.00003591751011898671,0.1687559858464205,0.0,1.0,1.0,0.05,2.0,2.0,0.0,0.5,1.0,0.0,1.0
poisson_1d,256,32,16,0,1,3,0.0012662410736083984,0.000054836273193359375,0.0007328987121582031,false,0.6961938600756675,0.986495433127407,8.737835464291136e-6,0.000012550865449088335,8.926404123405047e-6,0.000012821721987658521,0.0,1.0,1.0,0.05,2.0,2.0,0.0,0.5,1.0,0.0,1.0
drift_diffusion,32,32,16,0,10000,1,0.0058498382568359375,0.0007269382476806641,0.01965188980102539,false,0.8398415723255136,2.3464455664276342,0.02068028218755733,0.024624027755965706,0.015825675346876712,0.018843643692292536,0.0,1.0,1.0,0.05,2.0,2.0,0.0,0.5,1.0,0.0,1.0
wave,256,256,16,10000,1000,3,28.13703417778015,0.0008561611175537109,0.19780492782592773,false,0.00033578955627076607,0.0006715842363421778,4.3973203824477576e-7,0.0013095465002790736,0.000015783443300198566,0.04700397318928759,0.0,1.0,1.0,0.05,2.0,2.0,0.0,0.5,1.0,0.0,1.0
heat,8,8,16,0,10,4,0.0014121532440185547,0.0001468658447265625,0.003278017044067383,false,0.4097007689585443,1.1566125516435835,0.016214072381377696,0.039575401390126067,0.012171854008336707,0.0297091314699688,0.0,1.0,1.0,0.05,2.0,2.0,0.0,0.5,1.0,0.0,1.0
wave,32,32,16,0,100,0,0.0024492740631103516,0.00009179115295410156,0.014806032180786133,false,0.8585523740768571,1.7179437927912053,0.002130498523585927,0.0024815009403202763,0.0010402908397117996,0.0012116801154156184,0.0,1.0,1.0,0.05,2.0,2.0,0.0,0.5,1.0,0.0,1.0
heat,64,64,16,0,10000,2,0.006754875183105469,0.0017137527465820312,0.027495384216308594,false,0.43603322351733187,1.2366803292693462,0.00020583400598953448,0.00047206037266871875,0.00016125998597565447,0.000369834171522126,0.0,1.0,1.0,0.05,2.0,2.0,0.0,0.5,1.0,0.0,1.0
wave,8,8,16,0,10,4,0.002064228057861328,0.000030040740966796875,0.0035898685455322266,false,0.8298967582848009,1.6729146181182974,0.043365711034681315,0.05225434441304231,0.018958173771005418,0.02284401473044364,0.0,1.0,1.0,0.05,2.0,2.0,0.0,0.5,1.0,0.0,1.0
wave,16,16,16,10000,10,6,10.830904006958008,0.0000591278076171875,0.008294820785522461,false,0.27956510992125294,0.5602254808722511,0.005873800881894652,0.02101049334643069,0.004322163832073661,0.015460312029963659,0.0,1.0,1.0,0.05,2.0,2.0,0.0,0.5,1.0,0.0,1.0
wave,16,16,16,10000,100,2,13.22167420387268,0.000048160552978515625,0.007176876068115234,false,0.0989982362433945,0.19838432099263956,0.15484874805355978,1.5641566347995584,0.004322163832073661,0.04365899834263003,0.0,1.0,1.0,0.05,2.0,2.0,0.0,0.5,1.0,0.0,1.0
drift_diffusion,256,256,16,10000,100,1,12.603092908859253,0.013279914855957031,0.23639917373657227,false,0.10629650102098745,0.30100763032481714,0.0005107735556436423,0.004805177505727996,0.00023700549940490983,0.002229664167008796,0.0,1.0,1.0,0.05,2.0,2.0,0.0,0.5,1.0,0.0,1.0
wave,128,128,16,0,100,5,0.001981019973754883,0.0004601478576660156,0.09690403938293457,false,0.8661202711810707,1.732293408568259,0.00012596166615288465,0.00014543207259324283,0.00006338688741085187,0.00007318485609904427,0.0,1.0,1.0,0.05,2.0,2.0,0.0,0.5,1.0,0.0,1.0
heat,32,32,16,10000,1,1,6.849575042724609,0.0006058216094970703,0.012701034545898438,false,0.4302381104408459,1.2196429958248103,0.0008464020189216135,0.001967287412206098,0.0006581365706071615,0.0015297030984372769,0.0,1.0,1.0,0.05,2.0,2.0,0.0,0.5,1.0,0.0,1.0
poisson_2d,32,32,32,10000,1,1,9.617444038391113,0.0007359981536865234,0.0025353431701660156,false,0.28000243781333906,0.5780695490339901,0.00036624213646367653,0.0013079962421892492,0.00041476287710914914,0.001481283092919522,0.0,1.0,1.0,0.05,2.0,2.0,0.0,0.5,1.0,0.0,1.0
heat,64,64,16,0,10,1,0.0014309883117675781,0.0014600753784179688,0.02402782440185547,false,0.4368275045089558,1.238933074301778,0.00020572587534186074,0.00047095449168916263,0.00016125998597565447,0.0003691617041306251,0.0,1.0,1.0,0.05,2.0,2.0,0.0,0.5,1.0,0.0,1.0
poisson_1d,8,32,16,10000,1000,8,17.064255952835083,0.000023126602172851562,0.0003609657287597656,false,0.00012273092089993873,0.00018555171135952993,6.046690594334279e-6,0.04926786623934125,0.011214972573078455,91.37854169783971,0.0,1.0,1.0,0.05,2.0,2.0,0.0,0.5,1.0,0.0,1.0
wave,64,64,16,0,100,0,0.0024492740631103516,0.000202178955078125,0.033308982849121094,false,0.8632045774276179,1.7266199367563755,0.0005131829017622218,0.0005945090134849911,0.0002556346352812184,0.0002961460608133233,0.0,1.0,1.0,0.05,2.0,2.0,0.0,0.5,1.0,0.0,1.0
heat,16,16,16,10000,1000,8,19.306674003601074,0.00026798248291015625,0.005718708038330078,false,0.00007576980161172992,0.00021454348070041842,0.00008570915799037576,1.1311783344697846,0.002749210983530936,36.28372946804314,0.0,1.0,1.0,0.05,2.0,2.0,0.0,0.5,1.0,0.0,1.0
poisson_1d,256,32,16,10000,10000,1,84.49351096153259,0.00008320808410644531,0.0009450912475585938,false,5.688546720537118e-6,8.060578644476741e-6,1.8963067371181455e-8,0.003333552188713955,8.926404123405047e-6,1.569188856447555,0.0,1.0,1.0,0.05,2.0,2.0,0.0,0.5,1.0,0.0,1.0
drift_diffusion,512,512,16,10000,10000,0,116.79411101341248,0.0396728515625,0.4694368839263916,false,0.007880722966814697,0.022338667976035127,9.248513732114266e-6,0.0011735615845220222,0.00005912145529867017,0.0075020344640493895,0.0,1.0,1.0,0.05,2.0,2.0,0.0,0.5,1.0,0.0,1.0
wave,32,32,16,0,1000,7,0.0028791427612304688,0.00009512901306152344,0.014637947082519531,false,0.8673636784800858,1.7355750126945881,0.002130982914588507,0.0024568505316278737,0.0010402908397117996,0.0011993709968749677,0.0,1.0,1.0,0.05,2.0,2.0,0.0,0.5,1.0,0.0,1.0
poisson_2d,8,32,8,10000,10000,4,141.3628957271576,0.000049114227294921875,0.0009589195251464844,false,8.5947261025642e-6,0.000019645088234432445,0.000026217140354917023,3.0503753164152854,0.007418007097193637,863.0882483729408,0.0,1.0,1.0,0.05,2.0,2.0,0.0,0.5,1.0,0.0,1.0
heat,16,16,16,10000,100,9,9.077844142913818,0.0002639293670654297,0.0054988861083984375,false,0.0017388191878116108,0.004923496075302187,0.0002856754219165665,0.1642927705876576,0.002749210983530936,1.5810792765582458,0.0,1.0,1.0,0.05,2.0,2.0,0.0,0.5,1.0,0.0,1.0
drift_diffusion,8,8,16,0,1,5,0.002165079116821289,0.00015163421630859375,0.005087137222290039,true,0.7635759491012499,2.053131355907333,0.3606507081840155,0.47231805638785684,0.26151842143576154,0.34249169548042463,0.0,1.0,1.0,0.05,2.0,2.0,0.0,0.5,1.0,0.0,1.0
heat,8,8,16,10000,10,5,7.720088005065918,0.00012087821960449219,0.002752065658569336,false,0.08284350229166362,0.2338727232956389,0.011509577273560142,0.13893156319054265,0.012171854008336707,0.1469258743490076,0.0,1.0,1.0,0.05,2.0,2.0,0.0,0.5,1.0,0.0,1.0
heat,32,32,16,0,10,5,0.001634836196899414,0.0005738735198974609,0.012156963348388672,false,0.4306013292264639,1.2206726518154825,0.0008463228874457013,0.00196544420558581,0.0006581365706071615,0.001528412770553783,0.0,1.0,1.0,0.05,2.0,2.0,0.0,0.5,1.0,0.0,1.0
poisson_2d,16,32,16,0,1,9,0.0019466876983642578,0.00016689300537109375,0.0012199878692626953,false,0.4743051363608075,1.0118509575697223,0.001727734839886519,0.0036426652537285987,0.00171723760469867,0.003620533435236413,0.0,1.0,1.0,0.05,2.0,2.0,0.0,0.5,1.0,0.0,1.0
poisson_2d,128,32,128,10000,1000,8,27.736825704574585,0.023479938507080078,0.03246307373046875,false,8.475715436777735e-6,0.000017084906707205507,7.254375859634171e-8,0.008559012998561124,0.000025298111418601268,2.9847759291834515,0.0,1.0,1.0,0.05,2.0,2.0,0.0,0.5,1.0,0.0,1.0
wave,64,64,16,10000,1000,5,28.86086130142212,0.00019884109497070312,0.03433513641357422,false,0.0002844605644919769,0.0005689905900829225,0.000010705968215341587,0.03763603659599635,0.0002556346352812184,0.8986645855029883,0.0,1.0,1.0,0.05,2.0,2.0,0.0,0.5,1.0,0.0,1.0
poisson_2d,8,32,8,0,1,6,0.0021669864654541016,0.00004410743713378906,0.0007159709930419922,false,0.4389197244415656,1.0032450844378638,0.007415027946661781,0.016893813455514824,0.007418007097193637,0.01690060091656057,0.0,1.0,1.0,0.05,2.0,2.0,0.0,0.5,1.0,0.0,1.0
drift_diffusion,8,8,16,10000,1,8,10.438159942626953,0.00014209747314453125,0.00445103645324707,true,0.5543353621404349,1.4905174986697476,0.35771638829757,0.6453068173683395,0.26151842143576154,0.4717693282744401,0.0,1.0,1.0,0.05,2.0,2.0,0.0,0.5,1.0,0.0,1.0
drift_diffusion,16,16,16,10000,1,0,10.739435195922852,0.0003368854522705078,0.010348081588745117,true,0.66567304316296,1.8334323447869538,0.08547176772514646,0.12839902201691308,0.06769679643284385,0.10169676709632258,0.0,1.0,1.0,0.05,2.0,2.0,0.0,0.5,1.0,0.0,1.0
heat,8,8,16,0,10000,6,0.0068798065185546875,0.00013709068298339844,0.0035409927368164062,false,0.4130267179980919,1.1660019272482383,0.016215654180568154,0.039260545320564624,0.012171854008336707,0.029469894992102997,0.0,1.0,1.0,0.05,2.0,2.0,0.0,0.5,1.0,0.0,1.0
drift_diffusion,64,64,16,0,100,6,0.0019009113311767578,0.00185394287109375,0.04421687126159668,false,0.8519169591817627,2.3982953134912046,0.005054898288003975,0.0059335575299017795,0.003851464283566381,0.004520938622076007,0.0,1.0,1.0,0.05,2.0,2.0,0.0,0.5,1.0,0.0,1.0
wave,256,256,16,0,100,9,0.0020918846130371094,0.0009899139404296875,0.21950101852416992,false,0.8678367236477328,1.7356866895845182,0.000031208923494872035,0.00003596174561926026,0.000015783443300198566,0.000018187111550035404,0.0,1.0,1.0,0.05,2.0,2.0,0.0,0.5,1.0,0.0,1.0
drift_diffusion,16,16,16,0,100,0,0.0019059181213378906,0.0002930164337158203,0.008820056915283203,true,0.8130949398971672,2.239469627772093,0.08755592824651669,0.10768229385069097,0.06769679643284385,0.08325816963195652,0.0,1.0,1.0,0.05,2.0,2.0,0.0,0.5,1.0,0.0,1.0
poisson_2d,256,32,256,10000,10,3,10.674707174301147,0.13318991661071777,0.1576688289642334,false,0.09374618560223197,0.1882276354052657,4.4566559533412186e-6,0.000047539597741618484,6.299580846651019e-6,0.000067198263120596,0.0,1.0,1.0,0.05,2.0,2.0,0.0,0.5,1.0,0.0,1.0
poisson_2d,128,32,128,0,100,6,0.002140045166015625,0.025331974029541016,0.03279519081115723,false,0.49770434481974646,1.0032465533374413,0.00002528937744320452,0.000050812048772376234,0.000025298111418601268,0.00005082959729387831,0.0,1.0,1.0,0.05,2.0,2.0,0.0,0.5,1.0,0.0,1.0
wave,32,32,16,0,1000,5,0.003214120864868164,0.00010609626770019531,0.015408754348754883,false,0.8591836738669444,1.7192070093269896,0.0021304431281889457,0.0024796131409252917,0.0010402908397117996,0.0012107898128810369,0.0,1.0,1.0,0.05,2.0,2.0,0.0,0.5,1.0,0.0,1.0
heat,256,256,16,10000,10000,3,94.08532404899597,0.012943029403686523,0.1716289520263672,false,0.00008883769210438329,0.0002520453244958206,2.515476738374341e-7,0.0028315421965440664,9.934186103617024e-6,0.1118240002445503,0.0,1.0,1.0,0.05,2.0,2.0,0.0,0.5,1.0,0.0,1.0
poisson_1d,256,32,16,10000,100,1,7.605097055435181,0.000053882598876953125,0.0008192062377929688,false,8.013455163534499e-6,0.000011354936283894863,2.3366580829970982e-8,0.002915918333955347,8.926404123405047e-6,1.113927006656699,0.0,1.0,1.0,0.05,2.0,2.0,0.0,0.5,1.0,0.0,1.0
drift_diffusion,8,8,16,10000,10000,2,113.75466871261597,0.00014400482177734375,0.004581928253173828,true,0.0037266187313096267,0.01002027077695299,0.02877696439520939,7.722003904889856,0.26151842143576154,70.17579212989423,0.0,1.0,1.0,0.05,2.0,2.0,0.0,0.5,1.0,0.0,1.0
drift_diffusion,256,256,16,0,100,5,0.0020170211791992188,0.013345003128051758,0.2340700626373291,false,0.8560901915172072,2.4242536435139526,0.0003111963378156724,0.0003635088229011877,0.00023700549940490983,0.00027684641379300987,0.0,1.0,1.0,0.05,2.0,2.0,0.0,0.5,1.0,0.0,1.0
drift_diffusion,32,32,16,0,10000,2,0.005822181701660156,0.0006220340728759766,0.017939090728759766,false,0.8363603301896919,2.336719273464259,0.020686832172890766,0.0247343536346336,0.015825675346876712,0.018922077931753822,0.0,1.0,1.0,0.05,2.0,2.0,0.0,0.5,1.0,0.0,1.0
heat,64,64,16,10000,10,1,7.790333032608032,0.001466989517211914,0.023754119873046875,false,0.10638566206786826,0.3017317224920113,0.00016765244082571834,0.0015758931943175298,0.00016125998597565447,0.001515805634341771,0.0,1.0,1.0,0.05,2.0,2.0,0.0,0.5,1.0,0.0,1.0
drift_diffusion,256,256,16,0,10000,4,0.005850076675415039,0.01318812370300293,0.22819209098815918,false,0.8569674020929335,2.4267377053048778,0.0003112371937835202,0.0003631844023744653,0.00023700549940490983,0.0002765630277488756,0.0,1.0,1.0,0.05,2.0,2.0,0.0,0.5,1.0,0.0,1.0
drift_diffusion,128,128,16,10000,100,1,12.603092908859253,0.0049381256103515625,0.11036014556884766,false,0.10588216289099887,0.29924173107278984,0.0020694875161128986,0.019545194956428542,0.0009525133211054325,0.008995975290814593,0.0,1.0,1.0,0.05,2.0,2.0,0.0,0.5,1.0,0.0,1.0
wave,256,256,16,0,1,5,0.0021131038665771484,0.0008780956268310547,0.20914602279663086,false,0.8672555386307077,1.734524310682187,0.000031204858436319026,0.00003598115785525884,0.000015783443300198566,0.000018199299511097645,0.0,1.0,1.0,0.05,2.0,2.0,0.0,0.5,1.0,0.0,1.0
heat,64,64,16,10000,100,7,9.068209886550903,0.0018467903137207031,0.02717900276184082,false,0.00019823613168843434,0.0005622386354690007,8.992872249523231e-6,0.045364445789593484,0.00016125998597565447,0.8134742370226623,0.0,1.0,1.0,0.05,2.0,2.0,0.0,0.5,1.0,0.0,1.0
poisson_2d,256,32,256,0,10,0,0.001832723617553711,0.1413428783416748,0.16566228866577148,false,0.4940067326025895,0.9918880278138263,6.269645110606382e-6,0.000012691416324582935,6.299580846651019e-6,0.000012752014154671051,0.0,1.0,1.0,0.05,2.0,2.0,0.0,0.5,1.0,0.0,1.0
heat,32,32,16,10000,10,1,7.790333032608032,0.0006940364837646484,0.013073921203613281,false,0.10563005913802664,0.29944107379108587,0.0006886579294808707,0.0065195261188011056,0.0006581365706071615,0.006230580347845634,0.0,1.0,1.0,0.05,2.0,2.0,0.0,0.5,1.0,0.0,1.0
drift_diffusion,8,8,16,10000,100,4,13.016759872436523,0.00013327598571777344,0.004346132278442383,true,0.07519981147029091,0.20220004450074872,0.21008871755401826,2.7937399502260383,0.26151842143576154,3.4776473015371714,0.0,1.0,1.0,0.05,2.0,2.0,0.0,0.5,1.0,0.0,1.0
poisson_2d,256,32,256,10000,1000,8,27.736825704574585,0.1416780948638916,0.17056894302368164,false,8.509098029528533e-6,0.00001708493408281807,1.8142161675641557e-8,0.0021320898657496788,6.299580846651019e-6,0.7403347363863934,0.0,1.0,1.0,0.05,2.0,2.0,0.0,0.5,1.0,0.0,1.0
wave,16,16,16,0,1,8,0.001992940902709961,0.00004887580871582031,0.007084846496582031,false,0.8517249237426413,1.7067866770249231,0.009202382551520564,0.010804406792610393,0.004322163832073661,0.005074600627020811,0.0,1.0,1.0,0.05,2.0,2.0,0.0,0.5,1.0,0.0,1.0
wave,8,8,16,0,0,0,0.002106904983520508,0.00003314018249511719,0.0036568641662597656,false,0.8285386607812629,1.6701769508797912,0.043366596447309474,0.05234106566182118,0.018958173771005418,0.022881459451908955,0.0,1.0,1.0,0.05,2.0,2.0,0.0,0.5,1.0,0.0,1.0
poisson_1d,256,32,16,10000,10,3,6.66196608543396,0.000051975250244140625,0.0005710124969482422,false,0.00013385995525671762,0.00018967739032492838,2.1974351010594766e-7,0.0016415925859556563,8.926404123405047e-6,0.06668464893985102,0.0,1.0,1.0,0.05,2.0,2.0,0.0,0.5,1.0,0.0,1.0
poisson_2d,8,32,8,10000,100,3,12.48266887664795,0.00003981590270996094,0.0006389617919921875,false,0.000010278800013373573,0.000023494400030568155,0.0000158790724543753,1.5448371827023408,0.007418007097193637,721.6802630141674,0.0,1.0,1.0,0.05,2.0,2.0,0.0,0.5,1.0,0.0,1.0
wave,128,128,16,0,10000,3,0.007066011428833008,0.0003788471221923828,0.09058594703674316,false,0.863873754743484,1.7278002385703268,0.00012592720712679728,0.00014577038188200275,0.00006338688741085187,0.00007337517439648778,0.0,1.0,1.0,0.05,2.0,2.0,0.0,0.5,1.0,0.0,1.0
poisson_2d,128,32,128,10000,1000,4,28.352532863616943,0.024278879165649414,0.03272414207458496,false,0.00001084141485619686,0.000021853560655010986,7.871052807293566e-8,0.007260171215311382,0.000025298111418601268,2.3334695474648064,0.0,1.0,1.0,0.05,2.0,2.0,0.0,0.5,1.0,0.0,1.0
wave,32,32,16,0,10,1,0.0024251937866210938,0.00009298324584960938,0.015065193176269531,false,0.8589007148917549,1.7186408148469337,0.0021317652123859993,0.0024819693073077254,0.0010402908397117996,0.00121118869931655,0.0,1.0,1.0,0.05,2.0,2.0,0.0,0.5,1.0,0.0,1.0
poisson_2d,128,32,128,10000,1000,3,27.558892965316772,0.025689125061035156,0.03295302391052246,false,0.00004810872254164657,0.00009697506276111431,7.450156857041915e-8,0.0015486083320081939,0.000025298111418601268,0.5258529032162248,0.0,1.0,1.0,0.05,2.0,2.0,0.0,0.5,1.0,0.0,1.0
poisson_2d,8,32,8,0,10,5,0.0019350051879882812,0.00005078315734863281,0.0008258819580078125,false,0.44511064311566406,1.0173957556929458,0.007469581771253386,0.016781404549143477,0.007418007097193637,0.016665535214501783,0.0,1.0,1.0,0.05,2.0,2.0,0.0,0.5,1.0,0.0,1.0
poisson_2d,256,32,256,10000,10,4,10.305903196334839,0.14519691467285156,0.17084288597106934,false,0.08901433411293867,0.17872681986597877,4.5321379576284135e-6,0.00005091469820892184,6.299580846651019e-6,0.0000707704091641948,0.0,1.0,1.0,0.05,2.0,2.0,0.0,0.5,1.0,0.0,1.0
wave,32,32,16,0,10,5,0.0017931461334228516,0.00010323524475097656,0.01576709747314453,false,0.8591836738669444,1.7192070093269896,0.0021304431281889457,0.0024796131409252917,0.0010402908397117996,0.0012107898128810369,0.0,1.0,1.0,0.05,2.0,2.0,0.0,0.5,1.0,0.0,1.0
poisson_1d,8,32,16,10000,1,2,5.809880971908569,0.000019788742065429688,0.00034117698669433594,false,0.08895397342378017,0.1344857667487835,0.0026244285928212984,0.029503219381987765,0.011214972573078455,0.1260761283776485,0.0,1.0,1.0,0.05,2.0,2.0,0.0,0.5,1.0,0.0,1.0
poisson_1d,16,32,16,0,1,0,0.0015637874603271484,0.000022172927856445312,0.0003361701965332031,false,0.6872543528252469,1.0037992314293387,0.0025379212851637844,0.003692841339935637,0.0025081860605056672,0.0036495746446635327,0.0,1.0,1.0,0.05,2.0,2.0,0.0,0.5,1.0,0.0,1.0
poisson_1d,8,32,16,10000,10000,7,82.76921677589417,0.000019788742065429688,0.00035881996154785156,false,2.6157675083645807e-6,3.9546687512547115e-6,0.000010361027713123059,3.9609895296867723,0.011214972573078455,4287.450064574542,0.0,1.0,1.0,0.05,2.0,2.0,0.0,0.5,1.0,0.0,1.0
drift_diffusion,16,16,16,0,1000,7,0.002521038055419922,0.0003380775451660156,0.009165763854980469,true,0.820565718505757,2.260046046304303,0.08762961941414417,0.1067917138601853,0.06769679643284385,0.08250015191485104,0.0,1.0,1.0,0.05,2.0,2.0,0.0,0.5,1.0,0.0,1.0
drift_diffusion,16,16,16,0,0,1,0.0021288394927978516,0.0003159046173095703,0.00881814956665039,true,0.8162964704412724,2.248287454650729,0.08753440592946492,0.10723359600237604,0.06769679643284385,0.08293162948046119,0.0,1.0,1.0,0.05,2.0,2.0,0.0,0.5,1.0,0.0,1.0
poisson_1d,32,32,16,10000,10,6,6.755296945571899,0.00002574920654296875,0.0003380775451660156,false,0.0000993725104249942,0.00014278263798431936,9.395393887545878e-6,0.09454721277901107,0.000595948894502332,5.997120249382761,0.0,1.0,1.0,0.05,2.0,2.0,0.0,0.5,1.0,0.0,1.0
drift_diffusion,256,256,16,10000,100,8,12.444035053253174,0.012037038803100586,0.21820998191833496,false,0.1004622050474502,0.284486224740062,0.0004496530853830198,0.004475843280272813,0.00023700549940490983,0.0023591508796065885,0.0,1.0,1.0,0.05,2.0,2.0,0.0,0.5,1.0,0.0,1.0
poisson_1d,256,32,16,10000,1,7,5.724309921264648,0.00006079673767089844,0.0008060932159423828,false,0.0911328435604989,0.1291337645100394,2.563806601400816e-6,0.00002813263035843735,8.926404123405047e-6,0.00009794936462702614,0.0,1.0,1.0,0.05,2.0,2.0,0.0,0.5,1.0,0.0,1.0
heat,128,128,16,0,10000,1,0.006993770599365234,0.004439115524291992,0.07603907585144043,false,0.4385151164083874,1.243998156990698,0.0000507207408928272,0.00011566474904730801,0.00003992627534176886,0.00009104880048099793,0.0,1.0,1.0,0.05,2.0,2.0,0.0,0.5,1.0,0.0,1.0
wave,128,128,16,10000,100,2,13.22167420387268,0.00043392181396484375,0.09144806861877441,false,0.10122195038065397,0.20245007914169055,0.00022255491890761422,0.0021986823813478877,0.00006338688741085187,0.000626216815349634,0.0,1.0,1.0,0.05,2.0,2.0,0.0,0.5,1.0,0.0,1.0
poisson_1d,128,32,16,0,10,7,0.0012159347534179688,0.000041961669921875,0.0006711483001708984,false,0.6665523151064683,0.9463512570817681,0.00003531474847451822,0.00005298121043788948,0.00003591751011898671,0.00005388550801635069,0.0,1.0,1.0,0.05,2.0,2.0,0.0,0.5,1.0,0.0,1.0
wave,256,256,16,0,10000,8,0.0073490142822265625,0.0009009838104248047,0.20589685440063477,false,0.8693554483337489,1.7387241621307152,0.000031210165260384324,0.000035900350449523634,0.000015783443300198566,0.000018155339487950435,0.0,1.0,1.0,0.05,2.0,2.0,0.0,0.5,1.0,0.0,1.0
heat,256,256,16,0,1,9,0.002766132354736328,0.013090133666992188,0.17531323432922363,false,0.4366913999033042,1.238956381980704,0.000012601949482252828,0.000028857791761054264,9.934186103617024e-6,0.000022748755999812983,0.0,1.0,1.0,0.05,2.0,2.0,0.0,0.5,1.0,0.0,1.0
poisson_1d,256,32,16,10000,100,7,7.946553707122803,0.000051975250244140625,0.0006868839263916016,false,0.00014584069806086817,0.00020665390899242135,1.5634459230075424e-8,0.00010720230661224274,8.926404123405047e-6,0.061206537284081,0.0,1.0,1.0,0.05,2.0,2.0,0.0,0.5,1.0,0.0,1.0
poisson_1d,256,32,16,0,100,2,0.0012001991271972656,0.000053882598876953125,0.00061798095703125,false,0.6500561941985006,0.921119107231576,8.54422827528717e-6,0.000013143830258893142,8.926404123405047e-6,0.000013731742275621308,0.0,1.0,1.0,0.05,2.0,2.0,0.0,0.5,1.0,0.0,1.0
poisson_1d,256,32,16,0,100,0,0.0015621185302734375,0.000049114227294921875,0.0005948543548583984,false,0.7084055265207946,1.003799166857095,9.031985267117693e-6,0.000012749738573436392,8.926404123405047e-6,0.000012600698031317546,0.0,1.0,1.0,0.05,2.0,2.0,0.0,0.5,1.0,0.0,1.0
drift_diffusion,128,128,16,0,10,7,0.0019762516021728516,0.00419306755065918,0.09455728530883789,false,0.8612629830190062,2.4340816140376718,0.001251523875952578,0.0014531262815517516,0.0009525133211054325,0.0011059494485256573,0.0,1.0,1.0,0.05,2.0,2.0,0.0,0.5,1.0,0.0,1.0
drift_diffusion,64,64,16,0,1,6,0.0022161006927490234,0.001695871353149414,0.04038572311401367,false,0.8519169591817627,2.3982953134912046,0.005054898288003975,0.0059335575299017795,0.003851464283566381,0.004520938622076007,0.0,1.0,1.0,0.05,2.0,2.0,0.0,0.5,1.0,0.0,1.0
wave,16,16,16,10000,1000,9,27.98876404762268,0.000051975250244140625,0.007915019989013672,false,0.00017677038459456881,0.0003542333080882658,0.00030424680371957417,1.7211412670578639,0.004322163832073661,24.450723700037777,0.0,1.0,1.0,0.05,2.0,2.0,0.0,0.5,1.0,0.0,1.0
heat,8,8,16,0,1,0,0.002380847930908203,0.00012612342834472656,0.0035371780395507812,false,0.4081987168600533,1.152372158551929,0.01620597772756802,0.03970119713316998,0.012171854008336707,0.02981845239976513,0.0,1.0,1.0,0.05,2.0,2.0,0.0,0.5,1.0,0.0,1.0
poisson_1d,64,32,16,0,1,5,0.0015048980712890625,0.000041961669921875,0.00045490264892578125,false,0.7105806168396468,1.012856843389123,0.00014593723620991305,0.00020537745155360177,0.00014539741646764722,0.00020461776330785888,0.0,1.0,1.0,0.05,2.0,2.0,0.0,0.5,1.0,0.0,1.0
poisson_2d,32,32,32,0,100,0,0.0018811225891113281,0.0007102489471435547,0.002274751663208008,false,0.4804457647926603,0.9918880305396854,0.000412791342849829,0.0008591840600946329,0.00041476287710914914,0.0008632876122617978,0.0,1.0,1.0,0.05,2.0,2.0,0.0,0.5,1.0,0.0,1.0
wave,128,128,16,10000,1000,2,28.119762897491455,0.00045800209045410156,0.09242606163024902,false,0.0009957590428313161,0.0019915788647536584,2.5003297560408752e-6,0.0025109787091978095,0.00006338688741085187,0.06365685339960642,0.0,1.0,1.0,0.05,2.0,2.0,0.0,0.5,1.0,0.0,1.0
poisson_2d,64,32,64,0,1000,0,0.002732992172241211,0.00423884391784668,0.008661746978759766,false,0.4881948887679619,0.9918880279730017,0.00010152035914872651,0.00020795047528033198,0.00010200512199543541,0.00020894344521480278,0.0,1.0,1.0,0.05,2.0,2.0,0.0,0.5,1.0,0.0,1.0
wave,8,8,16,10000,10000,4,143.357971906662,0.000029087066650390625,0.003835916519165039,false,0.0002604044224950679,0.0005249259750273092,0.0005430841149039829,2.08554105840526,0.018958173771005418,72.80281029542502,0.0,1.0,1.0,0.05,2.0,2.0,0.0,0.5,1.0,0.0,1.0
poisson_2d,64,32,64,0,1,3,0.0018448829650878906,0.004663705825805664,0.009301900863647461,false,0.4940463224185517,1.0037766550726126,0.00010220676440724848,0.00020687688536351413,0.00010200512199543541,0.0002064687406154145,0.0,1.0,1.0,0.05,2.0,2.0,0.0,0.5,1.0,0.0,1.0
wave,64,64,16,0,10,4,0.002064228057861328,0.00018286705017089844,0.03214120864868164,false,0.8645257276158756,1.7292625597383957,0.0005131579818024093,0.0005935716722017723,0.0002556346352812184,0.0002956934965789722,0.0,1.0,1.0,0.05,2.0,2.0,0.0,0.5,1.0,0.0,1.0
heat,128,128,16,0,100,7,0.0015289783477783203,0.0041201114654541016,0.07280206680297852,false,0.4510327396457412,1.2795086779613591,0.00005069075181512684,0.00011238818684191603,0.00003992627534176886,0.00008852190059002926,0.0,1.0,1.0,0.05,2.0,2.0,0.0,0.5,1.0,0.0,1.0
heat,32,32,16,0,10,3,0.0014328956604003906,0.0006411075592041016,0.011265039443969727,false,0.4268354836162278,1.2099971976648127,0.0008461867532765729,0.001982465811200898,0.0006581365706071615,0.0015418975129042895,0.0,1.0,1.0,0.05,2.0,2.0,0.0,0.5,1.0,0.0,1.0
drift_diffusion,32,32,16,0,10000,3,0.006175041198730469,0.00061798095703125,0.01743006706237793,false,0.8337110087621126,2.32931729585011,0.020679091594791966,0.024803668630328048,0.015825675346876712,0.018982207480232924,0.0,1.0,1.0,0.05,2.0,2.0,0.0,0.5,1.0,0.0,1.0
poisson_2d,16,32,16,10000,10000,7,144.9688482284546,0.0001690387725830078,0.0012028217315673828,false,9.529241997642265e-6,0.000020329049594970157,3.538649971429369e-6,0.37134642737247836,0.00171723760469867,180.20715657190044,0.0,1.0,1.0,0.05,2.0,2.0,0.0,0.5,1.0,0.0,1.0
poisson_1d,128,32,16,10000,1000,3,17.24406623840332,0.00003886222839355469,0.0006401538848876953,false,3.4957118287536717e-6,4.963108234059963e-6,4.453257678662385e-8,0.012739201332058072,0.00003591751011898671,10.27473426800313,0.0,1.0,1.0,0.05,2.0,2.0,0.0,0.5,1.0,0.0,1.0
heat,32,32,16,0,100,0,0.0014767646789550781,0.0005731582641601562,0.011129140853881836,false,0.4293616673703614,1.217158446859447,0.0008459963546519755,0.0019703583690488854,0.0006581365706071615,0.0015328256354088122,0.0,1.0,1.0,0.05,2.0,2.0,0.0,0.5,1.0,0.0,1.0
drift_diffusion,16,16,16,10000,1,6,10.608177900314331,0.00030994415283203125,0.0095367431640625,true,0.7252082826685429,1.9974074897703331,0.08544552199783058,0.1178220437353768,0.06769679643284385,0.09334807399570852,0.0,1.0,1.0,0.05,2.0,2.0,0.0,0.5,1.0,0.0,1.0
wave,128,128,16,0,100,0,0.0024492740631103516,0.00044536590576171875,0.09121394157409668,false,0.8654947985542127,1.731042425136976,0.00012596419978635966,0.0001455401002949754,0.00006338688741085187,0.0000732377450641391,0.0,1.0,1.0,0.05,2.0,2.0,0.0,0.5,1.0,0.0,1.0
poisson_1d,16,32,16,0,100,8,0.0012359619140625,0.000026226043701171875,0.00043702125549316406,false,0.6789003594676772,0.9915974431435006,0.0024986239641945083,0.0036803986466492195,0.0025081860605056672,0.0036944833295895207,0.0,1.0,1.0,0.05,2.0,2.0,0.0,0.5,1.0,0.0,1.0
poisson_2d,32,32,32,10000,100,9,12.67064094543457,0.0007548332214355469,0.0023040771484375,false,0.00001628322830797428,0.00003361698747452754,3.7862951677655696e-6,0.23252730331663277,0.00041476287710914914,25.47178417338058,0.0,1.0,1.0,0.05,2.0,2.0,0.0,0.5,1.0,0.0,1.0
heat,128,128,16,0,1,3,0.002263784408569336,0.003998994827270508,0.07552099227905273,false,0.432011688516226,1.225548958754995,0.000050708442616609207,0.00011737747835196506,0.00003992627534176886,0.0000924194330919573,0.0,1.0,1.0,0.05,2.0,2.0,0.0,0.5,1.0,0.0,1.0
drift_diffusion,32,32,16,10000,1,4,10.608788967132568,0.000640869140625,0.018065929412841797,false,0.67145311348923,1.8759826056814641,0.02018463559969626,0.030061124439212265,0.015825675346876712,0.02356929326701313,0.0,1.0,1.0,0.05,2.0,2.0,0.0,0.5,1.0,0.0,1.0
poisson_1d,256,32,16,0,1000,8,0.0015888214111328125,0.00006580352783203125,0.000827789306640625,false,0.6997944479901258,0.991597407933391,8.89233212899064e-6,0.000012707062987610486,8.926404123405047e-6,0.000012755751562537403,0.0,1.0,1.0,0.05,2.0,2.0,0.0,0.5,1.0,0.0,1.0
poisson_1d,16,32,16,0,1,9,0.0014951229095458984,0.00002288818359375,0.00033473968505859375,false,0.6960611293953901,1.0166623519263396,0.00253951198860749,0.003648403683758854,0.0025081860605056672,0.003603399119103688,0.0,1.0,1.0,0.05,2.0,2.0,0.0,0.5,1.0,0.0,1.0
poisson_1d,16,32,16,0,10,6,0.0011892318725585938,0.00002193450927734375,0.00033783912658691406,false,0.6376400413843791,0.931332891292672,0.002416430173663213,0.0037896462217411964,0.0025081860605056672,0.0039335454138986455,0.0,1.0,1.0,0.05,2.0,2.0,0.0,0.5,1.0,0.0,1.0
heat,128,128,16,10000,10000,7,94.02420806884766,0.003985881805419922,0.06885504722595215,false,0.0018959641876907232,0.0053785510851377194,1.758701510677154e-6,0.0009276027058396883,0.00003992627534176886,0.021058559861511308,0.0,1.0,1.0,0.05,2.0,2.0,0.0,0.5,1.0,0.0,1.0
drift_diffusion,64,64,16,0,1,8,0.0022280216217041016,0.0016319751739501953,0.03966212272644043,false,0.8499726839357225,2.392821838452987,0.005053444265193955,0.0059454196125391144,0.003851464283566381,0.004531280070945951,0.0,1.0,1.0,0.05,2.0,2.0,0.0,0.5,1.0,0.0,1.0
heat,16,16,16,0,100,2,0.0015850067138671875,0.0002522468566894531,0.00574183464050293,false,0.4256369016554852,1.2051981192144576,0.003588900926176133,0.008431836883074167,0.002749210983530936,0.006459052241095803,0.0,1.0,1.0,0.05,2.0,2.0,0.0,0.5,1.0,0.0,1.0
wave,128,128,16,0,10000,5,0.007911920547485352,0.00042700767517089844,0.09643793106079102,false,0.8661202711810707,1.732293408568259,0.00012596166615288465,0.00014543207259324283,0.00006338688741085187,0.00007318485609904427,0.0,1.0,1.0,0.05,2.0,2.0,0.0,0.5,1.0,0.0,1.0
poisson_2d,256,32,256,0,10000,7,0.006856203079223633,0.13965582847595215,0.1547408103942871,false,0.5221103560640048,1.048315695312825,6.391853659413845e-6,0.000012242342227416526,6.299580846651019e-6,0.000012065611749479953,0.0,1.0,1.0,0.05,2.0,2.0,0.0,0.5,1.0,0.0,1.0
poisson_1d,256,32,16,0,10000,8,0.003877878189086914,0.000052928924560546875,0.0006117820739746094,false,0.6997944479901258,0.991597407933391,8.89233212899064e-6,0.000012707062987610486,8.926404123405047e-6,0.000012755751562537403,0.0,1.0,1.0,0.05,2.0,2.0,0.0,0.5,1.0,0.0,1.0
wave,16,16,16,10000,1000,2,28.119762897491455,0.0000476837158203125,0.007602214813232422,false,0.0010470039415451722,0.0020981097633839445,0.00012683301331344732,0.1211390027111594,0.004322163832073661,4.12812565509026,0.0,1.0,1.0,0.05,2.0,2.0,0.0,0.5,1.0,0.0,1.0
poisson_1d,8,32,16,10000,100,9,7.738913059234619,0.000019073486328125,0.0003070831298828125,false,0.00008361437289218774,0.00012641304954477098,8.924662255687943e-6,0.10673598266633795,0.011214972573078455,134.127329849446,0.0,1.0,1.0,0.05,2.0,2.0,0.0,0.5,1.0,0.0,1.0
poisson_1d,32,32,16,0,1000,7,0.001667022705078125,0.000025987625122070312,0.0003638267517089844,false,0.6586326087342733,0.9463512689312145,0.0005859543317298757,0.0008896527805629498,0.000595948894502332,0.000904827496542566,0.0,1.0,1.0,0.05,2.0,2.0,0.0,0.5,1.0,0.0,1.0
poisson_2d,128,32,128,10000,10,3,10.674707174301147,0.022912979125976562,0.03099989891052246,false,0.09337855334804336,0.18822763509526844,0.00001790424301293458,0.0001917382779127165,0.000025298111418601268,0.00027091993302048016,0.0,1.0,1.0,0.05,2.0,2.0,0.0,0.5,1.0,0.0,1.0
drift_diffusion,32,32,16,0,1,3,0.002309083938598633,0.0007352828979492188,0.01998424530029297,false,0.8337110087621126,2.32931729585011,0.020679091594791966,0.024803668630328048,0.015825675346876712,0.018982207480232924,0.0,1.0,1.0,0.05,2.0,2.0,0.0,0.5,1.0,0.0,1.0
poisson_2d,16,32,16,10000,10,8,10.46821403503418,0.0001678466796875,0.0010318756103515625,false,0.18960877856081423,0.40449872759640354,0.002366817894786997,0.012482638793160482,0.00171723760469867,0.009056741031364696,0.0,1.0,1.0,0.05,2.0,2.0,0.0,0.5,1.0,0.0,1.0
poisson_2d,16,32,16,0,1000,0,0.002732992172241211,0.00012683868408203125,0.0011141300201416016,false,0.46494753639460346,0.9918880776418203,0.0017090669237529031,0.003675827464332252,0.00171723760469867,0.0036934008039161666,0.0,1.0,1.0,0.05,2.0,2.0,0.0,0.5,1.0,0.0,1.0
poisson_1d,8,32,16,10000,1000,3,17.24406623840332,0.000025033950805664062,0.00033926963806152344,false,3.05854983960217e-6,4.624092713190762e-6,9.429927077253453e-6,3.083136640392855,0.011214972573078455,3666.761426444673,0.0,1.0,1.0,0.05,2.0,2.0,0.0,0.5,1.0,0.0,1.0
poisson_2d,128,32,128,0,10,7,0.0019440650939941406,0.025518178939819336,0.03392529487609863,false,0.5200628644204152,1.0483156952096555,0.000025668660216811193,0.00004935684120691383,0.000025298111418601268,0.00004864433350147925,0.0,1.0,1.0,0.05,2.0,2.0,0.0,0.5,1.0,0.0,1.0
poisson_2d,32,32,32,10000,0,0,0.003144979476928711,0.0008120536804199219,0.0023910999298095703,false,0.4804457647926603,0.9918880305396854,0.000412791342849829,0.0008591840600946329,0.00041476287710914914,0.0008632876122617978,0.0,1.0,1.0,0.05,2.0,2.0,0.0,0.5,1.0,0.0,1.0
drift_diffusion,128,128,16,0,1000,8,0.002511739730834961,0.004250764846801758,0.09544110298156738,false,0.8558356310693186,2.41874295690958,0.0012508510702975725,0.0014615552623518423,0.0009525133211054325,0.001112962917792194,0.0,1.0,1.0,0.05,2.0,2.0,0.0,0.5,1.0,0.0,1.0
heat,16,16,16,0,1,8,0.002413034439086914,0.0002918243408203125,0.006189107894897461,false,0.4254050512444035,1.2045416308360113,0.003588299117113653,0.008435017653450722,0.002749210983530936,0.006462572495293339,0.0,1.0,1.0,0.05,2.0,2.0,0.0,0.5,1.0,0.0,1.0
wave,64,64,16,10000,1000,0,28.052139043807983,0.0002281665802001953,0.03538680076599121,false,0.0012167050434174823,0.0024337071883667265,0.000010828978966398472,0.008900249920869184,0.0002556346352812184,0.21010403192146765,0.0,1.0,1.0,0.05,2.0,2.0,0.0,0.5,1.0,0.0,1.0
poisson_2d,8,32,8,0,10000,6,0.006663084030151367,0.000052928924560546875,0.00090789794921875,false,0.4389197244415656,1.0032450844378638,0.007415027946661781,0.016893813455514824,0.007418007097193637,0.01690060091656057,0.0,1.0,1.0,0.05,2.0,2.0,0.0,0.5,1.0,0.0,1.0
poisson_2d,8,32,8,10000,100,8,12.465276002883911,0.000046253204345703125,0.0007729530334472656,false,0.00020814958438140988,0.0004757704785860795,0.000030279576351886528,0.14547027053577097,0.007418007097193637,35.637866485466716,0.0,1.0,1.0,0.05,2.0,2.0,0.0,0.5,1.0,0.0,1.0
poisson_1d,16,32,16,10000,10000,8,83.62364268302917,0.00002288818359375,0.000431060791015625,false,3.5303058531229844e-6,5.156341735061275e-6,1.6771600449683722e-6,0.47507499766265665,0.0025081860605056672,710.4727365805501,0.0,1.0,1.0,0.05,2.0,2.0,0.0,0.5,1.0,0.0,1.0
poisson_2d,8,32,8,0,1,9,0.0019466876983642578,0.00004315376281738281,0.0007607936859130859,false,0.4426839605471254,1.0118490526791433,0.007463519325072183,0.016859701254700554,0.007418007097193637,0.0167568915034227,0.0,1.0,1.0,0.05,2.0,2.0,0.0,0.5,1.0,0.0,1.0
heat,64,64,16,0,10000,7,0.0071790218353271484,0.0015518665313720703,0.028493165969848633,false,0.4493014733197525,1.2743118276265655,0.0002056016177126806,0.000457602812191005,0.00016125998597565447,0.0003589126578734613,0.0,1.0,1.0,0.05,2.0,2.0,0.0,0.5,1.0,0.0,1.0
heat,32,32,16,0,10000,6,0.0068798065185546875,0.0006430149078369141,0.012753009796142578,false,0.4344126521979041,1.2314770256125416,0.0008465372441645967,0.0019486938050297439,0.0006581365706071615,0.0015150032285600559,0.0,1.0,1.0,0.05,2.0,2.0,0.0,0.5,1.0,0.0,1.0
heat,32,32,16,10000,10000,8,94.29605984687805,0.0006022453308105469,0.013013124465942383,false,0.00007896937614886094,0.00022386312176279303,0.000020033051275236504,0.2536812654749596,0.0006581365706071615,8.334073316797008,0.0,1.0,1.0,0.05,2.0,2.0,0.0,0.5,1.0,0.0,1.0
heat,8,8,16,10000,1,9,7.102270841598511,0.00012612342834472656,0.002889394760131836,false,0.40661528413935116,1.1479020225448557,0.016219179432991625,0.03988826801560451,0.012171854008336707,0.029934570792388825,0.0,1.0,1.0,0.05,2.0,2.0,0.0,0.5,1.0,0.0,1.0
heat,256,256,16,0,100,8,0.001397848129272461,0.012144088745117188,0.15740633010864258,false,0.4384964962382153,1.2440777002038779,0.000012597424522627299,0.00002872867772193939,9.934186103617024e-6,0.00002265510942240284,0.0,1.0,1.0,0.05,2.0,2.0,0.0,0.5,1.0,0.0,1.0
poisson_1d,256,32,16,0,1000,1,0.0017862319946289062,0.00005412101745605469,0.0007588863372802734,false,0.7364009186639185,1.0434681844706675,9.19278487035539e-6,0.000012483396798355743,8.926404123405047e-6,0.000012121663481355476,0.0,1.0,1.0,0.05,2.0,2.0,0.0,0.5,1.0,0.0,1.0
wave,256,256,16,10000,10,5,10.62522006034851,0.0010476112365722656,0.20529484748840332,false,0.35790219257447237,0.7158098463655048,0.00008313804597982108,0.00023229264224896212,0.000015783443300198566,0.000044099878759234866,0.0,1.0,1.0,0.05,2.0,2.0,0.0,0.5,1.0,0.0,1.0
drift_diffusion,256,256,16,10000,10000,9,113.34191489219666,0.013196945190429688,0.24024415016174316,false,0.009686521269322854,0.027430035658409166,0.000045613888125001986,0.004709006139227752,0.00023700549940490983,0.0244675557731445,0.0,1.0,1.0,0.05,2.0,2.0,0.0,0.5,1.0,0.0,1.0
poisson_2d,16,32,16,10000,10,2,10.52458381652832,0.00019407272338867188,0.001180887222290039,false,0.08632785182503193,0.1841660838934014,0.0012571056791910987,0.014561994218725392,0.00171723760469867,0.01989204605923869,0.0,1.0,1.0,0.05,2.0,2.0,0.0,0.5,1.0,0.0,1.0
heat,1024,1024,16,0,10000,0,0.006740093231201172,0.13521504402160645,1.0025479793548584,false,0.4360674095983571,1.2372817216185652,7.826173095801737e-7,1.794716349706135e-6,6.18697497282374e-7,1.4188115957856825e-6,0.0,1.0,1.0,0.05,2.0,2.0,0.0,0.5,1.0,0.0,1.0
poisson_1d,128,32,16,10000,10000,1,84.49351096153259,0.00003314018249511719,0.0006420612335205078,false,5.677381683275461e-6,8.060578548950867e-6,7.606164701082775e-8,0.013397310812051245,0.00003591751011898671,6.32642160102791,0.0,1.0,1.0,0.05,2.0,2.0,0.0,0.5,1.0,0.0,1.0
drift_diffusion,256,256,16,10000,10000,5,112.24504208564758,0.012653112411499023,0.21802425384521484,false,0.007049100263895315,0.019961456360056782,0.000035617061851198304,0.005052710348528352,0.00023700549940490983,0.0336220922574788,0.0,1.0,1.0,0.05,2.0,2.0,0.0,0.5,1.0,0.0,1.0
wave,8,8,16,10000,1000,1,28.057994842529297,0.000030994415283203125,0.0034427642822265625,false,0.0002213039277799547,0.00044610678633718746,0.0006931844410851166,3.132273557178097,0.018958173771005418,85.66578081635859,0.0,1.0,1.0,0.05,2.0,2.0,0.0,0.5,1.0,0.0,1.0
poisson_2d,32,32,32,0,10,7,0.0019440650939941406,0.0007328987121582031,0.0020530223846435547,false,0.5077778999095958,1.0483156643294878,0.0004208366192859862,0.0008287808889691959,0.00041476287710914914,0.0008168194739924542,0.0,1.0,1.0,0.05,2.0,2.0,0.0,0.5,1.0,0.0,1.0
heat,16,16,16,0,10,1,0.0014309883117675781,0.0003108978271484375,0.006430149078369141,false,0.42662719686357026,1.208002156922676,0.0035871305534621607,0.00840811504712691,0.002749210983530936,0.0064440593655122665,0.0,1.0,1.0,0.05,2.0,2.0,0.0,0.5,1.0,0.0,1.0
poisson_1d,256,32,16,0,100,3,0.0012507438659667969,0.00005626678466796875,0.0007009506225585938,false,0.6961938600756675,0.986495433127407,8.737835464291136e-6,0.000012550865449088335,8.926404123405047e-6,0.000012821721987658521,0.0,1.0,1.0,0.05,2.0,2.0,0.0,0.5,1.0,0.0,1.0
heat,128,128,16,0,100,3,0.0014603137969970703,0.004454851150512695,0.07242608070373535,false,0.432011688516226,1.225548958754995,0.000050708442616609207,0.00011737747835196506,0.00003992627534176886,0.0000924194330919573,0.0,1.0,1.0,0.05,2.0,2.0,0.0,0.5,1.0,0.0,1.0
poisson_1d,8,32,16,0,1000,5,0.0018768310546875,0.00002193450927734375,0.0003552436828613281,false,0.6699407314469691,1.0128551820350793,0.011256458224247503,0.016802170245620505,0.011214972573078455,0.01674024588541711,0.0,1.0,1.0,0.05,2.0,2.0,0.0,0.5,1.0,0.0,1.0
drift_diffusion,64,64,16,10000,100,3,13.041270971298218,0.0016398429870605469,0.03766608238220215,false,0.08517552878845247,0.23978401804992938,0.006556036337176394,0.07697089094051165,0.003851464283566381,0.045217967394509825,0.0,1.0,1.0,0.05,2.0,2.0,0.0,0.5,1.0,0.0,1.0
poisson_2d,8,32,8,10000,100,5,12.581224918365479,0.00004291534423828125,0.0007169246673583984,false,8.942389853692098e-6,0.0000204397482370105,0.00002172377444417787,2.429302993870896,0.007418007097193637,829.5329569027866,0.0,1.0,1.0,0.05,2.0,2.0,0.0,0.5,1.0,0.0,1.0
poisson_2d,16,32,16,0,100,7,0.0018939971923828125,0.0001709461212158203,0.001157999038696289,false,0.49139771648705266,1.048315128505712,0.0017423642113248044,0.003545731192608649,0.00171723760469867,0.003494598259379407,0.0,1.0,1.0,0.05,2.0,2.0,0.0,0.5,1.0,0.0,1.0
poisson_2d,32,32,32,10000,1000,9,27.943398237228394,0.0008211135864257812,0.0023653507232666016,false,9.476966765192457e-6,0.000019565350741042485,1.3868208333961697e-6,0.14633593930867525,0.00041476287710914914,43.765361574141764,0.0,1.0,1.0,0.05,2.0,2.0,0.0,0.5,1.0,0.0,1.0
heat,16,16,16,0,1000,7,0.002293825149536133,0.0002579689025878906,0.005975008010864258,false,0.4388354852153093,1.2425701328268255,0.0035847309416849114,0.008168735351759682,0.002749210983530936,0.0062647873204284485,0.0,1.0,1.0,0.05,2.0,2.0,0.0,0.5,1.0,0.0,1.0
wave,8,8,16,10000,100,3,12.55115294456482,0.000025987625122070312,0.0033898353576660156,false,0.029493498409527214,0.05945330444562898,0.06008829544671088,2.037340386425657,0.018958173771005418,0.6427916250478221,0.0,1.0,1.0,0.05,2.0,2.0,0.0,0.5,1.0,0.0,1.0
poisson_1d,32,32,16,10000,1,7,5.724309921264648,0.000026941299438476562,0.0004608631134033203,false,0.08987192636540738,0.12913179582869652,0.00017137640030163312,0.0019068958153276824,0.000595948894502332,0.006631090693208043,0.0,1.0,1.0,0.05,2.0,2.0,0.0,0.5,1.0,0.0,1.0
poisson_2d,256,32,256,10000,10000,3,142.39120817184448,0.13082599639892578,0.18249869346618652,false,0.0000236792998003183,0.00004754431959907045,1.7868198185373738e-8,0.0007545914928218482,6.299580846651019e-6,0.2660374630900081,0.0,1.0,1.0,0.05,2.0,2.0,0.0,0.5,1.0,0.0,1.0
poisson_1d,16,32,16,10000,1,1,5.950311899185181,0.000027894973754882812,0.0004711151123046875,false,0.11036398573641305,0.1611969187306982,0.0008862824381063162,0.008030540327014475,0.0025081860605056672,0.022726490383340008,0.0,1.0,1.0,0.05,2.0,2.0,0.0,0.5,1.0,0.0,1.0
poisson_2d,16,32,16,0,100,3,0.002023935317993164,0.00014328956604003906,0.0011069774627685547,false,0.47052029341434126,1.0037766259505942,0.0017206353845877688,0.0036568781594985807,0.00171723760469867,0.0036496568346446774,0.0,1.0,1.0,0.05,2.0,2.0,0.0,0.5,1.0,0.0,1.0
poisson_2d,256,32,256,0,1,5,0.002051115036010742,0.1402878761291504,0.21733403205871582,false,0.5067125946769261,1.0173994057826905,6.343511051820516e-6,0.000012518952791897864,6.299580846651019e-6,0.000012432256298400389,0.0,1.0,1.0,0.05,2.0,2.0,0.0,0.5,1.0,0.0,1.0
poisson_1d,8,32,16,0,100,4,0.001302957534790039,0.000019073486328125,0.00032520294189453125,false,0.6628983628173165,1.002208121443706,0.011085319992887461,0.01672250319909507,0.011214972573078455,0.016918087601566618,0.0,1.0,1.0,0.05,2.0,2.0,0.0,0.5,1.0,0.0,1.0
heat,128,128,16,10000,1,2,6.941212177276611,0.003991127014160156,0.06763792037963867,false,0.43241732614910633,1.2266996886815758,0.00005072042996591444,0.000117295091798484,0.00003992627534176886,0.00009233273721322038,0.0,1.0,1.0,0.05,2.0,2.0,0.0,0.5,1.0,0.0,1.0
drift_diffusion,128,128,16,10000,1,1,10.784044027328491,0.004407167434692383,0.10496711730957031,false,0.6747549947970645,1.9069770316360795,0.001215311822016357,0.001801115710720848,0.0009525133211054325,0.0014116432311729755,0.0,1.0,1.0,0.05,2.0,2.0,0.0,0.5,1.0,0.0,1.0
poisson_1d,16,32,16,10000,1000,1,17.400676250457764,0.0000209808349609375,0.00036263465881347656,false,5.519983786551183e-6,8.062452365218304e-6,3.865515215428343e-6,0.7002765524015138,0.0025081860605056672,454.38286731405645,0.0,1.0,1.0,0.05,2.0,2.0,0.0,0.5,1.0,0.0,1.0
heat,64,64,16,10000,10,3,7.890196800231934,0.001737833023071289,0.025360822677612305,false,0.10043512037747594,0.28485475656348996,0.00013302365536674825,0.0013244734995765549,0.00016125998597565447,0.0016056135081988635,0.0,1.0,1.0,0.05,2.0,2.0,0.0,0.5,1.0,0.0,1.0
heat,256,256,16,10000,0,1,0.0028641223907470703,0.012034177780151367,0.19062590599060059,false,0.439357638052887,1.2465208835303967,0.000012592781161399806,0.000028661800935583066,9.934186103617024e-6,0.000022610705364410234,0.0,1.0,1.0,0.05,2.0,2.0,0.0,0.5,1.0,0.0,1.0
poisson_1d,32,32,16,10000,100,3,7.830432891845703,0.000031948089599609375,0.0004189014434814453,false,5.128469597659218e-6,7.368802648181732e-6,8.437655375722899e-7,0.1645257949741881,0.000595948894502332,116.20404160389681,0.0,1.0,1.0,0.05,2.0,2.0,0.0,0.5,1.0,0.0,1.0
drift_diffusion,8,8,16,0,1000,2,0.0027539730072021484,0.00015211105346679688,0.00569915771484375,true,0.7645438201980633,2.055733803639851,0.36067353940194,0.47174998982857985,0.26151842143576154,0.3420581195306926,0.0,1.0,1.0,0.05,2.0,2.0,0.0,0.5,1.0,0.0,1.0
wave,64,64,16,10000,10000,9,143.70934915542603,0.0002219676971435547,0.035707950592041016,false,0.0030683901680674986,0.006137529592024014,0.000010548527322672103,0.0034378050850408385,0.0002556346352812184,0.08331229774543672,0.0,1.0,1.0,0.05,2.0,2.0,0.0,0.5,1.0,0.0,1.0
drift_diffusion,256,256,16,0,10000,2,0.005822181701660156,0.013762950897216797,0.24125218391418457,false,0.8567716022591727,2.426183244495611,0.00031121921663870893,0.0003632464192534772,0.00023700549940490983,0.0002766262312849345,0.0,1.0,1.0,0.05,2.0,2.0,0.0,0.5,1.0,0.0,1.0
poisson_1d,64,32,16,10000,1,1,5.950311899185181,0.00004076957702636719,0.0005059242248535156,false,0.11310588151769439,0.16122036459743214,0.00005121867751551646,0.0004528383212990008,0.00014539741646764722,0.0012854982828183076,0.0,1.0,1.0,0.05,2.0,2.0,0.0,0.5,1.0,0.0,1.0
poisson_2d,256,32,256,10000,1,7,9.51289439201355,0.12970805168151855,0.16051793098449707,false,0.1478593349827063,0.2968783510241004,1.9727418030721404e-6,0.000013342017284893591,6.299580846651019e-6,0.00004260522913475715,0.0,1.0,1.0,0.05,2.0,2.0,0.0,0.5,1.0,0.0,1.0
wave,64,64,16,0,10000,9,0.008026123046875,0.0001900196075439453,0.03686809539794922,false,0.8644244746091323,1.7290600290004094,0.0005132465530857141,0.0005937436620102517,0.0002556346352812184,0.0002957281321735007,0.0,1.0,1.0,0.05,2.0,2.0,0.0,0.5,1.0,0.0,1.0
wave,8,8,16,0,1,0,0.002257108688354492,0.000028848648071289062,0.003573894500732422,false,0.8285386607812629,1.6701769508797912,0.043366596447309474,0.05234106566182118,0.018958173771005418,0.022881459451908955,0.0,1.0,1.0,0.05,2.0,2.0,0.0,0.5,1.0,0.0,1.0
heat,32,32,16,10000,10,4,7.6085193157196045,0.0006761550903320312,0.014751434326171875,false,0.10051893681370279,0.2849520167029586,0.001023564651891133,0.010182804199254117,0.0006581365706071615,0.0065473888947604085,0.0,1.0,1.0,0.05,2.0,2.0,0.0,0.5,1.0,0.0,1.0
poisson_1d,64,32,16,0,100,6,0.00125885009765625,0.000028133392333984375,0.0003681182861328125,false,0.6533865131667155,0.9313327517747465,0.0001400807115544571,0.00021439180137884883,0.00014539741646764722,0.00022252895267605284,0.0,1.0,1.0,0.05,2.0,2.0,0.0,0.5,1.0,0.0,1.0
poisson_1d,32,32,16,10000,1000,2,17.26138710975647,0.000024080276489257812,0.0003910064697265625,false,3.599805498012513e-6,5.172353229665457e-6,8.173353752208879e-7,0.22704987134706073,0.000595948894502332,165.55030398581425,0.0,1.0,1.0,0.05,2.0,2.0,0.0,0.5,1.0,0.0,1.0
heat,256,256,16,10000,10000,0,95.41633677482605,0.01294708251953125,0.1618480682373047,false,0.00006544685115236407,0.00018568214060024385,3.4453646187443527e-7,0.005264370337265087,9.934186103617024e-6,0.1517901309029289,0.0,1.0,1.0,0.05,2.0,2.0,0.0,0.5,1.0,0.0,1.0
heat,8,8,16,10000,1000,1,19.832440853118896,0.00012803077697753906,0.002808094024658203,false,0.00005434749700589134,0.00015342660290146147,0.00039959342767650576,7.352563589680203,0.012171854008336707,223.96346987230834,0.0,1.0,1.0,0.05,2.0,2.0,0.0,0.5,1.0,0.0,1.0
drift_diffusion,16,16,16,0,1,9,0.0021390914916992188,0.00028586387634277344,0.008648872375488281,true,0.8124992643060823,2.2378289861584477,0.08755476093470416,0.10775980333899819,0.06769679643284385,0.08331920951419015,0.0,1.0,1.0,0.05,2.0,2.0,0.0,0.5,1.0,0.0,1.0
heat,256,256,16,0,1,1,0.0024793148040771484,0.011359930038452148,0.1675417423248291,false,0.439357638052887,1.2465208835303967,0.000012592781161399806,0.000028661800935583066,9.934186103617024e-6,0.000022610705364410234,0.0,1.0,1.0,0.05,2.0,2.0,0.0,0.5,1.0,0.0,1.0
wave,64,64,16,0,1,8,0.001992940902709961,0.00019621849060058594,0.033035993576049805,false,0.8659381027525055,1.732087654892955,0.0005132651813182683,0.0005927273319961126,0.0002556346352812184,0.0002952112102108082,0.0,1.0,1.0,0.05,2.0,2.0,0.0,0.5,1.0,0.0,1.0
poisson_2d,32,32,32,0,1,1,0.002252817153930664,0.0008020401000976562,0.0023870468139648438,false,0.4666213250742077,0.9633472517661059,0.0004080252333465781,0.0008744247453364651,0.00041476287710914914,0.0008888639563208742,0.0,1.0,1.0,0.05,2.0,2.0,0.0,0.5,1.0,0.0,1.0
poisson_1d,8,32,16,10000,100,1,7.605097055435181,0.000026941299438476562,0.0004677772521972656,false,6.368725043873829e-6,9.628607219793754e-6,8.213039403133057e-6,1.2895892578851935,0.011214972573078455,1760.944693897597,0.0,1.0,1.0,0.05,2.0,2.0,0.0,0.5,1.0,0.0,1.0
drift_diffusion,64,64,16,0,10,4,0.001827239990234375,0.0015511512756347656,0.04905819892883301,false,0.8481866085135552,2.3877937236016997,0.0050524364050100225,0.005956750972364918,0.003851464283566381,0.004540821848527014,0.0,1.0,1.0,0.05,2.0,2.0,0.0,0.5,1.0,0.0,1.0
heat,128,128,16,10000,100,9,9.077844142913818,0.0045719146728515625,0.07721710205078125,false,0.0017357105096696775,0.0049239366997957485,5.007150501482663e-6,0.0028847843425429762,0.00003992627534176886,0.023002842420632066,0.0,1.0,1.0,0.05,2.0,2.0,0.0,0.5,1.0,0.0,1.0
poisson_1d,8,32,16,10000,10,2,6.502956867218018,0.0000209808349609375,0.0003578662872314453,false,0.00035672462367963105,0.0005393169375939465,0.0004173115662113042,1.16984233358101,0.011214972573078455,31.43873965691616,0.0,1.0,1.0,0.05,2.0,2.0,0.0,0.5,1.0,0.0,1.0
heat,64,64,16,0,10000,4,0.006983757019042969,0.0014328956604003906,0.02451801300048828,false,0.4344006243187953,1.2320499405615213,0.00020573292984706802,0.00047360182819646674,0.00016125998597565447,0.00037122411190944777,0.0,1.0,1.0,0.05,2.0,2.0,0.0,0.5,1.0,0.0,1.0
drift_diffusion,8,8,16,10000,1000,6,24.568734884262085,0.00014090538024902344,0.004522085189819336,true,0.004562968723693618,0.012269079681813795,0.025612286257024226,5.613075128924205,0.26151842143576154,57.313218054245766,0.0,1.0,1.0,0.05,2.0,2.0,0.0,0.5,1.0,0.0,1.0
heat,8,8,16,0,0,0,0.006593942642211914,0.00013494491577148438,0.0033922195434570312,false,0.4081987168600533,1.152372158551929,0.01620597772756802,0.03970119713316998,0.012171854008336707,0.02981845239976513,0.0,1.0,1.0,0.05,2.0,2.0,0.0,0.5,1.0,0.0,1.0
wave,128,128,16,0,100,9,0.0020918846130371094,0.0004119873046875,0.08559894561767578,false,0.866705221416364,1.733463344743009,0.00012597875915493678,0.00014535364047889675,0.00006338688741085187,0.00007313546272083769,0.0,1.0,1.0,0.05,2.0,2.0,0.0,0.5,1.0,0.0,1.0
drift_diffusion,32,32,16,0,10,1,0.0024662017822265625,0.0006270408630371094,0.0179288387298584,false,0.8398415723255136,2.3464455664276342,0.02068028218755733,0.024624027755965706,0.015825675346876712,0.018843643692292536,0.0,1.0,1.0,0.05,2.0,2.0,0.0,0.5,1.0,0.0,1.0
poisson_1d,128,32,16,10000,100,8,7.8015642166137695,0.000036716461181640625,0.0007507801055908203,false,3.7692726856105646e-6,5.351501845345425e-6,5.051749432210892e-8,0.013402451489811918,0.00003591751011898671,9.529029368225643,0.0,1.0,1.0,0.05,2.0,2.0,0.0,0.5,1.0,0.0,1.0
drift_diffusion,32,32,16,10000,1,0,10.739435195922852,0.0007059574127197266,0.0194699764251709,false,0.6800440025001663,1.8999848152595944,0.020149455308343667,0.029629634603444262,0.015825675346876712,0.02327154608921478,0.0,1.0,1.0,0.05,2.0,2.0,0.0,0.5,1.0,0.0,1.0
poisson_1d,64,32,16,10000,1000,5,17.146459102630615,0.000031948089599609375,0.00040221214294433594,false,7.09127288162348e-6,0.000010107852784440466,3.7104105124273076e-7,0.05232361769620013,0.00014539741646764722,20.503711941812835,0.0,1.0,1.0,0.05,2.0,2.0,0.0,0.5,1.0,0.0,1.0
heat,8,8,16,10000,1,8,6.9454638957977295,0.00012493133544921875,0.0027272701263427734,false,0.4109347916677565,1.1600962799219465,0.016217558230238186,0.03946504058325192,0.012171854008336707,0.02961991599430629,0.0,1.0,1.0,0.05,2.0,2.0,0.0,0.5,1.0,0.0,1.0
poisson_1d,32,32,16,0,10,1,0.001161813735961914,0.000023126602172851562,0.0003478527069091797,false,0.7262231157763497,1.0434681763826943,0.00061373528032508,0.0008451056803238526,0.000595948894502332,0.0008206140531140329,0.0,1.0,1.0,0.05,2.0,2.0,0.0,0.5,1.0,0.0,1.0
wave,32,32,16,0,10000,1,0.007091999053955078,0.0001010894775390625,0.01620006561279297,false,0.8589007148917549,1.7186408148469337,0.0021317652123859993,0.0024819693073077254,0.0010402908397117996,0.00121118869931655,0.0,1.0,1.0,0.05,2.0,2.0,0.0,0.5,1.0,0.0,1.0
wave,16,16,16,0,10,1,0.0024251937866210938,0.00004792213439941406,0.007217884063720703,false,0.8494105060651777,1.7021487744030204,0.009205969679536762,0.010838069006448526,0.004322163832073661,0.0050884275638356765,0.0,1.0,1.0,0.05,2.0,2.0,0.0,0.5,1.0,0.0,1.0
wave,32,32,16,0,10,0,0.002482891082763672,0.00009179115295410156,0.014683723449707031,false,0.8585523740768571,1.7179437927912053,0.002130498523585927,0.0024815009403202763,0.0010402908397117996,0.0012116801154156184,0.0,1.0,1.0,0.05,2.0,2.0,0.0,0.5,1.0,0.0,1.0
drift_diffusion,8,8,16,0,1,1,0.0021109580993652344,0.00015306472778320312,0.0048999786376953125,true,0.7670221951996297,2.0623977503414226,0.36057461727242734,0.470096718881234,0.26151842143576154,0.3409528734272118,0.0,1.0,1.0,0.05,2.0,2.0,0.0,0.5,1.0,0.0,1.0
wave,16,16,16,0,1000,3,0.002979278564453125,0.00006198883056640625,0.008690834045410156,false,0.8473396756873124,1.6979990006899444,0.009198100172488783,0.010855269069075303,0.004322163832073661,0.00510086327371343,0.0,1.0,1.0,0.05,2.0,2.0,0.0,0.5,1.0,0.0,1.0
poisson_2d,16,32,16,10000,1000,0,28.324959993362427,0.00014090538024902344,0.0013659000396728516,false,0.00001387579074725333,0.00002960168692747376,5.872903350160341e-6,0.42324819227189187,0.00171723760469867,123.75781935355404,0.0,1.0,1.0,0.05,2.0,2.0,0.0,0.5,1.0,0.0,1.0
wave,32,32,16,10000,100,3,12.55115294456482,0.00011301040649414062,0.017076969146728516,false,0.029903982012544305,0.05983718853893872,0.001809211430067365,0.06050068613967263,0.0010402908397117996,0.03478770283086074,0.0,1.0,1.0,0.05,2.0,2.0,0.0,0.5,1.0,0.0,1.0
poisson_1d,128,32,16,0,100,4,0.001302957534790039,0.00004100799560546875,0.0007498264312744141,false,0.7058961756610149,1.0022105063115871,0.000035503246612645156,0.00005029528114300835,0.00003591751011898671,0.00005088214295162153,0.0,1.0,1.0,0.05,2.0,2.0,0.0,0.5,1.0,0.0,1.0
heat,32,32,16,0,0,0,0.006593942642211914,0.0005869865417480469,0.011111974716186523,false,0.4293616673703614,1.217158446859447,0.0008459963546519755,0.0019703583690488854,0.0006581365706071615,0.0015328256354088122,0.0,1.0,1.0,0.05,2.0,2.0,0.0,0.5,1.0,0.0,1.0
poisson_2d,128,32,128,10000,100,4,12.445755004882812,0.025434017181396484,0.03417181968688965,false,0.000015606215406261736,0.00003145819798427562,1.7612555790493454e-7,0.011285603416260582,0.000025298111418601268,1.621027953278712,0.0,1.0,1.0,0.05,2.0,2.0,0.0,0.5,1.0,0.0,1.0
poisson_1d,256,32,16,0,10000,1,0.003793954849243164,0.00004887580871582031,0.00061798095703125,false,0.7364009186639185,1.0434681844706675,9.19278487035539e-6,0.000012483396798355743,8.926404123405047e-6,0.000012121663481355476,0.0,1.0,1.0,0.05,2.0,2.0,0.0,0.5,1.0,0.0,1.0
drift_diffusion,32,32,16,0,10,2,0.001964092254638672,0.0007276535034179688,0.02003192901611328,false,0.8363603301896919,2.336719273464259,0.020686832172890766,0.0247343536346336,0.015825675346876712,0.018922077931753822,0.0,1.0,1.0,0.05,2.0,2.0,0.0,0.5,1.0,0.0,1.0
wave,256,256,16,10000,1,5,9.546691656112671,0.0009033679962158203,0.21060824394226074,false,0.8648553286319405,1.7297238540599353,0.00003120088242833727,0.00003607641809606695,0.000015783443300198566,0.000018249807543147577,0.0,1.0,1.0,0.05,2.0,2.0,0.0,0.5,1.0,0.0,1.0
poisson_1d,32,32,16,10000,10,9,6.510509729385376,0.00002384185791015625,0.0003428459167480469,false,0.0004083099410089239,0.0005866770422035393,0.000029339849910570607,0.07185681014296484,0.000595948894502332,1.4595502941456944,0.0,1.0,1.0,0.05,2.0,2.0,0.0,0.5,1.0,0.0,1.0
wave,16,16,16,10000,1,0,10.029694318771362,0.00005698204040527344,0.007775783538818359,false,0.8488929452788493,1.701111625166182,0.009199787943228588,0.010837394743817298,0.004322163832073661,0.0050915299227205744,0.0,1.0,1.0,0.05,2.0,2.0,0.0,0.5,1.0,0.0,1.0
poisson_2d,8,32,8,10000,1000,7,27.687796115875244,0.00004458427429199219,0.0006570816040039062,false,0.0002578885560663006,0.0005894595567229725,0.00003724141748216983,0.1444089573039487,0.007418007097193637,28.764390364354373,0.0,1.0,1.0,0.05,2.0,2.0,0.0,0.5,1.0,0.0,1.0
poisson_1d,8,32,16,10000,100,2,7.93609094619751,0.00002193450927734375,0.00043892860412597656,false,4.002700769441197e-6,6.05151474774188e-6,7.27602884337943e-6,1.8177798597254207,0.011214972573078455,2801.8513545702676,0.0,1.0,1.0,0.05,2.0,2.0,0.0,0.5,1.0,0.0,1.0
poisson_1d,8,32,16,10000,10000,6,84.3865258693695,0.00002384185791015625,0.0005018711090087891,false,4.86203043833613e-6,7.350699089522148e-6,0.000012528109541973558,2.5767237989573797,0.011214972573078455,2306.6438425436404,0.0,1.0,1.0,0.05,2.0,2.0,0.0,0.5,1.0,0.0,1.0
poisson_1d,64,32,16,0,10,9,0.0011751651763916016,0.000027179718017578125,0.00034999847412109375,false,0.7132504397082184,1.0166623909920063,0.00014721178758554668,0.00020639564925577767,0.00014539741646764722,0.0002038518427372122,0.0,1.0,1.0,0.05,2.0,2.0,0.0,0.5,1.0,0.0,1.0
poisson_2d,256,32,256,10000,10000,4,141.3628957271576,0.14337801933288574,0.15672969818115234,false,0.000010924267134549293,0.000021934214795644064,1.9236040774987647e-8,0.0017608541184401558,6.299580846651019e-6,0.5766593556349588,0.0,1.0,1.0,0.05,2.0,2.0,0.0,0.5,1.0,0.0,1.0
drift_diffusion,128,128,16,0,1,1,0.0021109580993652344,0.00439906120300293,0.10650897026062012,false,0.8574152169835773,2.4232071462541778,0.0012501283909538885,0.0014580198323886676,0.0009525133211054325,0.001110912545331787,0.0,1.0,1.0,0.05,2.0,2.0,0.0,0.5,1.0,0.0,1.0
poisson_1d,32,32,16,10000,1000,5,17.146459102630615,0.000030994415283203125,0.0003790855407714844,false,7.035815382734039e-6,0.000010109357974564607,1.446941580996418e-6,0.2056537163448975,0.000595948894502332,84.70217907597836,0.0,1.0,1.0,0.05,2.0,2.0,0.0,0.5,1.0,0.0,1.0
wave,128,128,16,0,0,0,0.002106904983520508,0.0004222393035888672,0.09129500389099121,false,0.8654947985542127,1.731042425136976,0.00012596419978635966,0.0001455401002949754,0.00006338688741085187,0.0000732377450641391,0.0,1.0,1.0,0.05,2.0,2.0,0.0,0.5,1.0,0.0,1.0
heat,8,8,16,10000,10000,5,92.76752805709839,0.0001270771026611328,0.003773927688598633,false,0.00004522774953633742,0.00012768094853542544,0.0006124774824829806,13.542072925594992,0.012171854008336707,269.1235830456375,0.0,1.0,1.0,0.05,2.0,2.0,0.0,0.5,1.0,0.0,1.0
drift_diffusion,32,32,16,10000,100,3,13.041270971298218,0.0006220340728759766,0.020180225372314453,false,0.08374622664111024,0.2339797989077318,0.019687713581452538,0.23508776897881153,0.015825675346876712,0.18897180185438966,0.0,1.0,1.0,0.05,2.0,2.0,0.0,0.5,1.0,0.0,1.0
heat,32,32,16,10000,100,8,9.306427955627441,0.00055694580078125,0.010994911193847656,false,0.00040423143774540634,0.0011459190382581495,0.0000867884509637453,0.21469990421275711,0.0006581365706071615,1.6281182242473362,0.0,1.0,1.0,0.05,2.0,2.0,0.0,0.5,1.0,0.0,1.0
drift_diffusion,16,16,16,0,1000,6,0.0024912357330322266,0.000308990478515625,0.010023117065429688,true,0.816603957921119,2.2491343531348393,0.0876083828593561,0.10728380876623028,0.06769679643284385,0.08290040205681089,0.0,1.0,1.0,0.05,2.0,2.0,0.0,0.5,1.0,0.0,1.0
poisson_1d,8,32,16,0,1,3,0.0012662410736083984,0.000022172927856445312,0.0004930496215820312,false,0.6525044826341049,0.9864940516598314,0.010976494507705166,0.01682209823815155,0.011214972573078455,0.017187579352412365,0.0,1.0,1.0,0.05,2.0,2.0,0.0,0.5,1.0,0.0,1.0
wave,128,128,16,0,10000,0,0.008371829986572266,0.0003821849822998047,0.09108686447143555,false,0.8654947985542127,1.731042425136976,0.00012596419978635966,0.0001455401002949754,0.00006338688741085187,0.0000732377450641391,0.0,1.0,1.0,0.05,2.0,2.0,0.0,0.5,1.0,0.0,1.0
poisson_1d,256,32,16,10000,100,3,7.830432891845703,0.000049114227294921875,0.0005578994750976562,false,5.200008045030734e-6,7.368327247371949e-6,1.3531974666241012e-8,0.002602298794309039,8.926404123405047e-6,1.7166135217355472,0.0,1.0,1.0,0.05,2.0,2.0,0.0,0.5,1.0,0.0,1.0
wave,16,16,16,0,10,4,0.002064228057861328,0.0000591278076171875,0.008467912673950195,false,0.8502935491519292,1.7039183201022159,0.009200254841591106,0.010820092485433188,0.004322163832073661,0.005083143152602446,0.0,1.0,1.0,0.05,2.0,2.0,0.0,0.5,1.0,0.0,1.0
poisson_2d,32,32,32,0,100,6,0.002140045166015625,0.0008840560913085938,0.0022628307342529297,false,0.48594754746731195,1.003246549609934,0.00041461859381802975,0.0008532167637823497,0.00041476287710914914,0.0008535136750269303,0.0,1.0,1.0,0.05,2.0,2.0,0.0,0.5,1.0,0.0,1.0
heat,32,32,16,10000,1,7,7.009293079376221,0.0005917549133300781,0.012119054794311523,false,0.4304846331703793,1.2203418407506559,0.0008460972636585551,0.001965452883712303,0.0006581365706071615,0.0015288270936878734,0.0,1.0,1.0,0.05,2.0,2.0,0.0,0.5,1.0,0.0,1.0
drift_diffusion,64,64,16,0,10,7,0.0019762516021728516,0.0016620159149169922,0.040966033935546875,false,0.8554423113014339,2.408219796594739,0.0050561546878410794,0.005910573537272032,0.003851464283566381,0.004502307441055757,0.0,1.0,1.0,0.05,2.0,2.0,0.0,0.5,1.0,0.0,1.0
poisson_1d,16,32,16,0,1000,3,0.0020089149475097656,0.000024080276489257812,0.00037217140197753906,false,0.6754072081521889,0.9864953690841092,0.0024551275247156785,0.0036350330512943925,0.0025081860605056672,0.0037135908978047204,0.0,1.0,1.0,0.05,2.0,2.0,0.0,0.5,1.0,0.0,1.0
wave,64,64,16,10000,1,0,10.029694318771362,0.000209808349609375,0.03459501266479492,false,0.8631478970471278,1.7265065621548774,0.0005131314386973851,0.0005944884306071223,0.0002556346352812184,0.0002961655078530079,0.0,1.0,1.0,0.05,2.0,2.0,0.0,0.5,1.0,0.0,1.0
heat,64,64,16,10000,100,9,9.077844142913818,0.001558065414428711,0.025224924087524414,false,0.0017358070994737574,0.004923107643057727,0.000020111098946535608,0.011586021829632745,0.00016125998597565447,0.09290202006002521,0.0,1.0,1.0,0.05,2.0,2.0,0.0,0.5,1.0,0.0,1.0
poisson_1d,128,32,16,0,10,0,0.0015277862548828125,0.00003886222839355469,0.0005741119384765625,false,0.7070151316135906,1.0037991668688158,0.00003634235119615262,0.000051402508335585424,0.00003591751011898671,0.000050801614439303016,0.0,1.0,1.0,0.05,2.0,2.0,0.0,0.5,1.0,0.0,1.0
poisson_2d,256,32,256,0,10,1,0.0018918514251708984,0.1454908847808838,0.15985774993896484,false,0.4797920800418068,0.963347235221196,6.197267840668729e-6,0.000012916569694374128,6.299580846651019e-6,0.00001312981416054659,0.0,1.0,1.0,0.05,2.0,2.0,0.0,0.5,1.0,0.0,1.0
poisson_2d,256,32,256,0,10000,5,0.008468866348266602,0.14104008674621582,0.15434980392456055,false,0.5067125946769261,1.0173994057826905,6.343511051820516e-6,0.000012518952791897864,6.299580846651019e-6,0.000012432256298400389,0.0,1.0,1.0,0.05,2.0,2.0,0.0,0.5,1.0,0.0,1.0
wave,32,32,16,0,10000,5,0.007911920547485352,0.00009799003601074219,0.01582193374633789,false,0.8591836738669444,1.7192070093269896,0.0021304431281889457,0.0024796131409252917,0.0010402908397117996,0.0012107898128810369,0.0,1.0,1.0,0.05,2.0,2.0,0.0,0.5,1.0,0.0,1.0
heat,32,32,16,10000,10,2,7.668190002441406,0.0006039142608642578,0.01170206069946289,false,0.08524522324264108,0.2416539514569673,0.0006137287938351847,0.0071995681457513805,0.0006581365706071615,0.007720509672827625,0.0,1.0,1.0,0.05,2.0,2.0,0.0,0.5,1.0,0.0,1.0
wave,256,256,16,10000,10,0,12.484607934951782,0.0008528232574462891,0.2039790153503418,false,0.4166472747978798,0.833300907201396,0.000026577128463677867,0.0000637880770408752,0.000015783443300198566,0.0000378820269683878,0.0,1.0,1.0,0.05,2.0,2.0,0.0,0.5,1.0,0.0,1.0
wave,8,8,16,10000,10000,0,162.21640992164612,0.000028848648071289062,0.0034399032592773438,false,0.00023397914707014194,0.0004716576267600782,0.000955205151545001,4.082437103928081,0.018958173771005418,81.02505718304059,0.0,1.0,1.0,0.05,2.0,2.0,0.0,0.5,1.0,0.0,1.0
drift_diffusion,8,8,16,0,1000,3,0.002393960952758789,0.000141143798828125,0.0043489933013916016,true,0.7614612094579487,2.047445165455221,0.360536462225699,0.47347974886645805,0.26151842143576154,0.3434428677226055,0.0,1.0,1.0,0.05,2.0,2.0,0.0,0.5,1.0,0.0,1.0
heat,128,128,16,0,1000,1,0.002048015594482422,0.0039060115814208984,0.07111597061157227,false,0.4385151164083874,1.243998156990698,0.0000507207408928272,0.00011566474904730801,0.00003992627534176886,0.00009104880048099793,0.0,1.0,1.0,0.05,2.0,2.0,0.0,0.5,1.0,0.0,1.0
drift_diffusion,256,256,16,0,0,0,0.002087831497192383,0.013226985931396484,0.23368072509765625,false,0.8571739734425506,2.427322668608881,0.0003111979831126793,0.0003630511340222538,0.00023700549940490983,0.00027649637850418746,0.0,1.0,1.0,0.05,2.0,2.0,0.0,0.5,1.0,0.0,1.0
heat,32,32,16,0,10,8,0.0013952255249023438,0.0006163120269775391,0.012107133865356445,false,0.43241487041193943,1.2258136952303458,0.0008467085472892815,0.0019580930380184787,0.0006581365706071615,0.0015220026313623035,0.0,1.0,1.0,0.05,2.0,2.0,0.0,0.5,1.0,0.0,1.0
wave,64,64,16,10000,1,2,9.389732837677002,0.000225067138671875,0.03594088554382324,false,0.8651820399604083,1.7305753446893124,0.0005133159718467721,0.0005933040078712937,0.0002556346352812184,0.0002954691885339142,0.0,1.0,1.0,0.05,2.0,2.0,0.0,0.5,1.0,0.0,1.0
wave,8,8,16,10000,0,2,0.0029900074005126953,0.000028133392333984375,0.003387928009033203,false,0.8306597320073215,1.67445262857671,0.0433799227874041,0.05222345698951222,0.018958173771005418,0.022823032152036855,0.0,1.0,1.0,0.05,2.0,2.0,0.0,0.5,1.0,0.0,1.0
wave,8,8,16,0,1,8,0.001992940902709961,0.000030040740966796875,0.0037157535552978516,false,0.8313504046678567,1.675844893793569,0.04337636175607222,0.05217578714405276,0.018958173771005418,0.022804071140832168,0.0,1.0,1.0,0.05,2.0,2.0,0.0,0.5,1.0,0.0,1.0
wave,64,64,16,0,10000,4,0.0066339969635009766,0.0001900196075439453,0.034056901931762695,false,0.8645257276158756,1.7292625597383957,0.0005131579818024093,0.0005935716722017723,0.0002556346352812184,0.0002956934965789722,0.0,1.0,1.0,0.05,2.0,2.0,0.0,0.5,1.0,0.0,1.0
wave,16,16,16,10000,1,7,9.643846273422241,0.00004601478576660156,0.0072021484375,false,0.8499731509160169,1.7032762683961387,0.009200401747491704,0.010824343966131661,0.004322163832073661,0.005085059248537039,0.0,1.0,1.0,0.05,2.0,2.0,0.0,0.5,1.0,0.0,1.0
drift_diffusion,8,8,16,10000,100,2,12.696424961090088,0.00013589859008789062,0.004559040069580078,true,0.07985143135251958,0.21470749270836545,0.4182747269349819,5.2381619195832165,0.26151842143576154,3.2750624128606733,0.0,1.0,1.0,0.05,2.0,2.0,0.0,0.5,1.0,0.0,1.0
drift_diffusion,16,16,16,0,10000,3,0.006175041198730469,0.00029277801513671875,0.008754968643188477,true,0.8102666108468605,2.231679692434027,0.08752900995990678,0.108024949798221,0.06769679643284385,0.08354879187492333,0.0,1.0,1.0,0.05,2.0,2.0,0.0,0.5,1.0,0.0,1.0
poisson_2d,256,32,256,10000,1000,7,27.687796115875244,0.13707304000854492,0.16038012504577637,false,0.00029496106991469464,0.0005922355599855827,2.0880438483741396e-8,0.0000707904893678787,6.299580846651019e-6,0.021357329794303968,0.0,1.0,1.0,0.05,2.0,2.0,0.0,0.5,1.0,0.0,1.0
poisson_2d,128,32,128,0,1000,7,0.0026369094848632812,0.023640871047973633,0.0307157039642334,false,0.5200628644204152,1.0483156952096555,0.000025668660216811193,0.00004935684120691383,0.000025298111418601268,0.00004864433350147925,0.0,1.0,1.0,0.05,2.0,2.0,0.0,0.5,1.0,0.0,1.0
drift_diffusion,128,128,16,0,10,3,0.001990079879760742,0.0043752193450927734,0.0986170768737793,false,0.8512570124427743,2.4058029703592516,0.00125006130453815,0.0014684887011396984,0.0009525133211054325,0.0011189491624534077,0.0,1.0,1.0,0.05,2.0,2.0,0.0,0.5,1.0,0.0,1.0
heat,64,64,16,10000,10,6,7.90585994720459,0.0017139911651611328,0.02674269676208496,false,0.11041008363068074,0.31314581370109495,0.00015381204570697547,0.0013930978099923662,0.00016125998597565447,0.0014605548757219075,0.0,1.0,1.0,0.05,2.0,2.0,0.0,0.5,1.0,0.0,1.0
poisson_1d,64,32,16,0,10,6,0.0011892318725585938,0.000028848648071289062,0.0003478527069091797,false,0.6533865131667155,0.9313327517747465,0.0001400807115544571,0.00021439180137884883,0.00014539741646764722,0.00022252895267605284,0.0,1.0,1.0,0.05,2.0,2.0,0.0,0.5,1.0,0.0,1.0
heat,8,8,16,10000,1000,4,19.808025121688843,0.00011897087097167969,0.0027761459350585938,false,0.00004967435945001085,0.00014023402440953463,0.000496998572263672,10.005132985415134,0.012171854008336707,245.03293334987424,0.0,1.0,1.0,0.05,2.0,2.0,0.0,0.5,1.0,0.0,1.0
heat,256,256,16,10000,10000,5,92.76752805709839,0.012418031692504883,0.17179298400878906,false,0.00006411293836180999,0.00018189763793948936,3.364676895472691e-7,0.0052480466212287535,9.934186103617024e-6,0.15494822663624794,0.0,1.0,1.0,0.05,2.0,2.0,0.0,0.5,1.0,0.0,1.0
drift_diffusion,256,256,16,0,10,2,0.001964092254638672,0.012541055679321289,0.2105088233947754,false,0.8567716022591727,2.426183244495611,0.00031121921663870893,0.0003632464192534772,0.00023700549940490983,0.0002766262312849345,0.0,1.0,1.0,0.05,2.0,2.0,0.0,0.5,1.0,0.0,1.0
poisson_2d,8,32,8,0,10,2,0.0018000602722167969,0.0000782012939453125,0.0010690689086914062,false,0.44657571350806974,1.0207444880184446,0.007455497724026479,0.016694812320759478,0.007418007097193637,0.016610860986867326,0.0,1.0,1.0,0.05,2.0,2.0,0.0,0.5,1.0,0.0,1.0
heat,64,64,16,0,1000,5,0.002413034439086914,0.001605987548828125,0.024888038635253906,false,0.4340732838970091,1.2311215354796055,0.00020570671382607372,0.0004738985822377424,0.00016125998597565447,0.0003715040569368834,0.0,1.0,1.0,0.05,2.0,2.0,0.0,0.5,1.0,0.0,1.0
heat,64,64,16,0,1000,0,0.0020809173583984375,0.0015139579772949219,0.024503707885742188,false,0.4328297451613582,1.227594602644858,0.00020562605651650197,0.0004750737647197627,0.00016125998597565447,0.000372571404295555,0.0,1.0,1.0,0.05,2.0,2.0,0.0,0.5,1.0,0.0,1.0
poisson_2d,16,32,16,10000,10,9,10.495101928710938,0.00016689300537109375,0.0012118816375732422,false,0.08671234348445922,0.18498633276684626,0.001236858114453996,0.01426392212171808,0.00171723760469867,0.019803842632928437,0.0,1.0,1.0,0.05,2.0,2.0,0.0,0.5,1.0,0.0,1.0
wave,64,64,16,0,10,5,0.0017931461334228516,0.00019097328186035156,0.03404688835144043,false,0.8638319764617826,1.72787488802635,0.0005131714747581765,0.0005940639947829948,0.0002556346352812184,0.0002959309706596953,0.0,1.0,1.0,0.05,2.0,2.0,0.0,0.5,1.0,0.0,1.0
heat,16,16,16,0,10,9,0.0016367435455322266,0.0003581047058105469,0.0067501068115234375,false,0.42369011770960374,1.1996857673930634,0.003589518355476198,0.008472037004026713,0.002749210983530936,0.006488730486310843,0.0,1.0,1.0,0.05,2.0,2.0,0.0,0.5,1.0,0.0,1.0
poisson_2d,256,32,256,0,10,9,0.00185394287109375,0.13947606086730957,0.16656208038330078,false,0.5039492541715126,1.0118510515129975,6.33805210946511e-6,0.000012576766523615163,6.299580846651019e-6,0.00001250042696661485,0.0,1.0,1.0,0.05,2.0,2.0,0.0,0.5,1.0,0.0,1.0
heat,128,128,16,10000,100,6,9.302517890930176,0.003942966461181641,0.07040691375732422,false,0.0004869158673721126,0.0013813034464616454,3.0429687121093993e-6,0.006249475352963319,0.00003992627534176886,0.08199830405454431,0.0,1.0,1.0,0.05,2.0,2.0,0.0,0.5,1.0,0.0,1.0
poisson_1d,64,32,16,10000,10000,3,83.93416595458984,0.000031948089599609375,0.0004286766052246094,false,0.0009459713848842421,0.0013483812647348185,1.3233672935809938e-7,0.00013989506603762582,0.00014539741646764722,0.15370170682850418,0.0,1.0,1.0,0.05,2.0,2.0,0.0,0.5,1.0,0.0,1.0
poisson_2d,32,32,32,0,100,4,0.002156972885131836,0.0007631778717041016,0.002668142318725586,false,0.4896896734960457,1.0109722291531262,0.00041594752052517267,0.0008494104389737175,0.00041476287710914914,0.0008469912672407994,0.0,1.0,1.0,0.05,2.0,2.0,0.0,0.5,1.0,0.0,1.0
heat,256,256,16,0,100,2,0.0015850067138671875,0.012421131134033203,0.1736152172088623,false,0.4386110516738109,1.2444027104698303,0.000012599517194912857,0.000028725945565737692,9.934186103617024e-6,0.000022649192412518006,0.0,1.0,1.0,0.05,2.0,2.0,0.0,0.5,1.0,0.0,1.0
poisson_2d,8,32,8,0,100,5,0.0019919872283935547,0.00004100799560546875,0.0007228851318359375,false,0.44511064311566406,1.0173957556929458,0.007469581771253386,0.016781404549143477,0.007418007097193637,0.016665535214501783,0.0,1.0,1.0,0.05,2.0,2.0,0.0,0.5,1.0,0.0,1.0
poisson_1d,8,32,16,0,1000,6,0.0016338825225830078,0.00002002716064453125,0.0003361701965332031,false,0.6160207248248304,0.9313357944847166,0.010803985412270165,0.01753834729398487,0.011214972573078455,0.018205511797135566,0.0,1.0,1.0,0.05,2.0,2.0,0.0,0.5,1.0,0.0,1.0
heat,8,8,16,0,100,5,0.0015869140625,0.0001227855682373047,0.0027670860290527344,false,0.40941282352252856,1.155799662504198,0.016211917063866533,0.0395979708803001,0.012171854008336707,0.029730026293782977,0.0,1.0,1.0,0.05,2.0,2.0,0.0,0.5,1.0,0.0,1.0
poisson_2d,64,32,64,10000,1000,6,27.721116065979004,0.004127025604248047,0.008068084716796875,false,0.000011436666893519337,0.00002323640257730912,3.373958201383796e-7,0.029501236966743956,0.00010200512199543541,8.919130280199502,0.0,1.0,1.0,0.05,2.0,2.0,0.0,0.5,1.0,0.0,1.0
poisson_1d,32,32,16,10000,100,4,7.854598760604858,0.000026941299438476562,0.00043392181396484375,false,0.001110100745636163,0.0015950398376010486,7.947556865742078e-7,0.0007159311348076677,0.000595948894502332,0.5368421711677702,0.0,1.0,1.0,0.05,2.0,2.0,0.0,0.5,1.0,0.0,1.0
wave,256,256,16,10000,1000,9,27.98876404762268,0.0008571147918701172,0.2013850212097168,false,0.00018674746000413992,0.0003734977695809907,5.868620813997043e-7,0.0031425438471097823,0.000015783443300198566,0.08451757951535309,0.0,1.0,1.0,0.05,2.0,2.0,0.0,0.5,1.0,0.0,1.0
poisson_2d,256,32,256,0,100,6,0.002140045166015625,0.14034509658813477,0.15229320526123047,false,0.4996638107504343,1.0032465533498913,6.297406753454148e-6,0.000012603287686567109,6.299580846651019e-6,0.000012607638798554999,0.0,1.0,1.0,0.05,2.0,2.0,0.0,0.5,1.0,0.0,1.0
drift_diffusion,1024,1024,16,10000,10000,0,116.79411101341248,0.14212989807128906,1.2347469329833984,false,0.00788781019719734,0.022369937888610202,2.3099326544013773e-6,0.0002928484074353237,0.000014764764867249851,0.0018718458606541788,0.0,1.0,1.0,0.05,2.0,2.0,0.0,0.5,1.0,0.0,1.0
poisson_2d,32,32,32,10000,100,2,12.32990312576294,0.0008251667022705078,0.0023179054260253906,false,0.00013517522001602828,0.00027907142196857443,3.061155579003347e-6,0.022645833893505843,0.00041476287710914914,3.0683351361267412,0.0,1.0,1.0,0.05,2.0,2.0,0.0,0.5,1.0,0.0,1.0
drift_diffusion,256,256,16,10000,1000,2,24.995678901672363,0.012547016143798828,0.21551728248596191,false,0.007891632749045403,0.022347317647970988,0.0000372433654622751,0.004719348536179627,0.00023700549940490983,0.030032504925368676,0.0,1.0,1.0,0.05,2.0,2.0,0.0,0.5,1.0,0.0,1.0
poisson_2d,32,32,32,10000,1000,7,27.687796115875244,0.0007481575012207031,0.002259969711303711,false,0.00028686392966877414,0.0005922352096387594,1.2261579851407493e-6,0.004274353999668409,0.00041476287710914914,1.445852316071624,0.0,1.0,1.0,0.05,2.0,2.0,0.0,0.5,1.0,0.0,1.0
heat,32,32,16,0,1000,0,0.0020809173583984375,0.0005660057067871094,0.01097416877746582,false,0.4293616673703614,1.217158446859447,0.0008459963546519755,0.0019703583690488854,0.0006581365706071615,0.0015328256354088122,0.0,1.0,1.0,0.05,2.0,2.0,0.0,0.5,1.0,0.0,1.0
wave,128,128,16,10000,10000,8,143.98807382583618,0.0004899501800537109,0.09376072883605957,false,0.0003194124364502714,0.000638844369180983,3.4875191620595836e-6,0.010918545316570525,0.00006338688741085187,0.19844840143129672,0.0,1.0,1.0,0.05,2.0,2.0,0.0,0.5,1.0,0.0,1.0
wave,256,256,16,10000,1,8,9.621138095855713,0.00084686279296875,0.21104192733764648,false,0.8695756029145622,1.7391644746516726,0.000031209788253303354,0.000035890827834517554,0.000015783443300198566,0.000018150743014520066,0.0,1.0,1.0,0.05,2.0,2.0,0.0,0.5,1.0,0.0,1.0
heat,128,128,16,0,10000,5,0.006636857986450195,0.004240274429321289,0.07959198951721191,false,0.43580358793685386,1.2363059787852055,0.000050716430134969404,0.00011637451259882236,0.00003992627534176886,0.00009161529745724351,0.0,1.0,1.0,0.05,2.0,2.0,0.0,0.5,1.0,0.0,1.0
drift_diffusion,32,32,16,0,1,0,0.002171754837036133,0.000743865966796875,0.020208358764648438,false,0.8366391426703357,2.3374982517032854,0.020685464243710015,0.024724475808874255,0.015825675346876712,0.018915772093049878,0.0,1.0,1.0,0.05,2.0,2.0,0.0,0.5,1.0,0.0,1.0
wave,32,32,16,10000,1,2,9.389732837677002,0.00010418891906738281,0.016825199127197266,false,0.8605374701178856,1.7219159248646225,0.0021310784112614166,0.002476450457142184,0.0010402908397117996,0.0012088850001723797,0.0,1.0,1.0,0.05,2.0,2.0,0.0,0.5,1.0,0.0,1.0
drift_diffusion,32,32,16,10000,10000,2,113.75466871261597,0.00061798095703125,0.01774907112121582,false,0.005755087379656554,0.01607922221450208,0.0024580119430953097,0.42710245404509456,0.015825675346876712,2.749858395342186,0.0,1.0,1.0,0.05,2.0,2.0,0.0,0.5,1.0,0.0,1.0
wave,64,64,16,10000,100,7,12.700606107711792,0.000186920166015625,0.033399105072021484,false,0.0945203718203912,0.18906382412968356,0.0015750016087908328,0.016663091547964592,0.0002556346352812184,0.0027045453837928005,0.0,1.0,1.0,0.05,2.0,2.0,0.0,0.5,1.0,0.0,1.0
wave,32,32,16,10000,100,8,12.932720184326172,0.0001049041748046875,0.015598058700561523,false,0.07528102957514311,0.15063562966977578,0.006237647632764921,0.08285816052155202,0.0010402908397117996,0.013818764774908043,0.0,1.0,1.0,0.05,2.0,2.0,0.0,0.5,1.0,0.0,1.0
poisson_1d,256,32,16,0,10,4,0.0012879371643066406,0.00006008148193359375,0.0006451606750488281,false,0.7072843700853502,1.0022105063318971,8.823449759826718e-6,0.000012475109210687016,8.926404123405047e-6,0.000012620672110042344,0.0,1.0,1.0,0.05,2.0,2.0,0.0,0.5,1.0,0.0,1.0
drift_diffusion,128,128,16,0,1,5,0.002165079116821289,0.004758119583129883,0.10890316963195801,false,0.8531667436150674,2.411200208631282,0.0012504379090505244,0.0014656430509142045,0.0009525133211054325,0.0011164445030632702,0.0,1.0,1.0,0.05,2.0,2.0,0.0,0.5,1.0,0.0,1.0
heat,256,256,16,10000,1000,6,19.479942798614502,0.012902975082397461,0.16661500930786133,false,0.0003970207282979794,0.0011264049743418974,4.616673508839541e-7,0.001162829338566269,9.934186103617024e-6,0.025021832351681473,0.0,1.0,1.0,0.05,2.0,2.0,0.0,0.5,1.0,0.0,1.0
wave,128,128,16,10000,10,8,10.855016946792603,0.0004773139953613281,0.08905887603759766,false,0.459473539186449,0.9189751236959743,0.00013244965667959943,0.0002882639485923756,0.00006338688741085187,0.0001379554686067138,0.0,1.0,1.0,0.05,2.0,2.0,0.0,0.5,1.0,0.0,1.0
poisson_1d,32,32,16,0,1000,3,0.0020089149475097656,0.000030994415283203125,0.00043082237243652344,false,0.6865717621514653,0.9864954296341518,0.0005833555639625343,0.000849664370312159,0.000595948894502332,0.0008680067071719431,0.0,1.0,1.0,0.05,2.0,2.0,0.0,0.5,1.0,0.0,1.0
drift_diffusion,16,16,16,0,1000,1,0.00279998779296875,0.00029206275939941406,0.008754968643188477,true,0.8162964704412724,2.248287454650729,0.08753440592946492,0.10723359600237604,0.06769679643284385,0.08293162948046119,0.0,1.0,1.0,0.05,2.0,2.0,0.0,0.5,1.0,0.0,1.0
poisson_1d,32,32,16,0,100,0,0.0015621185302734375,0.000026226043701171875,0.000415802001953125,false,0.6986146560344731,1.003799170379224,0.0006030014944655201,0.0008631389124990886,0.000595948894502332,0.0008530437908146674,0.0,1.0,1.0,0.05,2.0,2.0,0.0,0.5,1.0,0.0,1.0
wave,64,64,16,10000,1000,2,28.119762897491455,0.00021791458129882812,0.03761482238769531,false,0.0010030882508904192,0.0020064214412240044,0.00001007971691000126,0.010048684052527497,0.0002556346352812184,0.2548476019475572,0.0,1.0,1.0,0.05,2.0,2.0,0.0,0.5,1.0,0.0,1.0
poisson_2d,64,32,64,10000,10,1,10.727699995040894,0.004658937454223633,0.00943613052368164,false,0.1700944883594133,0.34558880174610945,0.00008128345093105922,0.0004778723385751659,0.00010200512199543541,0.0005996968095750189,0.0,1.0,1.0,0.05,2.0,2.0,0.0,0.5,1.0,0.0,1.0
heat,256,256,16,0,10000,7,0.0071790218353271484,0.011806964874267578,0.15831232070922852,false,0.45189704658994734,1.2820969911356628,0.000012585418019543506,0.000027850188697877344,9.934186103617024e-6,0.000021983295041605638,0.0,1.0,1.0,0.05,2.0,2.0,0.0,0.5,1.0,0.0,1.0
poisson_2d,64,32,64,0,10000,4,0.01032400131225586,0.004794120788574219,0.009810209274291992,false,0.49758789739045645,1.0109722359679112,0.00010229653681087137,0.00020558485716263195,0.00010200512199543541,0.00020499920221209105,0.0,1.0,1.0,0.05,2.0,2.0,0.0,0.5,1.0,0.0,1.0
poisson_1d,64,32,16,0,10000,5,0.0037839412689208984,0.000029802322387695312,0.0003762245178222656,false,0.7105806168396468,1.012856843389123,0.00014593723620991305,0.00020537745155360177,0.00014539741646764722,0.00020461776330785888,0.0,1.0,1.0,0.05,2.0,2.0,0.0,0.5,1.0,0.0,1.0
drift_diffusion,16,16,16,0,1,0,0.002171754837036133,0.00031375885009765625,0.010210037231445312,true,0.8130949398971672,2.239469627772093,0.08755592824651669,0.10768229385069097,0.06769679643284385,0.08325816963195652,0.0,1.0,1.0,0.05,2.0,2.0,0.0,0.5,1.0,0.0,1.0
poisson_2d,128,32,128,10000,1000,5,27.73399782180786,0.022876739501953125,0.03478717803955078,false,8.719912311451505e-6,0.00001757714607662665,7.13831063495725e-8,0.008186218369995458,0.000025298111418601268,2.9011887407500843,0.0,1.0,1.0,0.05,2.0,2.0,0.0,0.5,1.0,0.0,1.0
wave,256,256,16,10000,0,2,0.0029900074005126953,0.0010030269622802734,0.20528292655944824,false,0.8685480065398609,1.737109266222214,0.00003121341066423258,0.000035937461636209604,0.000015783443300198566,0.00001817221751861128,0.0,1.0,1.0,0.05,2.0,2.0,0.0,0.5,1.0,0.0,1.0
poisson_1d,64,32,16,10000,10,1,6.621852159500122,0.00004291534423828125,0.0003788471221923828,false,0.00021199152904745696,0.000302171303083398,4.1414590364000995e-6,0.019535964738812882,0.00014539741646764722,0.6858642754306924,0.0,1.0,1.0,0.05,2.0,2.0,0.0,0.5,1.0,0.0,1.0
heat,16,16,16,0,100,9,0.0016620159149169922,0.00031876564025878906,0.00617218017578125,false,0.42369011770960374,1.1996857673930634,0.003589518355476198,0.008472037004026713,0.002749210983530936,0.006488730486310843,0.0,1.0,1.0,0.05,2.0,2.0,0.0,0.5,1.0,0.0,1.0
wave,128,128,16,0,10,2,0.0019478797912597656,0.0004889965057373047,0.0927739143371582,false,0.867417999088299,1.7348889435933672,0.00012599661323926605,0.00014525478301314357,0.00006338688741085187,0.00007307536559937048,0.0,1.0,1.0,0.05,2.0,2.0,0.0,0.5,1.0,0.0,1.0
heat,32,32,16,0,0,1,0.0025169849395751953,0.0006291866302490234,0.011769771575927734,false,0.4334418429208511,1.2287249664473825,0.0008464145007025325,0.0019527752443067484,0.0006581365706071615,0.0015183964846867373,0.0,1.0,1.0,0.05,2.0,2.0,0.0,0.5,1.0,0.0,1.0
heat,16,16,16,10000,10000,1,96.57632112503052,0.00027489662170410156,0.0058019161224365234,false,0.00007018673279490877,0.00019873492648130137,0.00009266247634250742,1.3202278073427713,0.002749210983530936,39.169952411952735,0.0,1.0,1.0,0.05,2.0,2.0,0.0,0.5,1.0,0.0,1.0
drift_diffusion,32,32,16,0,1,1,0.0021109580993652344,0.0009300708770751953,0.020865917205810547,false,0.8398415723255136,2.3464455664276342,0.02068028218755733,0.024624027755965706,0.015825675346876712,0.018843643692292536,0.0,1.0,1.0,0.05,2.0,2.0,0.0,0.5,1.0,0.0,1.0
drift_diffusion,16,16,16,0,10000,7,0.006392955780029297,0.00028586387634277344,0.009393930435180664,true,0.820565718505757,2.260046046304303,0.08762961941414417,0.1067917138601853,0.06769679643284385,0.08250015191485104,0.0,1.0,1.0,0.05,2.0,2.0,0.0,0.5,1.0,0.0,1.0
poisson_2d,256,32,256,10000,10000,7,144.9688482284546,0.13175678253173828,0.15709400177001953,false,0.000010113266555507353,0.000020305852848704953,2.3861107852208936e-8,0.002359386823338402,6.299580846651019e-6,0.6229026805546012,0.0,1.0,1.0,0.05,2.0,2.0,0.0,0.5,1.0,0.0,1.0
poisson_1d,32,32,16,0,10000,5,0.0037839412689208984,0.000024080276489257812,0.00035572052001953125,false,0.7049185268691891,1.0128568393808794,0.0005981611748903054,0.000848553630086822,0.000595948894502332,0.0008454152810384589,0.0,1.0,1.0,0.05,2.0,2.0,0.0,0.5,1.0,0.0,1.0
heat,256,256,16,10000,10000,8,94.29605984687805,0.011371135711669922,0.1540999412536621,false,0.00008125119929911448,0.0002305213520062782,3.1722094124851846e-7,0.0039042001100848397,9.934186103617024e-6,0.12226510118371958,0.0,1.0,1.0,0.05,2.0,2.0,0.0,0.5,1.0,0.0,1.0
drift_diffusion,8,8,16,0,10,7,0.0019762516021728516,0.00013375282287597656,0.0043489933013916016,true,0.7724378789016125,2.076959641709668,0.3609794948748928,0.467324952251431,0.26151842143576154,0.33856239909885594,0.0,1.0,1.0,0.05,2.0,2.0,0.0,0.5,1.0,0.0,1.0
poisson_1d,32,32,16,0,1000,8,0.0015888214111328125,0.00002193450927734375,0.00033092498779296875,false,0.6901225901090229,0.9915974098562498,0.0005936748011121175,0.0008602454254081597,0.000595948894502332,0.0008635406274821206,0.0,1.0,1.0,0.05,2.0,2.0,0.0,0.5,1.0,0.0,1.0
drift_diffusion,64,64,16,0,1000,1,0.00279998779296875,0.001573801040649414,0.03824877738952637,false,0.8515617030136636,2.397295205213211,0.00505052668417155,0.005930899271653262,0.003851464283566381,0.004522824676046502,0.0,1.0,1.0,0.05,2.0,2.0,0.0,0.5,1.0,0.0,1.0
wave,128,128,16,10000,10,4,10.399818897247314,0.0004858970642089844,0.09893178939819336,false,0.48982792015695215,0.9796857384061795,0.000420552355074619,0.0008585716284605913,0.00006338688741085187,0.0001294064401035801,0.0,1.0,1.0,0.05,2.0,2.0,0.0,0.5,1.0,0.0,1.0
heat,64,64,16,10000,100,2,9.018018007278442,0.0015070438385009766,0.024181842803955078,false,0.00024596684287711936,0.0006976127960729271,0.000012619831440827571,0.051307043230729606,0.00016125998597565447,0.6556167656148333,0.0,1.0,1.0,0.05,2.0,2.0,0.0,0.5,1.0,0.0,1.0
heat,64,64,16,10000,1,5,6.8996498584747314,0.0014989376068115234,0.025699138641357422,false,0.4296490265567662,1.218573427378649,0.00020566990328770853,0.0004786928180332672,0.00016125998597565447,0.0003753295736941427,0.0,1.0,1.0,0.05,2.0,2.0,0.0,0.5,1.0,0.0,1.0
wave,64,64,16,10000,1,9,10.00851821899414,0.00020003318786621094,0.03559613227844238,false,0.863544218656153,1.7272993021488539,0.0005132350792745483,0.0005943356092097337,0.0002556346352812184,0.0002960295833825821,0.0,1.0,1.0,0.05,2.0,2.0,0.0,0.5,1.0,0.0,1.0
wave,64,64,16,10000,10,4,10.399818897247314,0.00018215179443359375,0.03279519081115723,false,0.4873090949447081,0.9747371836252711,0.0021004417616123537,0.004310286393999433,0.0002556346352812184,0.000524584166257401,0.0,1.0,1.0,0.05,2.0,2.0,0.0,0.5,1.0,0.0,1.0
drift_diffusion,8,8,16,10000,10,1,11.380289793014526,0.00013518333435058594,0.0046520233154296875,true,0.7057912405123179,1.8977576864831633,0.938169144839763,1.3292445286778667,0.26151842143576154,0.3705322571670501,0.0,1.0,1.0,0.05,2.0,2.0,0.0,0.5,1.0,0.0,1.0
wave,256,256,16,0,10000,2,0.007330894470214844,0.0009069442749023438,0.20663905143737793,false,0.8685480065398609,1.737109266222214,0.00003121341066423258,0.000035937461636209604,0.000015783443300198566,0.00001817221751861128,0.0,1.0,1.0,0.05,2.0,2.0,0.0,0.5,1.0,0.0,1.0
poisson_1d,8,32,16,0,10,3,0.0011699199676513672,0.00002384185791015625,0.0005221366882324219,false,0.6525044826341049,0.9864940516598314,0.010976494507705166,0.01682209823815155,0.011214972573078455,0.017187579352412365,0.0,1.0,1.0,0.05,2.0,2.0,0.0,0.5,1.0,0.0,1.0
drift_diffusion,256,256,16,10000,0,1,0.003513813018798828,0.012981176376342773,0.23204684257507324,false,0.8603406820919218,2.436290070708863,0.00031111910411388115,0.00036162314602791273,0.00023700549940490983,0.00027547866134683993,0.0,1.0,1.0,0.05,2.0,2.0,0.0,0.5,1.0,0.0,1.0
drift_diffusion,8,8,16,0,10,2,0.001964092254638672,0.0001621246337890625,0.005434751510620117,true,0.7645438201980633,2.055733803639851,0.36067353940194,0.47174998982857985,0.26151842143576154,0.3420581195306926,0.0,1.0,1.0,0.05,2.0,2.0,0.0,0.5,1.0,0.0,1.0
wave,8,8,16,0,1000,0,0.0028710365295410156,0.000027894973754882812,0.0034379959106445312,false,0.8285386607812629,1.6701769508797912,0.043366596447309474,0.05234106566182118,0.018958173771005418,0.022881459451908955,0.0,1.0,1.0,0.05,2.0,2.0,0.0,0.5,1.0,0.0,1.0
heat,256,256,16,0,1000,0,0.0020809173583984375,0.014060020446777344,0.1733708381652832,false,0.43542091667678384,1.2353518381265192,0.000012586761227654844,0.000028907112050839042,9.934186103617024e-6,0.000022815132950976818,0.0,1.0,1.0,0.05,2.0,2.0,0.0,0.5,1.0,0.0,1.0
drift_diffusion,16,16,16,10000,1,9,10.654066801071167,0.00028896331787109375,0.008747100830078125,true,0.5831607987191108,1.6061727022971397,0.08641920722603608,0.1481910433894946,0.06769679643284385,0.11608598620061075,0.0,1.0,1.0,0.05,2.0,2.0,0.0,0.5,1.0,0.0,1.0
poisson_2d,16,32,16,10000,1,3,9.422837018966675,0.0001900196075439453,0.0012598037719726562,false,0.17687299422138558,0.37732905433895575,0.0010129182080986956,0.005726810995413249,0.00171723760469867,0.009708873942334375,0.0,1.0,1.0,0.05,2.0,2.0,0.0,0.5,1.0,0.0,1.0
poisson_1d,128,32,16,0,1000,1,0.0017862319946289062,0.000047206878662109375,0.0007443428039550781,false,0.7349555768813335,1.043468184443722,0.00003698936228198264,0.00005032870481633881,0.00003591751011898671,0.00004887031440920133,0.0,1.0,1.0,0.05,2.0,2.0,0.0,0.5,1.0,0.0,1.0
wave,32,32,16,0,1000,0,0.0028710365295410156,0.00009179115295410156,0.014880895614624023,false,0.8585523740768571,1.7179437927912053,0.002130498523585927,0.0024815009403202763,0.0010402908397117996,0.0012116801154156184,0.0,1.0,1.0,0.05,2.0,2.0,0.0,0.5,1.0,0.0,1.0
poisson_1d,64,32,16,0,1,7,0.001271963119506836,0.00003790855407714844,0.0004482269287109375,false,0.6639229076231498,0.9463512577358442,0.0001429576911985475,0.00021532272731835287,0.00014539741646764722,0.00021899743900714513,0.0,1.0,1.0,0.05,2.0,2.0,0.0,0.5,1.0,0.0,1.0
heat,8,8,16,10000,1000,8,19.306674003601074,0.0001201629638671875,0.0030269622802734375,false,0.0000629273225556724,0.0001776480217360285,0.0004749729584917316,7.547960714056501,0.012171854008336707,193.4271714412894,0.0,1.0,1.0,0.05,2.0,2.0,0.0,0.5,1.0,0.0,1.0
drift_diffusion,16,16,16,10000,1000,5,24.850924968719482,0.00032782554626464844,0.009241819381713867,true,0.005815090678579264,0.01601623416702835,0.008827618949369332,1.5180535330062872,0.06769679643284385,11.641571933213996,0.0,1.0,1.0,0.05,2.0,2.0,0.0,0.5,1.0,0.0,1.0
drift_diffusion,256,256,16,10000,1,6,10.608177900314331,0.013386964797973633,0.23711585998535156,false,0.74811658508625,2.1184968302864897,0.0003027512900309151,0.0004046846388200457,0.00023700549940490983,0.00031680289426759,0.0,1.0,1.0,0.05,2.0,2.0,0.0,0.5,1.0,0.0,1.0
poisson_1d,256,32,16,0,1,4,0.0016210079193115234,0.00005507469177246094,0.0007627010345458984,false,0.7072843700853502,1.0022105063318971,8.823449759826718e-6,0.000012475109210687016,8.926404123405047e-6,0.000012620672110042344,0.0,1.0,1.0,0.05,2.0,2.0,0.0,0.5,1.0,0.0,1.0
drift_diffusion,128,128,16,0,1,9,0.0021390914916992188,0.004503011703491211,0.09932708740234375,false,0.8534444757491265,2.4119851287944254,0.00125043488500692,0.001465162550743946,0.0009525133211054325,0.0011160811841559421,0.0,1.0,1.0,0.05,2.0,2.0,0.0,0.5,1.0,0.0,1.0
poisson_1d,256,32,16,10000,1000,6,17.207457065582275,0.000052928924560546875,0.0005428791046142578,false,4.744069934921259e-6,6.722270323855196e-6,1.1163211668782306e-8,0.0023530875011715615,8.926404123405047e-6,1.8815920181760657,0.0,1.0,1.0,0.05,2.0,2.0,0.0,0.5,1.0,0.0,1.0
heat,128,128,16,0,1000,6,0.0023431777954101562,0.003922939300537109,0.0750119686126709,false,0.4396598981397311,1.2472457220361453,0.00005072912237985006,0.00011538264598270797,0.00003992627534176886,0.00009081172858999214,0.0,1.0,1.0,0.05,2.0,2.0,0.0,0.5,1.0,0.0,1.0
wave,256,256,16,0,10,6,0.002002239227294922,0.0009739398956298828,0.1971273422241211,false,0.8707115022323686,1.7414362906199319,0.00003121391102945786,0.00003584874088539115,0.000015783443300198566,0.000018127064199487748,0.0,1.0,1.0,0.05,2.0,2.0,0.0,0.5,1.0,0.0,1.0
heat,256,256,16,10000,1000,2,19.523204803466797,0.011653661727905273,0.14814519882202148,false,0.00008843457034711073,0.000250901610023773,4.14044817673529e-7,0.004681933954650441,9.934186103617024e-6,0.11233374080536089,0.0,1.0,1.0,0.05,2.0,2.0,0.0,0.5,1.0,0.0,1.0
drift_diffusion,16,16,16,0,100,7,0.0023040771484375,0.00028514862060546875,0.008756875991821289,true,0.820565718505757,2.260046046304303,0.08762961941414417,0.1067917138601853,0.06769679643284385,0.08250015191485104,0.0,1.0,1.0,0.05,2.0,2.0,0.0,0.5,1.0,0.0,1.0
heat,32,32,16,10000,100,6,9.302517890930176,0.0005972385406494141,0.012040853500366211,false,0.0004983394083816207,0.0014126971884321025,0.000048372571383076436,0.09706752179234389,0.0006581365706071615,1.320659292718505,0.0,1.0,1.0,0.05,2.0,2.0,0.0,0.5,1.0,0.0,1.0
poisson_2d,8,32,8,0,1,8,0.0018620491027832031,0.00006127357482910156,0.0008556842803955078,false,0.4391611649818236,1.003796948529882,0.007420564229542657,0.016897132126538976,0.007418007097193637,0.016891309361338126,0.0,1.0,1.0,0.05,2.0,2.0,0.0,0.5,1.0,0.0,1.0
poisson_2d,8,32,8,10000,1,0,9.913221836090088,0.00004315376281738281,0.0006947517395019531,false,0.2404410343922044,0.5495795071821812,0.006081401122887375,0.025292692398617228,0.007418007097193637,0.030851668542955412,0.0,1.0,1.0,0.05,2.0,2.0,0.0,0.5,1.0,0.0,1.0
poisson_2d,64,32,64,10000,10,6,10.595207214355469,0.004166126251220703,0.007846832275390625,false,0.0989813539128071,0.2011049730291953,0.00007446613184350295,0.0007523248460422179,0.00010200512199543541,0.0010305488656509169,0.0,1.0,1.0,0.05,2.0,2.0,0.0,0.5,1.0,0.0,1.0
heat,64,64,16,10000,1,4,6.8093249797821045,0.0014548301696777344,0.026853084564208984,false,0.4319821813700821,1.2251907365815868,0.00020570643532929648,0.00047619194541051295,0.00016125998597565447,0.00037330240211343787,0.0,1.0,1.0,0.05,2.0,2.0,0.0,0.5,1.0,0.0,1.0
poisson_1d,64,32,16,0,10000,2,0.0039899349212646484,0.000028848648071289062,0.0003991127014160156,false,0.6462210212351163,0.9211191076544657,0.00013917236390703476,0.00021536341179529547,0.00014539741646764722,0.00022499642024914395,0.0,1.0,1.0,0.05,2.0,2.0,0.0,0.5,1.0,0.0,1.0
wave,8,8,16,10000,100,2,13.22167420387268,0.000026941299438476562,0.0034868717193603516,false,0.09219354042506166,0.185844708915271,0.8763436702136517,9.505477999578241,0.018958173771005418,0.20563451282593173,0.0,1.0,1.0,0.05,2.0,2.0,0.0,0.5,1.0,0.0,1.0
poisson_1d,16,32,16,10000,1000,4,17.658069849014282,0.000024080276489257812,0.00047898292541503906,false,0.00005232354986955366,0.0000764234361394694,2.540304404300369e-6,0.048549924663534375,0.0025081860605056672,47.936083594365456,0.0,1.0,1.0,0.05,2.0,2.0,0.0,0.5,1.0,0.0,1.0
poisson_2d,8,32,8,10000,10,0,10.6875901222229,0.000041961669921875,0.0007982254028320312,false,0.06080127271793778,0.13897433764100056,0.01501012358305147,0.2468718648815901,0.007418007097193637,0.12200414178180749,0.0,1.0,1.0,0.05,2.0,2.0,0.0,0.5,1.0,0.0,1.0
wave,32,32,16,0,10000,4,0.0066339969635009766,0.00009083747863769531,0.015794038772583008,false,0.8598792812907126,1.7205989039765932,0.0021304022180709363,0.0024775596579942227,0.0010402908397117996,0.0012098103330856886,0.0,1.0,1.0,0.05,2.0,2.0,0.0,0.5,1.0,0.0,1.0
drift_diffusion,32,32,16,0,10000,4,0.005850076675415039,0.0007660388946533203,0.020457029342651367,false,0.8364808190730291,2.3370559091053447,0.020688035926587,0.024732229902788512,0.015825675346876712,0.018919352346195337,0.0,1.0,1.0,0.05,2.0,2.0,0.0,0.5,1.0,0.0,1.0
drift_diffusion,64,64,16,0,10000,3,0.006175041198730469,0.0015308856964111328,0.03655195236206055,false,0.8454084174706576,2.379972629671883,0.005050248664883527,0.005973738326373844,0.003851464283566381,0.004555743950467653,0.0,1.0,1.0,0.05,2.0,2.0,0.0,0.5,1.0,0.0,1.0
poisson_2d,32,32,32,0,100,5,0.0019919872283935547,0.0007100105285644531,0.0022220611572265625,false,0.49280283265308183,1.0173993964450718,0.00041765481108082587,0.0008475089496387737,0.00041476287710914914,0.0008416406108629848,0.0,1.0,1.0,0.05,2.0,2.0,0.0,0.5,1.0,0.0,1.0
drift_diffusion,64,64,16,0,10,5,0.0018281936645507812,0.0017838478088378906,0.05496811866760254,false,0.8473213248849515,2.385357798774808,0.005051769123002658,0.00596204648064131,0.003851464283566381,0.004545458930930753,0.0,1.0,1.0,0.05,2.0,2.0,0.0,0.5,1.0,0.0,1.0
heat,256,256,16,0,1,8,0.002413034439086914,0.013444185256958008,0.18260622024536133,false,0.4384964962382153,1.2440777002038779,0.000012597424522627299,0.00002872867772193939,9.934186103617024e-6,0.00002265510942240284,0.0,1.0,1.0,0.05,2.0,2.0,0.0,0.5,1.0,0.0,1.0
wave,8,8,16,10000,100,7,12.700606107711792,0.000025987625122070312,0.0033202171325683594,false,0.09109403994115028,0.18362832427007125,0.1725968640741648,1.8947108305402616,0.018958173771005418,0.20811651106101997,0.0,1.0,1.0,0.05,2.0,2.0,0.0,0.5,1.0,0.0,1.0
wave,16,16,16,10000,10000,2,144.22616171836853,0.00005698204040527344,0.008080005645751953,false,0.00017545533749564794,0.00035159806188901686,0.00013353112916876414,0.7610548135761341,0.004322163832073661,24.63398317636479,0.0,1.0,1.0,0.05,2.0,2.0,0.0,0.5,1.0,0.0,1.0
heat,16,16,16,0,10,5,0.001634836196899414,0.00026488304138183594,0.005954742431640625,false,0.423610059590164,1.1994590814675685,0.003586653019608964,0.008466874047039849,0.002749210983530936,0.006489956792316861,0.0,1.0,1.0,0.05,2.0,2.0,0.0,0.5,1.0,0.0,1.0
heat,8,8,16,0,10000,4,0.006983757019042969,0.0001289844512939453,0.0035130977630615234,false,0.4097007689585443,1.1566125516435835,0.016214072381377696,0.039575401390126067,0.012171854008336707,0.0297091314699688,0.0,1.0,1.0,0.05,2.0,2.0,0.0,0.5,1.0,0.0,1.0
heat,8,8,16,0,10000,7,0.0071790218353271484,0.00012803077697753906,0.004038810729980469,false,0.42462565832198185,1.1987465081248572,0.016202877441043467,0.038158027249397326,0.012171854008336707,0.028664904651397975,0.0,1.0,1.0,0.05,2.0,2.0,0.0,0.5,1.0,0.0,1.0
poisson_2d,64,32,64,0,1,9,0.0019466876983642578,0.00462794303894043,0.011410713195800781,false,0.4980204392688719,1.0118510512129457,0.00010262809459647458,0.00020607205348266354,0.00010200512199543541,0.00020482115582482095,0.0,1.0,1.0,0.05,2.0,2.0,0.0,0.5,1.0,0.0,1.0
poisson_1d,8,32,16,10000,10,5,6.492530107498169,0.0000209808349609375,0.0004169940948486328,false,0.0002541138796150886,0.0003841840743721886,0.00034775873546514434,1.3685153128658876,0.011214972573078455,44.133648229138785,0.0,1.0,1.0,0.05,2.0,2.0,0.0,0.5,1.0,0.0,1.0
heat,32,32,16,10000,10,8,7.756907224655151,0.0005619525909423828,0.010947704315185547,false,0.08654175811935638,0.24532938058064047,0.0005938634422319349,0.0068621605931889155,0.0006581365706071615,0.0076048440072071805,0.0,1.0,1.0,0.05,2.0,2.0,0.0,0.5,1.0,0.0,1.0
drift_diffusion,8,8,16,0,10,9,0.0018732547760009766,0.00015592575073242188,0.0045719146728515625,true,0.7638067095822806,2.0537518332545646,0.36063678339808236,0.47215712938069304,0.26151842143576154,0.3423882222490343,0.0,1.0,1.0,0.05,2.0,2.0,0.0,0.5,1.0,0.0,1.0
poisson_2d,16,32,16,0,100,4,0.002156972885131836,0.0002238750457763672,0.0012989044189453125,false,0.47389317373123163,1.0109721039599604,0.0017221373797515454,0.003634020229057477,0.00171723760469867,0.0036236808206749995,0.0,1.0,1.0,0.05,2.0,2.0,0.0,0.5,1.0,0.0,1.0
poisson_2d,16,32,16,0,1,0,0.0017731189727783203,0.0002040863037109375,0.0011959075927734375,false,0.46494753639460346,0.9918880776418203,0.0017090669237529031,0.003675827464332252,0.00171723760469867,0.0036934008039161666,0.0,1.0,1.0,0.05,2.0,2.0,0.0,0.5,1.0,0.0,1.0
wave,8,8,16,10000,10,6,10.830904006958008,0.000025987625122070312,0.003258943557739258,false,0.26975833720928116,0.5437816947368072,0.0687052734002501,0.25469193690554165,0.018958173771005418,0.07027836087341194,0.0,1.0,1.0,0.05,2.0,2.0,0.0,0.5,1.0,0.0,1.0
heat,64,64,16,10000,0,0,0.0072209835052490234,0.001474142074584961,0.024255037307739258,false,0.4328297451613582,1.227594602644858,0.00020562605651650197,0.0004750737647197627,0.00016125998597565447,0.000372571404295555,0.0,1.0,1.0,0.05,2.0,2.0,0.0,0.5,1.0,0.0,1.0
heat,256,256,16,0,1,2,0.0024073123931884766,0.012400150299072266,0.16509413719177246,false,0.4386110516738109,1.2444027104698303,0.000012599517194912857,0.000028725945565737692,9.934186103617024e-6,0.000022649192412518006,0.0,1.0,1.0,0.05,2.0,2.0,0.0,0.5,1.0,0.0,1.0
heat,16,16,16,10000,1000,7,19.53375792503357,0.00025916099548339844,0.005823850631713867,false,0.00006618501907482876,0.00018740400608808133,0.00009609034402645817,1.451844320202934,0.002749210983530936,41.53826684583297,0.0,1.0,1.0,0.05,2.0,2.0,0.0,0.5,1.0,0.0,1.0
drift_diffusion,256,256,16,0,10,6,0.0022039413452148438,0.013490915298461914,0.22676301002502441,false,0.8607279328984274,2.4373866773373782,0.0003113890771896917,0.00036177410455486865,0.00023700549940490983,0.00027535472051756717,0.0,1.0,1.0,0.05,2.0,2.0,0.0,0.5,1.0,0.0,1.0
drift_diffusion,128,128,16,10000,1,7,10.67147707939148,0.0042078495025634766,0.09908890724182129,false,0.6890400072330077,1.9473490049034616,0.001214146269200801,0.0017620838506554547,0.0009525133211054325,0.0013823773817291973,0.0,1.0,1.0,0.05,2.0,2.0,0.0,0.5,1.0,0.0,1.0
poisson_2d,16,32,16,10000,100,3,12.48266887664795,0.00017523765563964844,0.0011169910430908203,false,0.000012473563923532847,0.00002661026970353673,6.7652540998995616e-6,0.5423673732157556,0.00171723760469867,137.67016509572952,0.0,1.0,1.0,0.05,2.0,2.0,0.0,0.5,1.0,0.0,1.0
drift_diffusion,32,32,16,10000,100,9,12.506470918655396,0.0006110668182373047,0.01735711097717285,false,0.12856320453031578,0.35919460433540656,0.027953580948944103,0.21743064861418027,0.015825675346876712,0.12309645986729378,0.0,1.0,1.0,0.05,2.0,2.0,0.0,0.5,1.0,0.0,1.0
poisson_1d,16,32,16,0,10,5,0.0011930465698242188,0.00002384185791015625,0.00032806396484375,false,0.6934556226678216,1.012856765770551,0.0025174912813061166,0.0036303567222095226,0.0025081860605056672,0.0036169380974319905,0.0,1.0,1.0,0.05,2.0,2.0,0.0,0.5,1.0,0.0,1.0
poisson_1d,8,32,16,0,1,2,0.001306295394897461,0.0000209808349609375,0.0004851818084716797,false,0.6092649612217189,0.9211220399646168,0.010734827701249469,0.017619309142156515,0.011214972573078455,0.018407381495548023,0.0,1.0,1.0,0.05,2.0,2.0,0.0,0.5,1.0,0.0,1.0
poisson_1d,8,32,16,10000,1000,2,17.26138710975647,0.000023126602172851562,0.00040078163146972656,false,2.5619437034781414e-6,3.873294807057693e-6,9.395328366967424e-6,3.667265738058736,0.011214972573078455,4377.524985195831,0.0,1.0,1.0,0.05,2.0,2.0,0.0,0.5,1.0,0.0,1.0
drift_diffusion,8,8,16,0,100,4,0.001847982406616211,0.0001628398895263672,0.005064964294433594,true,0.7642315281948454,2.0548941013093094,0.3607045288637471,0.4719833133759214,0.26151842143576154,0.34219789656346894,0.0,1.0,1.0,0.05,2.0,2.0,0.0,0.5,1.0,0.0,1.0
poisson_1d,128,32,16,10000,1000,9,17.35962224006653,0.00004100799560546875,0.0005071163177490234,false,4.467463576432508e-6,6.342772616202843e-6,5.8722619108107513e-8,0.013144509877277165,0.00003591751011898671,8.039799206793905,0.0,1.0,1.0,0.05,2.0,2.0,0.0,0.5,1.0,0.0,1.0
wave,32,32,16,0,10,6,0.002002239227294922,0.00011205673217773438,0.016152143478393555,false,0.8626430793175465,1.726129201030204,0.0021310576426651546,0.0024703816604557645,0.0010402908397117996,0.0012059342556075376,0.0,1.0,1.0,0.05,2.0,2.0,0.0,0.5,1.0,0.0,1.0
heat,256,256,16,0,10,7,0.0016489028930664062,0.013020038604736328,0.16558313369750977,false,0.45189704658994734,1.2820969911356628,0.000012585418019543506,0.000027850188697877344,9.934186103617024e-6,0.000021983295041605638,0.0,1.0,1.0,0.05,2.0,2.0,0.0,0.5,1.0,0.0,1.0
wave,128,128,16,10000,1,1,9.787418842315674,0.00041484832763671875,0.08910703659057617,false,0.8641379936374771,1.7283287324869137,0.00012594979489344372,0.00014575194681959802,0.00006338688741085187,0.00007335273749975157,0.0,1.0,1.0,0.05,2.0,2.0,0.0,0.5,1.0,0.0,1.0
poisson_2d,8,32,8,10000,100,4,12.445755004882812,0.00004482269287109375,0.0012021064758300781,false,0.00001147032402949587,0.00002621788349599055,0.000026748847149749007,2.3320044909569515,0.007418007097193637,646.7129505717191,0.0,1.0,1.0,0.05,2.0,2.0,0.0,0.5,1.0,0.0,1.0
poisson_1d,64,32,16,10000,1,3,5.911823272705078,0.000031948089599609375,0.00039005279541015625,false,0.11594016804363017,0.1652603375940041,0.00004505907246408946,0.0003886407379290063,0.00014539741646764722,0.001254072845684782,0.0,1.0,1.0,0.05,2.0,2.0,0.0,0.5,1.0,0.0,1.0
poisson_1d,16,32,16,0,1,2,0.001306295394897461,0.000025033950805664062,0.0004260540008544922,false,0.6306472328960332,0.9211192407609903,0.002400801828580642,0.0038068855349698036,0.0025081860605056672,0.003977161762825272,0.0,1.0,1.0,0.05,2.0,2.0,0.0,0.5,1.0,0.0,1.0
poisson_2d,64,32,64,10000,1,3,9.422837018966675,0.004658937454223633,0.008886098861694336,false,0.1857438497285065,0.3773843296071242,0.00005936515453804199,0.0003196076458241463,0.00010200512199543541,0.000549170926221954,0.0,1.0,1.0,0.05,2.0,2.0,0.0,0.5,1.0,0.0,1.0
poisson_2d,64,32,64,0,10000,0,0.007238864898681641,0.004450082778930664,0.009413003921508789,false,0.4881948887679619,0.9918880279730017,0.00010152035914872651,0.00020795047528033198,0.00010200512199543541,0.00020894344521480278,0.0,1.0,1.0,0.05,2.0,2.0,0.0,0.5,1.0,0.0,1.0
wave,32,32,16,0,1,3,0.0020592212677001953,0.00010180473327636719,0.016571760177612305,false,0.8569336233662993,1.7147047094000851,0.0021298921188067374,0.0024854808595791405,0.0010402908397117996,0.0012139689835313225,0.0,1.0,1.0,0.05,2.0,2.0,0.0,0.5,1.0,0.0,1.0
drift_diffusion,32,32,16,0,100,8,0.0020673274993896484,0.0006852149963378906,0.018908023834228516,false,0.838245160544792,2.34198532836786,0.020692177524995133,0.024685114211153783,0.015825675346876712,0.01887953082436085,0.0,1.0,1.0,0.05,2.0,2.0,0.0,0.5,1.0,0.0,1.0
wave,16,16,16,10000,1,8,9.621138095855713,0.000048160552978515625,0.007112979888916016,false,0.8519485287694889,1.7072347631030693,0.00920230057798511,0.010801474815945093,0.004322163832073661,0.005073268731758214,0.0,1.0,1.0,0.05,2.0,2.0,0.0,0.5,1.0,0.0,1.0
heat,64,64,16,0,10000,1,0.006993770599365234,0.0015971660614013672,0.02542901039123535,false,0.4368275045089558,1.238933074301778,0.00020572587534186074,0.00047095449168916263,0.00016125998597565447,0.0003691617041306251,0.0,1.0,1.0,0.05,2.0,2.0,0.0,0.5,1.0,0.0,1.0
heat,64,64,16,0,100,7,0.0015289783477783203,0.0016541481018066406,0.026144027709960938,false,0.4493014733197525,1.2743118276265655,0.0002056016177126806,0.000457602812191005,0.00016125998597565447,0.0003589126578734613,0.0,1.0,1.0,0.05,2.0,2.0,0.0,0.5,1.0,0.0,1.0
poisson_2d,8,32,8,10000,1000,2,27.887205123901367,0.000046253204345703125,0.0006780624389648438,false,0.00002297350941542071,0.00005251087866381874,0.000029182155397457373,1.2702523967775752,0.007418007097193637,322.89394550151286,0.0,1.0,1.0,0.05,2.0,2.0,0.0,0.5,1.0,0.0,1.0
poisson_2d,64,32,64,10000,10000,7,144.9688482284546,0.0048067569732666016,0.008708000183105469,false,9.99417734293733e-6,0.000020305630157079014,3.763869108911325e-7,0.03766061957599251,0.00010200512199543541,10.20645506821025,0.0,1.0,1.0,0.05,2.0,2.0,0.0,0.5,1.0,0.0,1.0
wave,256,256,16,10000,10000,4,143.357971906662,0.0009641647338867188,0.2040698528289795,false,0.000315654655605257,0.0006313141277734416,4.989143170426225e-7,0.0015805701204875732,0.000015783443300198566,0.050002250940761044,0.0,1.0,1.0,0.05,2.0,2.0,0.0,0.5,1.0,0.0,1.0
poisson_1d,8,32,16,10000,1,7,5.724309921264648,0.0000209808349609375,0.0003497600555419922,false,0.08493812463921344,0.12841437407060943,0.003287862280776788,0.038708910689309886,0.011214972573078455,0.13203696950828153,0.0,1.0,1.0,0.05,2.0,2.0,0.0,0.5,1.0,0.0,1.0
heat,32,32,16,10000,1,6,7.055966138839722,0.0005729198455810547,0.012521028518676758,false,0.4332943067939261,1.228306729662987,0.0008465104989772014,0.0019536617160765047,0.0006581365706071615,0.001518913496641371,0.0,1.0,1.0,0.05,2.0,2.0,0.0,0.5,1.0,0.0,1.0
poisson_1d,128,32,16,0,0,1,0.0013320446014404297,0.00003910064697265625,0.0005009174346923828,false,0.7349555768813335,1.043468184443722,0.00003698936228198264,0.00005032870481633881,0.00003591751011898671,0.00004887031440920133,0.0,1.0,1.0,0.05,2.0,2.0,0.0,0.5,1.0,0.0,1.0
poisson_1d,32,32,16,0,1,1,0.0014216899871826172,0.000029802322387695312,0.0005676746368408203,false,0.7262231157763497,1.0434681763826943,0.00061373528032508,0.0008451056803238526,0.000595948894502332,0.0008206140531140329,0.0,1.0,1.0,0.05,2.0,2.0,0.0,0.5,1.0,0.0,1.0
poisson_1d,32,32,16,0,100,8,0.0012359619140625,0.000025987625122070312,0.0003561973571777344,false,0.6901225901090229,0.9915974098562498,0.0005936748011121175,0.0008602454254081597,0.000595948894502332,0.0008635406274821206,0.0,1.0,1.0,0.05,2.0,2.0,0.0,0.5,1.0,0.0,1.0
heat,8,8,16,0,1,4,0.0023589134216308594,0.0001437664031982422,0.00393986701965332,false,0.4097007689585443,1.1566125516435835,0.016214072381377696,0.039575401390126067,0.012171854008336707,0.0297091314699688,0.0,1.0,1.0,0.05,2.0,2.0,0.0,0.5,1.0,0.0,1.0
heat,8,8,16,10000,0,2,0.0026750564575195312,0.0001227855682373047,0.002924680709838867,false,0.4115326042369817,1.1617839446116025,0.016221976957046684,0.03941844896377938,0.012171854008336707,0.029576888642649377,0.0,1.0,1.0,0.05,2.0,2.0,0.0,0.5,1.0,0.0,1.0
poisson_2d,32,32,32,0,10000,8,0.007150888442993164,0.0007469654083251953,0.002176046371459961,false,0.48621475533074626,1.0037982045537983,0.00041490729261738746,0.0008533416315906493,0.00041476287710914914,0.000853044611587338,0.0,1.0,1.0,0.05,2.0,2.0,0.0,0.5,1.0,0.0,1.0
poisson_1d,16,32,16,10000,10,8,6.506143093109131,0.0000209808349609375,0.00031638145446777344,false,0.00015883643460789138,0.00023199546183583022,0.00006224627255884111,0.39188913244284934,0.0025081860605056672,15.790999506478947,0.0,1.0,1.0,0.05,2.0,2.0,0.0,0.5,1.0,0.0,1.0
heat,8,8,16,10000,1,0,6.8913280963897705,0.00012493133544921875,0.0028200149536132812,false,0.408049062796765,1.1519496751662042,0.016207871138440817,0.03972039790350747,0.012171854008336707,0.02982938846841337,0.0,1.0,1.0,0.05,2.0,2.0,0.0,0.5,1.0,0.0,1.0
wave,8,8,16,0,1000,1,0.0027892589569091797,0.000027894973754882812,0.0035049915313720703,false,0.8292312180481041,1.671573015105873,0.043390295727607,0.052325931276130395,0.018958173771005418,0.022862349316310523,0.0,1.0,1.0,0.05,2.0,2.0,0.0,0.5,1.0,0.0,1.0
poisson_1d,64,32,16,0,100,1,0.0012731552124023438,0.000027894973754882812,0.0003509521484375,false,0.7320563322226301,1.0434681839982636,0.000149736470407716,0.00020454227880673358,0.00014539741646764722,0.00019861506562780405,0.0,1.0,1.0,0.05,2.0,2.0,0.0,0.5,1.0,0.0,1.0
drift_diffusion,32,32,16,0,100,4,0.001847982406616211,0.0006289482116699219,0.018983125686645508,false,0.8364808190730291,2.3370559091053447,0.020688035926587,0.024732229902788512,0.015825675346876712,0.018919352346195337,0.0,1.0,1.0,0.05,2.0,2.0,0.0,0.5,1.0,0.0,1.0
heat,64,64,16,0,1000,8,0.002287149429321289,0.0014660358428955078,0.023913860321044922,false,0.4358957931425805,1.2362905483262148,0.00020579979619533728,0.00047213072351909714,0.00016125998597565447,0.00036995077381466417,0.0,1.0,1.0,0.05,2.0,2.0,0.0,0.5,1.0,0.0,1.0
heat,16,16,16,10000,100,5,9.205987930297852,0.00026702880859375,0.005805015563964844,false,0.00022148026622527978,0.0006271251370819311,0.00013852589879729356,0.6254548143640423,0.002749210983530936,12.412893619756268,0.0,1.0,1.0,0.05,2.0,2.0,0.0,0.5,1.0,0.0,1.0
drift_diffusion,64,64,16,10000,100,9,12.506470918655396,0.0015900135040283203,0.04086494445800781,false,0.13055130066427875,0.367524755997396,0.00789116545350786,0.060444939371385537,0.003851464283566381,0.02950153896567198,0.0,1.0,1.0,0.05,2.0,2.0,0.0,0.5,1.0,0.0,1.0
wave,16,16,16,0,1000,4,0.002785205841064453,0.000051021575927734375,0.00815725326538086,false,0.8502935491519292,1.7039183201022159,0.009200254841591106,0.010820092485433188,0.004322163832073661,0.005083143152602446,0.0,1.0,1.0,0.05,2.0,2.0,0.0,0.5,1.0,0.0,1.0
wave,32,32,16,10000,10,1,10.730316877365112,0.00009608268737792969,0.01487421989440918,false,0.32295030294414384,0.646216218223706,0.0015631646535833154,0.004840263778460283,0.0010402908397117996,0.00322121029219695,0.0,1.0,1.0,0.05,2.0,2.0,0.0,0.5,1.0,0.0,1.0
poisson_1d,128,32,16,0,10,3,0.0011699199676513672,0.00005221366882324219,0.004395008087158203,false,0.6948274331171178,0.986495433115782,0.00003515874827323621,0.00005060069104570021,0.00003591751011898671,0.000051692705853386434,0.0,1.0,1.0,0.05,2.0,2.0,0.0,0.5,1.0,0.0,1.0
poisson_2d,128,32,128,0,1000,0,0.002732992172241211,0.023075103759765625,0.03422212600708008,false,0.49206945130276947,0.9918880278229051,0.00002517789269402141,0.00005116735580183272,0.000025298111418601268,0.00005141166831556747,0.0,1.0,1.0,0.05,2.0,2.0,0.0,0.5,1.0,0.0,1.0
heat,8,8,16,10000,0,0,0.0072209835052490234,0.0001239776611328125,0.003093719482421875,false,0.4081987168600533,1.152372158551929,0.01620597772756802,0.03970119713316998,0.012171854008336707,0.02981845239976513,0.0,1.0,1.0,0.05,2.0,2.0,0.0,0.5,1.0,0.0,1.0
wave,256,256,16,10000,10,3,10.671231985092163,0.00092315673828125,0.2092139720916748,false,0.3661309835285235,0.7322675538364295,0.000023273197914265596,0.00006356522381682698,0.000015783443300198566,0.000043108734333511955,0.0,1.0,1.0,0.05,2.0,2.0,0.0,0.5,1.0,0.0,1.0
wave,8,8,16,0,100,9,0.0020918846130371094,0.000026702880859375,0.0033202171325683594,false,0.8298937212614541,1.6729084960546772,0.04337622094047183,0.05226719979823338,0.018958173771005418,0.022844098328866295,0.0,1.0,1.0,0.05,2.0,2.0,0.0,0.5,1.0,0.0,1.0
poisson_2d,64,32,64,10000,10000,0,145.35425901412964,0.004743099212646484,0.008434057235717773,false,0.000025537655829626,0.00005188603089193853,4.908383793855963e-7,0.019220181470777642,0.00010200512199543541,3.9943024792706607,0.0,1.0,1.0,0.05,2.0,2.0,0.0,0.5,1.0,0.0,1.0
wave,64,64,16,10000,100,5,12.742211103439331,0.0002307891845703125,0.03723502159118652,false,0.13721796953384058,0.2744694456838938,0.0017206968342509475,0.012539879726369142,0.0002556346352812184,0.0018629822037861724,0.0,1.0,1.0,0.05,2.0,2.0,0.0,0.5,1.0,0.0,1.0
wave,32,32,16,10000,10000,9,143.70934915542603,0.00011610984802246094,0.017528057098388672,false,0.003050344020830953,0.0061036690767978605,0.00004371023468503786,0.014329608197153185,0.0010402908397117996,0.3410404966153217,0.0,1.0,1.0,0.05,2.0,2.0,0.0,0.5,1.0,0.0,1.0
poisson_1d,16,32,16,0,100,6,0.00125885009765625,0.000022172927856445312,0.00041294097900390625,false,0.6376400413843791,0.931332891292672,0.002416430173663213,0.0037896462217411964,0.0025081860605056672,0.0039335454138986455,0.0,1.0,1.0,0.05,2.0,2.0,0.0,0.5,1.0,0.0,1.0
wave,64,64,16,10000,100,2,13.22167420387268,0.00020694732666015625,0.03904104232788086,false,0.10093946965728005,0.2019035872530335,0.0009377753384396143,0.009290472216900322,0.0002556346352812184,0.002532553778508792,0.0,1.0,1.0,0.05,2.0,2.0,0.0,0.5,1.0,0.0,1.0
wave,16,16,16,10000,1,1,9.787418842315674,0.00004887580871582031,0.007774829864501953,false,0.847582626675878,1.6984858544838097,0.009199680541069698,0.010854022075876884,0.004322163832073661,0.005099401162839654,0.0,1.0,1.0,0.05,2.0,2.0,0.0,0.5,1.0,0.0,1.0
poisson_1d,128,32,16,10000,1,4,5.888246774673462,0.0000400543212890625,0.0005979537963867188,false,0.09531839394109555,0.13533023572915293,9.254345314060222e-6,0.0000970887667261701,0.00003591751011898671,0.0003768161488451308,0.0,1.0,1.0,0.05,2.0,2.0,0.0,0.5,1.0,0.0,1.0
drift_diffusion,128,128,16,10000,100,0,12.665422916412354,0.004693031311035156,0.10765194892883301,false,0.17338447120022885,0.49001520073318644,0.0031751846320475004,0.01831297007204707,0.0009525133211054325,0.005493648390261231,0.0,1.0,1.0,0.05,2.0,2.0,0.0,0.5,1.0,0.0,1.0
poisson_1d,64,32,16,0,1,2,0.001306295394897461,0.00003695487976074219,0.0004439353942871094,false,0.6462210212351163,0.9211191076544657,0.00013917236390703476,0.00021536341179529547,0.00014539741646764722,0.00022499642024914395,0.0,1.0,1.0,0.05,2.0,2.0,0.0,0.5,1.0,0.0,1.0
drift_diffusion,128,128,16,10000,10000,0,116.79411101341248,0.005004167556762695,0.10763812065124512,false,0.007838050498455358,0.022151717865909925,0.00014873862214900203,0.01897648173845167,0.0009525133211054325,0.1215242643936948,0.0,1.0,1.0,0.05,2.0,2.0,0.0,0.5,1.0,0.0,1.0
poisson_1d,16,32,16,0,100,3,0.0012507438659667969,0.000025987625122070312,0.0004379749298095703,false,0.6754072081521889,0.9864953690841092,0.0024551275247156785,0.0036350330512943925,0.0025081860605056672,0.0037135908978047204,0.0,1.0,1.0,0.05,2.0,2.0,0.0,0.5,1.0,0.0,1.0
wave,256,256,16,10000,0,0,0.0032138824462890625,0.0008571147918701172,0.22591590881347656,false,0.8666310231559833,1.7332752702032792,0.00003120545030809984,0.00003600776971318187,0.000015783443300198566,0.000018212414370674717,0.0,1.0,1.0,0.05,2.0,2.0,0.0,0.5,1.0,0.0,1.0
drift_diffusion,32,32,16,10000,1,5,10.5989670753479,0.0007331371307373047,0.02054595947265625,false,0.727549988643978,2.0327124799038434,0.020150943501273853,0.027696988269949086,0.015825675346876712,0.02175201098741396,0.0,1.0,1.0,0.05,2.0,2.0,0.0,0.5,1.0,0.0,1.0
heat,64,64,16,0,10,0,0.0015568733215332031,0.0014491081237792969,0.024590015411376953,false,0.4328297451613582,1.227594602644858,0.00020562605651650197,0.0004750737647197627,0.00016125998597565447,0.000372571404295555,0.0,1.0,1.0,0.05,2.0,2.0,0.0,0.5,1.0,0.0,1.0
poisson_1d,256,32,16,10000,10,7,6.535207033157349,0.00006699562072753906,0.0007112026214599609,false,0.00047716335290371196,0.0006761327490651983,5.050365887171543e-7,0.0010584144520816986,8.926404123405047e-6,0.018707229021430023,0.0,1.0,1.0,0.05,2.0,2.0,0.0,0.5,1.0,0.0,1.0
poisson_1d,256,32,16,0,100,9,0.0012431144714355469,0.00005030632019042969,0.0005681514739990234,false,0.7174834172540692,1.0166623911174062,9.03778868723536e-6,0.00001259651229546811,8.926404123405047e-6,0.000012441268897290908,0.0,1.0,1.0,0.05,2.0,2.0,0.0,0.5,1.0,0.0,1.0
wave,128,128,16,10000,10000,9,143.70934915542603,0.0004069805145263672,0.08896780014038086,false,0.0030771437458467638,0.006154475314240735,2.6024090041411897e-6,0.0008457222733431252,0.00006338688741085187,0.020599261083075304,0.0,1.0,1.0,0.05,2.0,2.0,0.0,0.5,1.0,0.0,1.0
drift_diffusion,64,64,16,0,0,0,0.002087831497192383,0.0018088817596435547,0.03980302810668945,false,0.8483757420454889,2.388326167589781,0.00505180265079598,0.005954675977198211,0.003851464283566381,0.00453980953566665,0.0,1.0,1.0,0.05,2.0,2.0,0.0,0.5,1.0,0.0,1.0
poisson_2d,128,32,128,10000,10,5,10.653813123703003,0.0256350040435791,0.033657073974609375,false,0.18471319573395104,0.37233526069205863,0.00002388677823715463,0.00012931820134582907,0.000025298111418601268,0.000136958874638491,0.0,1.0,1.0,0.05,2.0,2.0,0.0,0.5,1.0,0.0,1.0
poisson_1d,256,32,16,10000,1,3,5.911823272705078,0.000055789947509765625,0.0006060600280761719,false,0.11662831479966451,0.16526043465926252,2.7661280146352233e-6,0.000023717465346101168,8.926404123405047e-6,0.0000765371954378159,0.0,1.0,1.0,0.05,2.0,2.0,0.0,0.5,1.0,0.0,1.0
wave,8,8,16,10000,1,9,10.00851821899414,0.000026941299438476562,0.0034449100494384766,false,0.8289528708362536,1.6710119198672562,0.04337512049110673,0.05232519485377931,0.018958173771005418,0.022870026075041242,0.0,1.0,1.0,0.05,2.0,2.0,0.0,0.5,1.0,0.0,1.0
wave,8,8,16,0,100,5,0.001981019973754883,0.000035762786865234375,0.004132986068725586,false,0.8291937124091808,1.6714974108442704,0.043365285079893054,0.052298135442799466,0.018958173771005418,0.022863383413657817,0.0,1.0,1.0,0.05,2.0,2.0,0.0,0.5,1.0,0.0,1.0
heat,128,128,16,0,0,1,0.0025169849395751953,0.003969669342041016,0.07002592086791992,false,0.4385151164083874,1.243998156990698,0.0000507207408928272,0.00011566474904730801,0.00003992627534176886,0.00009104880048099793,0.0,1.0,1.0,0.05,2.0,2.0,0.0,0.5,1.0,0.0,1.0
drift_diffusion,128,128,16,10000,1,4,10.608788967132568,0.0046002864837646484,0.11005377769470215,false,0.682186946039998,1.9279810411355214,0.0012185540446011096,0.001786246499840915,0.0009525133211054325,0.0013962643621878753,0.0,1.0,1.0,0.05,2.0,2.0,0.0,0.5,1.0,0.0,1.0
drift_diffusion,64,64,16,0,10000,0,0.006006956100463867,0.0018076896667480469,0.04221177101135254,false,0.8483757420454889,2.388326167589781,0.00505180265079598,0.005954675977198211,0.003851464283566381,0.00453980953566665,0.0,1.0,1.0,0.05,2.0,2.0,0.0,0.5,1.0,0.0,1.0
poisson_2d,32,32,32,10000,100,6,12.506900310516357,0.0007460117340087891,0.0021600723266601562,false,0.000016313540651194906,0.00003367956779601528,1.9343221695968394e-6,0.11857157259379497,0.00041476287710914914,25.424454811790156,0.0,1.0,1.0,0.05,2.0,2.0,0.0,0.5,1.0,0.0,1.0
poisson_2d,128,32,128,0,10,1,0.0018918514251708984,0.02328801155090332,0.032724857330322266,false,0.4779105425003459,0.9633472352762875,0.0000248872348893386,0.000052075090788189885,0.000025298111418601268,0.00005293482601627887,0.0,1.0,1.0,0.05,2.0,2.0,0.0,0.5,1.0,0.0,1.0
wave,16,16,16,10000,10000,9,143.70934915542603,0.00006914138793945312,0.008772850036621094,false,0.0030119903093692125,0.006035780787968239,0.00020265305263138152,0.06728210645332902,0.004322163832073661,1.4349859687890858,0.0,1.0,1.0,0.05,2.0,2.0,0.0,0.5,1.0,0.0,1.0
heat,256,256,16,0,1000,4,0.0026540756225585938,0.01228475570678711,0.17119097709655762,false,0.43699838857629175,1.2398273530501547,0.00001259335453994713,0.000028817851207587606,9.934186103617024e-6,0.000022732775139015642,0.0,1.0,1.0,0.05,2.0,2.0,0.0,0.5,1.0,0.0,1.0
drift_diffusion,16,16,16,10000,10,3,11.310987949371338,0.00028395652770996094,0.009943008422851562,true,0.6913863860634949,1.9042534108503089,0.16431666484624238,0.23766256923542026,0.06769679643284385,0.0979145638349708,0.0,1.0,1.0,0.05,2.0,2.0,0.0,0.5,1.0,0.0,1.0
drift_diffusion,128,128,16,10000,1,3,10.762067794799805,0.004378080368041992,0.10243010520935059,false,0.7051990141803534,1.9930172183146178,0.0012155378018879654,0.0017236805177624562,0.0009525133211054325,0.0013507014359804945,0.0,1.0,1.0,0.05,2.0,2.0,0.0,0.5,1.0,0.0,1.0
drift_diffusion,16,16,16,10000,100,8,12.444035053253174,0.0003120899200439453,0.00926065444946289,true,0.09288447316850139,0.25582739031530344,0.08842914314123261,0.9520336405505959,0.06769679643284385,0.7288279098061444,0.0,1.0,1.0,0.05,2.0,2.0,0.0,0.5,1.0,0.0,1.0
wave,8,8,16,0,1000,5,0.003214120864868164,0.000029087066650390625,0.0036640167236328125,false,0.8291937124091808,1.6714974108442704,0.043365285079893054,0.052298135442799466,0.018958173771005418,0.022863383413657817,0.0,1.0,1.0,0.05,2.0,2.0,0.0,0.5,1.0,0.0,1.0
wave,8,8,16,10000,1,6,9.741121053695679,0.00002574920654296875,0.0032930374145507812,false,0.8326666897153153,1.6784982750431299,0.04337341462948459,0.052089767929006194,0.018958173771005418,0.022768022313330586,0.0,1.0,1.0,0.05,2.0,2.0,0.0,0.5,1.0,0.0,1.0
poisson_1d,256,32,16,10000,100,0,7.921542167663574,0.00004982948303222656,0.0006279945373535156,false,4.881691015398398e-6,6.9172771677506615e-6,1.6062477357934523e-8,0.0032903510908288444,8.926404123405047e-6,1.8285475453209739,0.0,1.0,1.0,0.05,2.0,2.0,0.0,0.5,1.0,0.0,1.0
heat,8,8,16,10000,10,4,7.6085193157196045,0.00012111663818359375,0.0028417110443115234,false,0.09128664441677974,0.2577082757209947,0.06042362885191218,0.6619109425913504,0.012171854008336707,0.13333663523400735,0.0,1.0,1.0,0.05,2.0,2.0,0.0,0.5,1.0,0.0,1.0
poisson_1d,64,32,16,10000,1000,1,17.400676250457764,0.00003075599670410156,0.0003998279571533203,false,5.6060869547838065e-6,7.990878729624326e-6,3.137213821927675e-7,0.055960848398804365,0.00014539741646764722,25.93563347086199,0.0,1.0,1.0,0.05,2.0,2.0,0.0,0.5,1.0,0.0,1.0
drift_diffusion,16,16,16,10000,1,1,10.784044027328491,0.000308990478515625,0.010705232620239258,true,0.6496335962204298,1.7892556410448284,0.08539115399468902,0.13144510150259314,0.06769679643284385,0.10420765925085156,0.0,1.0,1.0,0.05,2.0,2.0,0.0,0.5,1.0,0.0,1.0
heat,256,256,16,10000,1,9,7.102270841598511,0.012906074523925781,0.1670820713043213,false,0.43371580977612667,1.2305142043260908,0.000012597683353684224,0.000029045939921320443,9.934186103617024e-6,0.000022904828184024008,0.0,1.0,1.0,0.05,2.0,2.0,0.0,0.5,1.0,0.0,1.0
drift_diffusion,128,128,16,10000,100,9,12.506470918655396,0.0044002532958984375,0.10468029975891113,false,0.1315672748425489,0.3718324031304876,0.0019703138083643984,0.014975713457030552,0.0009525133211054325,0.007239743486709269,0.0,1.0,1.0,0.05,2.0,2.0,0.0,0.5,1.0,0.0,1.0
heat,64,64,16,10000,1,9,7.102270841598511,0.0014712810516357422,0.025236129760742188,false,0.4311360392951533,1.222790902799678,0.00020580302342919522,0.00047735054523777255,0.00016125998597565447,0.0003740350406319355,0.0,1.0,1.0,0.05,2.0,2.0,0.0,0.5,1.0,0.0,1.0
heat,128,128,16,10000,1000,1,19.832440853118896,0.004015207290649414,0.07600212097167969,false,0.00007859126923097505,0.00022295102362638352,1.4736942207865408e-6,0.01875137321492501,0.00003992627534176886,0.5080243102370203,0.0,1.0,1.0,0.05,2.0,2.0,0.0,0.5,1.0,0.0,1.0
poisson_2d,16,32,16,10000,1000,4,28.352532863616943,0.00014519691467285156,0.0011909008026123047,false,0.000010241596209827851,0.000021848738580966075,2.9877027662957075e-6,0.2917223746235505,0.00171723760469867,167.67284801113703,0.0,1.0,1.0,0.05,2.0,2.0,0.0,0.5,1.0,0.0,1.0
poisson_2d,128,32,128,0,1,9,0.0019466876983642578,0.023563146591186523,0.044480085372924805,false,0.5019729825780364,1.011851051495884,0.000025452607424737807,0.000050705134156858647,0.000025298111418601268,0.00005039735662400603,0.0,1.0,1.0,0.05,2.0,2.0,0.0,0.5,1.0,0.0,1.0
heat,128,128,16,0,1,7,0.002393007278442383,0.004319906234741211,0.07576203346252441,false,0.4510327396457412,1.2795086779613591,0.00005069075181512684,0.00011238818684191603,0.00003992627534176886,0.00008852190059002926,0.0,1.0,1.0,0.05,2.0,2.0,0.0,0.5,1.0,0.0,1.0
poisson_1d,256,32,16,0,1,9,0.0014951229095458984,0.000051975250244140625,0.0006399154663085938,false,0.7174834172540692,1.0166623911174062,9.03778868723536e-6,0.00001259651229546811,8.926404123405047e-6,0.000012441268897290908,0.0,1.0,1.0,0.05,2.0,2.0,0.0,0.5,1.0,0.0,1.0
poisson_2d,16,32,16,10000,1,6,9.572857141494751,0.00021791458129882812,0.001280069351196289,false,0.10025597723140209,0.2138794180936577,0.0010149183590571517,0.01012327032347014,0.00171723760469867,0.017128530907789073,0.0,1.0,1.0,0.05,2.0,2.0,0.0,0.5,1.0,0.0,1.0
wave,256,256,16,0,10,0,0.002482891082763672,0.0009217262268066406,0.23322486877441406,false,0.8666310231559833,1.7332752702032792,0.00003120545030809984,0.00003600776971318187,0.000015783443300198566,0.000018212414370674717,0.0,1.0,1.0,0.05,2.0,2.0,0.0,0.5,1.0,0.0,1.0
poisson_1d,256,32,16,0,100,4,0.001302957534790039,0.00004935264587402344,0.0006070137023925781,false,0.7072843700853502,1.0022105063318971,8.823449759826718e-6,0.000012475109210687016,8.926404123405047e-6,0.000012620672110042344,0.0,1.0,1.0,0.05,2.0,2.0,0.0,0.5,1.0,0.0,1.0
poisson_2d,8,32,8,0,10,7,0.0019440650939941406,0.00004601478576660156,0.0008111000061035156,false,0.45863282348591244,1.048303596539228,0.007526122098231549,0.016409907256589373,0.007418007097193637,0.016174174017489374,0.0,1.0,1.0,0.05,2.0,2.0,0.0,0.5,1.0,0.0,1.0
wave,16,16,16,0,10000,4,0.0066339969635009766,0.000051021575927734375,0.008919000625610352,false,0.8502935491519292,1.7039183201022159,0.009200254841591106,0.010820092485433188,0.004322163832073661,0.005083143152602446,0.0,1.0,1.0,0.05,2.0,2.0,0.0,0.5,1.0,0.0,1.0
wave,128,128,16,0,1,4,0.0022211074829101562,0.0004248619079589844,0.08774304389953613,false,0.8668130679112591,1.7336790443155283,0.00012595788119160363,0.00014531147009022558,0.00006338688741085187,0.00007312636340796509,0.0,1.0,1.0,0.05,2.0,2.0,0.0,0.5,1.0,0.0,1.0
poisson_1d,32,32,16,10000,1000,4,17.658069849014282,0.00002288818359375,0.000335693359375,false,0.000053183241322757285,0.00007641593696429342,8.45742193849009e-7,0.015902419123249696,0.000595948894502332,11.205576788457288,0.0,1.0,1.0,0.05,2.0,2.0,0.0,0.5,1.0,0.0,1.0
poisson_1d,128,32,16,0,1,5,0.0015048980712890625,0.00004100799560546875,0.0005738735198974609,false,0.7133948086786644,1.0128568436234813,0.000036050866240156274,0.00005053424247217184,0.00003591751011898671,0.00005034731074860553,0.0,1.0,1.0,0.05,2.0,2.0,0.0,0.5,1.0,0.0,1.0
drift_diffusion,32,32,16,10000,10,4,11.507652997970581,0.0006120204925537109,0.017642974853515625,false,0.7214138822932086,2.0155687232521893,0.020674534088347376,0.028658353541281725,0.015825675346876712,0.02193702635243244,0.0,1.0,1.0,0.05,2.0,2.0,0.0,0.5,1.0,0.0,1.0
heat,64,64,16,10000,1,6,7.055966138839722,0.0016391277313232422,0.026234149932861328,false,0.43678952813428606,1.2388253654553,0.0002057520988033664,0.0004710554753503847,0.00016125998597565447,0.0003691938006491695,0.0,1.0,1.0,0.05,2.0,2.0,0.0,0.5,1.0,0.0,1.0
poisson_2d,256,32,256,10000,100,4,12.445755004882812,0.14299392700195312,0.15394926071166992,false,0.000015667728117649633,0.00003145834037739847,4.398604413559837e-8,0.0028074296289177705,6.299580846651019e-6,0.40207366373139697,0.0,1.0,1.0,0.05,2.0,2.0,0.0,0.5,1.0,0.0,1.0
wave,64,64,16,0,100,4,0.0020780563354492188,0.00018787384033203125,0.03688406944274902,false,0.8645257276158756,1.7292625597383957,0.0005131579818024093,0.0005935716722017723,0.0002556346352812184,0.0002956934965789722,0.0,1.0,1.0,0.05,2.0,2.0,0.0,0.5,1.0,0.0,1.0
heat,256,256,16,0,1000,1,0.002048015594482422,0.011959075927734375,0.17148685455322266,false,0.439357638052887,1.2465208835303967,0.000012592781161399806,0.000028661800935583066,9.934186103617024e-6,0.000022610705364410234,0.0,1.0,1.0,0.05,2.0,2.0,0.0,0.5,1.0,0.0,1.0
poisson_2d,128,32,128,10000,1,9,9.735986232757568,0.02569580078125,0.03378105163574219,false,0.2582895216643898,0.5206465948510532,0.000017391398522151013,0.00006733296190291698,0.000025298111418601268,0.0000979447840376294,0.0,1.0,1.0,0.05,2.0,2.0,0.0,0.5,1.0,0.0,1.0
drift_diffusion,64,64,16,10000,1,9,10.654066801071167,0.0016589164733886719,0.03796124458312988,false,0.6082744657564085,1.7123990605153694,0.0049527282346197715,0.00814225898577034,0.003851464283566381,0.0063317868830429416,0.0,1.0,1.0,0.05,2.0,2.0,0.0,0.5,1.0,0.0,1.0
poisson_2d,16,32,16,10000,10,0,10.6875901222229,0.000141143798828125,0.0013010501861572266,false,0.06520842986424603,0.1391113170437248,0.001463460449111419,0.022442810724903475,0.00171723760469867,0.026334595209142334,0.0,1.0,1.0,0.05,2.0,2.0,0.0,0.5,1.0,0.0,1.0
poisson_2d,32,32,32,10000,10000,1,142.62743616104126,0.0007560253143310547,0.002162933349609375,false,0.0000323523327281965,0.00006679191272917985,1.5922046556694112e-6,0.04921452400484286,0.00041476287710914914,12.820184578108732,0.0,1.0,1.0,0.05,2.0,2.0,0.0,0.5,1.0,0.0,1.0
heat,64,64,16,0,10,6,0.0016682147979736328,0.0015957355499267578,0.027256250381469727,false,0.4379146534220049,1.242016453281272,0.0002057584628710025,0.0004698597346837794,0.00016125998597565447,0.0003682452384626032,0.0,1.0,1.0,0.05,2.0,2.0,0.0,0.5,1.0,0.0,1.0
heat,128,128,16,0,10000,0,0.006740093231201172,0.004006147384643555,0.0699458122253418,false,0.4345581207887809,1.2327727851076762,0.000050696370540610114,0.00011666188736408706,0.00003992627534176886,0.00009187787186969912,0.0,1.0,1.0,0.05,2.0,2.0,0.0,0.5,1.0,0.0,1.0
drift_diffusion,128,128,16,0,1000,4,0.0027730464935302734,0.004734039306640625,0.1118631362915039,false,0.8540401639822002,2.4136686491644066,0.0012506024431218966,0.0014643368027220337,0.0009525133211054325,0.0011153027237783217,0.0,1.0,1.0,0.05,2.0,2.0,0.0,0.5,1.0,0.0,1.0
wave,256,256,16,10000,10000,0,162.21640992164612,0.0009601116180419922,0.20859122276306152,false,0.0002775306246231413,0.0005550654840760058,6.591529740435485e-7,0.0023750639229035515,0.000015783443300198566,0.05687099692736687,0.0,1.0,1.0,0.05,2.0,2.0,0.0,0.5,1.0,0.0,1.0
poisson_1d,8,32,16,10000,10000,4,82.76934385299683,0.000024080276489257812,0.00046515464782714844,false,4.1995511931716e-6,6.3491246144095e-6,0.000012108267196359534,2.88322885925502,0.011214972573078455,2670.516933106271,0.0,1.0,1.0,0.05,2.0,2.0,0.0,0.5,1.0,0.0,1.0
poisson_2d,128,32,128,10000,10,1,10.727699995040894,0.025111675262451172,0.03300619125366211,false,0.1714444397862819,0.3455887920101429,0.000020076016167383135,0.00011709925496801968,0.000025298111418601268,0.0001475586577793786,0.0,1.0,1.0,0.05,2.0,2.0,0.0,0.5,1.0,0.0,1.0
poisson_2d,128,32,128,0,10,4,0.0020720958709716797,0.025635957717895508,0.03235125541687012,false,0.5015370078848617,1.010972236366335,0.000025370388774851667,0.0000505852776086186,0.000025298111418601268,0.00005044116589778949,0.0,1.0,1.0,0.05,2.0,2.0,0.0,0.5,1.0,0.0,1.0
drift_diffusion,128,128,16,10000,10000,1,114.46297287940979,0.00454401969909668,0.10549592971801758,false,0.007288525219991584,0.020598662175452965,0.00016363401854600703,0.022450909286445983,0.0009525133211054325,0.13068670167907018,0.0,1.0,1.0,0.05,2.0,2.0,0.0,0.5,1.0,0.0,1.0
heat,256,256,16,0,10,6,0.0016682147979736328,0.011645078659057617,0.14924097061157227,false,0.44053110868749845,1.2498501886922129,0.000012594905654122082,0.00002859027525126854,9.934186103617024e-6,0.000022550475795488216,0.0,1.0,1.0,0.05,2.0,2.0,0.0,0.5,1.0,0.0,1.0
drift_diffusion,16,16,16,0,1,5,0.002165079116821289,0.00037980079650878906,0.010205745697021484,true,0.8122264859946698,2.237077685524846,0.08755482850046101,0.10779607659954538,0.06769679643284385,0.08334719145478357,0.0,1.0,1.0,0.05,2.0,2.0,0.0,0.5,1.0,0.0,1.0
drift_diffusion,32,32,16,10000,100,5,12.740617990493774,0.0007066726684570312,0.019264936447143555,false,0.13696470108592784,0.38266766758194964,0.03349667839314708,0.24456431567818462,0.015825675346876712,0.11554564950970915,0.0,1.0,1.0,0.05,2.0,2.0,0.0,0.5,1.0,0.0,1.0
drift_diffusion,8,8,16,10000,1,0,10.739435195922852,0.0001380443572998047,0.004402875900268555,true,0.6333449783580878,1.7029614875952783,0.3598080418547936,0.5681075150979743,0.26151842143576154,0.4129162310779406,0.0,1.0,1.0,0.05,2.0,2.0,0.0,0.5,1.0,0.0,1.0
poisson_2d,128,32,128,0,1000,2,0.003175020217895508,0.025300979614257812,0.03249931335449219,false,0.5063877040662664,1.0207500176453872,0.00002542621053901658,0.000050210955627171534,0.000025298111418601268,0.000049957989136503054,0.0,1.0,1.0,0.05,2.0,2.0,0.0,0.5,1.0,0.0,1.0
wave,128,128,16,10000,10,3,10.671231985092163,0.00041413307189941406,0.09040379524230957,false,0.3659340252866141,0.7318903864360985,0.00009384324053920686,0.00025644852365315046,0.00006338688741085187,0.00017321944129465607,0.0,1.0,1.0,0.05,2.0,2.0,0.0,0.5,1.0,0.0,1.0
heat,128,128,16,10000,0,2,0.0026750564575195312,0.0042459964752197266,0.07465600967407227,false,0.43775268317211496,1.2418352542645166,0.00005074771182802626,0.00011592781444602439,0.00003992627534176886,0.00009120738004950319,0.0,1.0,1.0,0.05,2.0,2.0,0.0,0.5,1.0,0.0,1.0
drift_diffusion,64,64,16,10000,10000,4,113.64341831207275,0.001584768295288086,0.042342185974121094,false,0.006569174933727794,0.018493376950959203,0.0006065180303380187,0.09232788538237786,0.003851464283566381,0.5862934573095226,0.0,1.0,1.0,0.05,2.0,2.0,0.0,0.5,1.0,0.0,1.0
drift_diffusion,256,256,16,0,1000,2,0.0027539730072021484,0.013605117797851562,0.24153614044189453,false,0.8567716022591727,2.426183244495611,0.00031121921663870893,0.0003632464192534772,0.00023700549940490983,0.0002766262312849345,0.0,1.0,1.0,0.05,2.0,2.0,0.0,0.5,1.0,0.0,1.0
wave,16,16,16,10000,10000,0,162.21640992164612,0.000051021575927734375,0.007436037063598633,false,0.0002654755808042231,0.0005319912236465373,0.00021827517217585482,0.822204330486958,0.004322163832073661,16.280833886787665,0.0,1.0,1.0,0.05,2.0,2.0,0.0,0.5,1.0,0.0,1.0
wave,8,8,16,0,10000,7,0.00733494758605957,0.000030994415283203125,0.003763914108276367,false,0.8377079777071502,1.6886605564251118,0.04337158934338701,0.05177411520193143,0.018958173771005418,0.022631005404645795,0.0,1.0,1.0,0.05,2.0,2.0,0.0,0.5,1.0,0.0,1.0
drift_diffusion,256,256,16,0,10,5,0.0018281936645507812,0.013292074203491211,0.22798895835876465,false,0.8560901915172072,2.4242536435139526,0.0003111963378156724,0.0003635088229011877,0.00023700549940490983,0.00027684641379300987,0.0,1.0,1.0,0.05,2.0,2.0,0.0,0.5,1.0,0.0,1.0
heat,64,64,16,10000,10000,0,95.41633677482605,0.001438140869140625,0.023860931396484375,false,0.00006469260762363683,0.00018348160411247132,5.536042775301927e-6,0.08557458075427242,0.00016125998597565447,2.4927111751866593,0.0,1.0,1.0,0.05,2.0,2.0,0.0,0.5,1.0,0.0,1.0
drift_diffusion,64,64,16,10000,10000,6,114.56074023246765,0.001711130142211914,0.04126286506652832,false,0.007853011019643369,0.022107600185932136,0.0005518555042239994,0.0702731096191756,0.003851464283566381,0.49044427340447555,0.0,1.0,1.0,0.05,2.0,2.0,0.0,0.5,1.0,0.0,1.0
heat,128,128,16,10000,1000,8,19.306674003601074,0.004148960113525391,0.07254695892333984,false,0.00008396065316118522,0.0002381831181732368,1.3921964839772245e-6,0.016581534701771174,0.00003992627534176886,0.4755355495516692,0.0,1.0,1.0,0.05,2.0,2.0,0.0,0.5,1.0,0.0,1.0
drift_diffusion,32,32,16,10000,10,7,11.723608016967773,0.0007197856903076172,0.01966691017150879,false,0.7228680973708909,2.0196316758781365,0.02443229802348898,0.03379910956417986,0.015825675346876712,0.02189289498932865,0.0,1.0,1.0,0.05,2.0,2.0,0.0,0.5,1.0,0.0,1.0
drift_diffusion,16,16,16,0,10000,5,0.005910158157348633,0.0003409385681152344,0.011007070541381836,true,0.8122264859946698,2.237077685524846,0.08755482850046101,0.10779607659954538,0.06769679643284385,0.08334719145478357,0.0,1.0,1.0,0.05,2.0,2.0,0.0,0.5,1.0,0.0,1.0
poisson_1d,32,32,16,10000,100,0,7.921542167663574,0.000024080276489257812,0.0003571510314941406,false,4.8140788665869485e-6,6.917072710512504e-6,1.0110384840578888e-6,0.21001701718145843,0.000595948894502332,123.79292300885473,0.0,1.0,1.0,0.05,2.0,2.0,0.0,0.5,1.0,0.0,1.0
poisson_2d,8,32,8,10000,10000,9,142.07285594940186,0.0000591278076171875,0.0010170936584472656,false,6.8126585549240285e-6,0.000015571790982683486,0.00002032837372671057,2.983912016509225,0.007418007097193637,1088.8564335465178,0.0,1.0,1.0,0.05,2.0,2.0,0.0,0.5,1.0,0.0,1.0
poisson_1d,64,32,16,10000,10000,6,84.3865258693695,0.00003409385681152344,0.0005939006805419922,false,4.986740990260726e-6,7.10806714748093e-6,1.7202601029824117e-7,0.03449668042329933,0.00014539741646764722,29.15680135557424,0.0,1.0,1.0,0.05,2.0,2.0,0.0,0.5,1.0,0.0,1.0
poisson_1d,32,32,16,10000,10000,4,82.76934385299683,0.000030994415283203125,0.0005738735198974609,false,4.634084280712067e-6,6.658448854838564e-6,8.448251647577108e-7,0.18230681911759827,0.000595948894502332,128.60122051942898,0.0,1.0,1.0,0.05,2.0,2.0,0.0,0.5,1.0,0.0,1.0
poisson_2d,8,32,8,10000,10,1,10.727699995040894,0.00004315376281738281,0.0006680488586425781,false,0.15128282637569113,0.34578931743015096,0.025535465867968104,0.16879289262189015,0.007418007097193637,0.04903403297590422,0.0,1.0,1.0,0.05,2.0,2.0,0.0,0.5,1.0,0.0,1.0
wave,256,256,16,10000,10000,9,143.70934915542603,0.0008552074432373047,0.1978449821472168,false,0.00308145363678792,0.006162954293364988,6.464526693027551e-7,0.000209788218646246,0.000015783443300198566,0.005122077162468871,0.0,1.0,1.0,0.05,2.0,2.0,0.0,0.5,1.0,0.0,1.0
poisson_2d,32,32,32,10000,1,6,9.572857141494751,0.0008318424224853516,0.0026319026947021484,false,0.1036392409124921,0.21396488446449977,0.0002420872636260358,0.002335864885680147,0.00041476287710914914,0.004001986829094534,0.0,1.0,1.0,0.05,2.0,2.0,0.0,0.5,1.0,0.0,1.0
heat,128,128,16,0,1,5,0.002737283706665039,0.004189014434814453,0.07091212272644043,false,0.43580358793685386,1.2363059787852055,0.000050716430134969404,0.00011637451259882236,0.00003992627534176886,0.00009161529745724351,0.0,1.0,1.0,0.05,2.0,2.0,0.0,0.5,1.0,0.0,1.0
heat,1024,1024,16,10000,10000,0,95.41633677482605,0.13470792770385742,0.9975559711456299,false,0.00006563154008500265,0.00018622053178347838,2.14737569058495e-8,0.00032718654595039306,6.18697497282374e-7,0.009426831923799527,0.0,1.0,1.0,0.05,2.0,2.0,0.0,0.5,1.0,0.0,1.0
poisson_1d,128,32,16,0,1,8,0.0013718605041503906,0.00004887580871582031,0.0005848407745361328,false,0.6984209541328192,0.991597407939792,0.00003578041509073003,0.00005123044330071122,0.00003591751011898671,0.00005142673613448924,0.0,1.0,1.0,0.05,2.0,2.0,0.0,0.5,1.0,0.0,1.0
poisson_1d,16,32,16,10000,1,5,5.947137117385864,0.000025033950805664062,0.0003380775451660156,false,0.09529440988496463,0.13918639439503572,0.0006072844900779289,0.0063727189329470255,0.0025081860605056672,0.026320390288721456,0.0,1.0,1.0,0.05,2.0,2.0,0.0,0.5,1.0,0.0,1.0
poisson_2d,64,32,64,10000,100,1,12.403894186019897,0.004716634750366211,0.00886082649230957,false,0.00001631311276683932,0.000033144102129451306,9.7017717700213e-7,0.059472228927904075,0.00010200512199543541,6.25295266775586,0.0,1.0,1.0,0.05,2.0,2.0,0.0,0.5,1.0,0.0,1.0
poisson_1d,64,32,16,10000,1,9,5.765926837921143,0.000027894973754882812,0.00037097930908203125,false,0.10124222646054916,0.1443099902817348,0.000037343226705810196,0.00036885031089632956,0.00014539741646764722,0.001436134126547521,0.0,1.0,1.0,0.05,2.0,2.0,0.0,0.5,1.0,0.0,1.0
wave,256,256,16,0,100,8,0.0020859241485595703,0.0008440017700195312,0.20665669441223145,false,0.8693554483337489,1.7387241621307152,0.000031210165260384324,0.000035900350449523634,0.000015783443300198566,0.000018155339487950435,0.0,1.0,1.0,0.05,2.0,2.0,0.0,0.5,1.0,0.0,1.0
poisson_1d,128,32,16,0,1,6,0.0014350414276123047,0.00004100799560546875,0.0005991458892822266,false,0.65597419235734,0.9313327513556215,0.000034604150516816475,0.0000527523047704992,0.00003591751011898671,0.00005475445610125581,0.0,1.0,1.0,0.05,2.0,2.0,0.0,0.5,1.0,0.0,1.0
poisson_1d,256,32,16,10000,10000,0,86.14034485816956,0.000051975250244140625,0.000782012939453125,false,4.432149292250244e-6,6.280283821044502e-6,1.267347843113761e-8,0.0028594430365898667,8.926404123405047e-6,2.014012510546915,0.0,1.0,1.0,0.05,2.0,2.0,0.0,0.5,1.0,0.0,1.0
wave,256,256,16,10000,10000,2,144.22616171836853,0.0008640289306640625,0.26417994499206543,false,0.0001834912811076182,0.00036698536210203175,5.263949772961855e-7,0.0028687737865166815,0.000015783443300198566,0.08601740205265081,0.0,1.0,1.0,0.05,2.0,2.0,0.0,0.5,1.0,0.0,1.0
poisson_2d,32,32,32,10000,10,6,10.595207214355469,0.0009348392486572266,0.0024750232696533203,false,0.09741018730092256,0.2011049028148078,0.00030442918805199574,0.0031252294702148902,0.00041476287710914914,0.0042579004167998405,0.0,1.0,1.0,0.05,2.0,2.0,0.0,0.5,1.0,0.0,1.0
wave,64,64,16,10000,1000,4,28.517894744873047,0.00018024444580078125,0.03220105171203613,false,0.0003952859241457694,0.0007906683713183669,0.00001122021641505342,0.02838506440445096,0.0002556346352812184,0.6467081665849641,0.0,1.0,1.0,0.05,2.0,2.0,0.0,0.5,1.0,0.0,1.0
wave,64,64,16,10000,10000,0,162.21640992164612,0.00020575523376464844,0.03452920913696289,false,0.00027530999267002393,0.0005506872120035471,0.00001071215213741722,0.038909420008784446,0.0002556346352812184,0.9285338058452511,0.0,1.0,1.0,0.05,2.0,2.0,0.0,0.5,1.0,0.0,1.0
poisson_1d,32,32,16,10000,100,8,7.8015642166137695,0.000025987625122070312,0.0003497600555419922,false,3.7236026405478157e-6,5.350230215066296e-6,7.989409146681485e-7,0.21456127083666274,0.000595948894502332,160.04631858319112,0.0,1.0,1.0,0.05,2.0,2.0,0.0,0.5,1.0,0.0,1.0
heat,256,256,16,10000,1000,4,19.808025121688843,0.012241840362548828,0.17392301559448242,false,0.00007475738813870643,0.00021209747468158943,4.026251112864649e-7,0.00538575679689193,9.934186103617024e-6,0.13288567659923642,0.0,1.0,1.0,0.05,2.0,2.0,0.0,0.5,1.0,0.0,1.0
wave,32,32,16,10000,1000,5,28.86086130142212,0.00010585784912109375,0.016561031341552734,false,0.0002816783159324203,0.0005636319099813733,0.00004307655119677545,0.15292817643476325,0.0010402908397117996,3.6931875152257536,0.0,1.0,1.0,0.05,2.0,2.0,0.0,0.5,1.0,0.0,1.0
drift_diffusion,128,128,16,10000,100,5,12.740617990493774,0.004284858703613281,0.09906315803527832,false,0.14031450075818075,0.3965536116287791,0.0018348553417240736,0.013076733565023889,0.0009525133211054325,0.006788416848996966,0.0,1.0,1.0,0.05,2.0,2.0,0.0,0.5,1.0,0.0,1.0
poisson_2d,256,32,256,10000,1000,5,27.73399782180786,0.14498209953308105,0.159271240234375,false,8.754250632915216e-6,0.00001757716205510819,1.7863678305679467e-8,0.0020405719523621524,6.299580846651019e-6,0.7196025234750747,0.0,1.0,1.0,0.05,2.0,2.0,0.0,0.5,1.0,0.0,1.0
poisson_1d,64,32,16,10000,10,9,6.510509729385376,0.000026941299438476562,0.0003447532653808594,false,0.00041175498371143367,0.0005869127909885217,7.2117403741769385e-6,0.017514640160929594,0.00014539741646764722,0.3531163488466952,0.0,1.0,1.0,0.05,2.0,2.0,0.0,0.5,1.0,0.0,1.0
drift_diffusion,8,8,16,0,1,7,0.002092123031616211,0.00014472007751464844,0.004661083221435547,true,0.7724378789016125,2.076959641709668,0.3609794948748928,0.467324952251431,0.26151842143576154,0.33856239909885594,0.0,1.0,1.0,0.05,2.0,2.0,0.0,0.5,1.0,0.0,1.0
drift_diffusion,32,32,16,10000,10,6,11.220563888549805,0.0007028579711914062,0.019343137741088867,false,0.7288601245085365,2.0363728875236986,0.02243018581996887,0.03077433524723736,0.015825675346876712,0.02171291145547002,0.0,1.0,1.0,0.05,2.0,2.0,0.0,0.5,1.0,0.0,1.0
drift_diffusion,256,256,16,10000,10,6,11.220563888549805,0.011670827865600586,0.2278919219970703,false,0.7383306070893341,2.090785155687898,0.00034981912073051295,0.00047379739830856916,0.00023700549940490983,0.00032100186167175024,0.0,1.0,1.0,0.05,2.0,2.0,0.0,0.5,1.0,0.0,1.0
wave,256,256,16,10000,1,9,10.00851821899414,0.000997781753540039,0.20724916458129883,false,0.8669627124684773,1.7339386538895025,0.000031208227340110506,0.00003599719675515483,0.000015783443300198566,0.000018205446524059646,0.0,1.0,1.0,0.05,2.0,2.0,0.0,0.5,1.0,0.0,1.0
heat,32,32,16,0,1000,5,0.002413034439086914,0.0005681514739990234,0.011384963989257812,false,0.4306013292264639,1.2206726518154825,0.0008463228874457013,0.00196544420558581,0.0006581365706071615,0.001528412770553783,0.0,1.0,1.0,0.05,2.0,2.0,0.0,0.5,1.0,0.0,1.0
heat,128,128,16,10000,1,3,7.042046070098877,0.004381895065307617,0.07540583610534668,false,0.4320560366211677,1.2256747673274915,0.000050708930154505105,0.00011736655863222514,0.00003992627534176886,0.00009240994676062522,0.0,1.0,1.0,0.05,2.0,2.0,0.0,0.5,1.0,0.0,1.0
wave,256,256,16,0,10000,1,0.007091999053955078,0.0008292198181152344,0.18784403800964355,false,0.8668906926287758,1.7337946131111512,0.00003122422599491042,0.00003601864255829703,0.000015783443300198566,0.00001820695900233575,0.0,1.0,1.0,0.05,2.0,2.0,0.0,0.5,1.0,0.0,1.0
drift_diffusion,128,128,16,10000,10000,3,115.92550992965698,0.004231929779052734,0.09544086456298828,false,0.009145120774775996,0.025845729788603923,0.0001768678262466063,0.019340130174599755,0.0009525133211054325,0.10415535721875178,0.0,1.0,1.0,0.05,2.0,2.0,0.0,0.5,1.0,0.0,1.0
drift_diffusion,32,32,16,0,1000,9,0.0025930404663085938,0.0006442070007324219,0.030105113983154297,false,0.835912745245843,2.3354687593891033,0.020685253150578408,0.02474570853025437,0.015825675346876712,0.01893220965571276,0.0,1.0,1.0,0.05,2.0,2.0,0.0,0.5,1.0,0.0,1.0
heat,16,16,16,0,1000,0,0.0020809173583984375,0.0002551078796386719,0.006190061569213867,false,0.4223782890444346,1.1959713022378002,0.0035853054200926182,0.008488375262383432,0.002749210983530936,0.00650888328031869,0.0,1.0,1.0,0.05,2.0,2.0,0.0,0.5,1.0,0.0,1.0
poisson_1d,8,32,16,0,10000,8,0.003877878189086914,0.0000209808349609375,0.00046181678771972656,false,0.6558805349003162,0.9915981629224321,0.011172407645162245,0.017034211339814007,0.011214972573078455,0.017099108719216615,0.0,1.0,1.0,0.05,2.0,2.0,0.0,0.5,1.0,0.0,1.0
heat,256,256,16,10000,100,0,8.862431049346924,0.011770963668823242,0.17319393157958984,false,0.00020977697075945563,0.0005951674724360436,8.920497251788925e-7,0.004252372040405481,9.934186103617024e-6,0.04735594220684736,0.0,1.0,1.0,0.05,2.0,2.0,0.0,0.5,1.0,0.0,1.0
wave,64,64,16,10000,10,9,10.718196153640747,0.00022101402282714844,0.03603196144104004,false,0.33427533735996257,0.668632299856023,0.0018407146828086556,0.005506582380100903,0.0002556346352812184,0.0007647427336403809,0.0,1.0,1.0,0.05,2.0,2.0,0.0,0.5,1.0,0.0,1.0
wave,256,256,16,0,1000,8,0.00263214111328125,0.0010590553283691406,0.2053530216217041,false,0.8693554483337489,1.7387241621307152,0.000031210165260384324,0.000035900350449523634,0.000015783443300198566,0.000018155339487950435,0.0,1.0,1.0,0.05,2.0,2.0,0.0,0.5,1.0,0.0,1.0
drift_diffusion,256,256,16,0,100,3,0.002122163772583008,0.012603044509887695,0.22694087028503418,false,0.8541815824737834,2.4188488947229825,0.0003111026308827257,0.00036421135419678055,0.00023700549940490983,0.0002774650077545824,0.0,1.0,1.0,0.05,2.0,2.0,0.0,0.5,1.0,0.0,1.0
drift_diffusion,8,8,16,0,1000,9,0.0025930404663085938,0.00014019012451171875,0.004479408264160156,true,0.7638067095822806,2.0537518332545646,0.36063678339808236,0.47215712938069304,0.26151842143576154,0.3423882222490343,0.0,1.0,1.0,0.05,2.0,2.0,0.0,0.5,1.0,0.0,1.0
poisson_2d,256,32,256,0,100,3,0.002023935317993164,0.14293622970581055,0.16531682014465332,false,0.4999278263033429,1.0037766551659275,6.312033121207237e-6,0.000012625888756544752,6.299580846651019e-6,0.000012600980612006582,0.0,1.0,1.0,0.05,2.0,2.0,0.0,0.5,1.0,0.0,1.0
drift_diffusion,64,64,16,10000,10000,1,114.46297287940979,0.0017788410186767578,0.04129791259765625,false,0.00723994283411528,0.020381705965426464,0.0006574452604952929,0.09080807342805815,0.003851464283566381,0.5319744052974937,0.0,1.0,1.0,0.05,2.0,2.0,0.0,0.5,1.0,0.0,1.0
poisson_2d,32,32,32,0,1,7,0.001962900161743164,0.0007250308990478516,0.0020232200622558594,false,0.5077778999095958,1.0483156643294878,0.0004208366192859862,0.0008287808889691959,0.00041476287710914914,0.0008168194739924542,0.0,1.0,1.0,0.05,2.0,2.0,0.0,0.5,1.0,0.0,1.0
drift_diffusion,256,256,16,10000,1000,9,23.997740983963013,0.013262033462524414,0.21850299835205078,false,0.009890180263888885,0.02800675183212924,0.0000381377405750251,0.003856121886299037,0.00023700549940490983,0.02396371886873124,0.0,1.0,1.0,0.05,2.0,2.0,0.0,0.5,1.0,0.0,1.0
heat,64,64,16,10000,0,1,0.0028641223907470703,0.0014548301696777344,0.023967266082763672,false,0.4368275045089558,1.238933074301778,0.00020572587534186074,0.00047095449168916263,0.00016125998597565447,0.0003691617041306251,0.0,1.0,1.0,0.05,2.0,2.0,0.0,0.5,1.0,0.0,1.0
poisson_1d,64,32,16,10000,10,5,6.492530107498169,0.00003886222839355469,0.00039124488830566406,false,0.00029327033507197395,0.00041802556782617907,5.798980718888188e-6,0.019773499141885705,0.00014539741646764722,0.4957794876591062,0.0,1.0,1.0,0.05,2.0,2.0,0.0,0.5,1.0,0.0,1.0
poisson_1d,64,32,16,0,10000,3,0.003840923309326172,0.000029325485229492188,0.0003859996795654297,false,0.6920864856782221,0.9864954329235568,0.0001423256966492362,0.00020564727038378978,0.00014539741646764722,0.0002100856171539927,0.0,1.0,1.0,0.05,2.0,2.0,0.0,0.5,1.0,0.0,1.0
wave,256,256,16,10000,100,6,12.876085996627808,0.0008568763732910156,0.21270394325256348,false,0.13223775492393344,0.26447752765896737,0.00004810729700258339,0.00036379396360937844,0.000015783443300198566,0.00011935655826339153,0.0,1.0,1.0,0.05,2.0,2.0,0.0,0.5,1.0,0.0,1.0
heat,128,128,16,0,10000,9,0.0074422359466552734,0.004500150680541992,0.07845091819763184,false,0.4358313579460238,1.236384757917177,0.00005075742474379847,0.00011646115824021224,0.00003992627534176886,0.00009160945997537327,0.0,1.0,1.0,0.05,2.0,2.0,0.0,0.5,1.0,0.0,1.0
poisson_2d,16,32,16,10000,10000,4,141.3628957271576,0.00019621849060058594,0.0015931129455566406,false,0.00001027920408099222,0.00002192896870611673,2.9356404242882402e-6,0.28559024620282786,0.00171723760469867,167.05939401061138,0.0,1.0,1.0,0.05,2.0,2.0,0.0,0.5,1.0,0.0,1.0
heat,256,256,16,0,100,0,0.0014767646789550781,0.01175689697265625,0.17237114906311035,false,0.43542091667678384,1.2353518381265192,0.000012586761227654844,0.000028907112050839042,9.934186103617024e-6,0.000022815132950976818,0.0,1.0,1.0,0.05,2.0,2.0,0.0,0.5,1.0,0.0,1.0
poisson_2d,16,32,16,10000,10,6,10.595207214355469,0.0001800060272216797,0.0013341903686523438,false,0.09426736248459645,0.2011037066338057,0.0012923062096107062,0.013708946294343084,0.00171723760469867,0.018216671809177534,0.0,1.0,1.0,0.05,2.0,2.0,0.0,0.5,1.0,0.0,1.0
heat,64,64,16,0,10,2,0.0015568733215332031,0.0014870166778564453,0.024097204208374023,false,0.43603322351733187,1.2366803292693462,0.00020583400598953448,0.00047206037266871875,0.00016125998597565447,0.000369834171522126,0.0,1.0,1.0,0.05,2.0,2.0,0.0,0.5,1.0,0.0,1.0
poisson_1d,8,32,16,0,10,1,0.001161813735961914,0.0000209808349609375,0.0003399848937988281,false,0.6901872614759494,1.0434650582457556,0.01155048862603169,0.016735296738643417,0.011214972573078455,0.016249173520090032,0.0,1.0,1.0,0.05,2.0,2.0,0.0,0.5,1.0,0.0,1.0
wave,8,8,16,10000,10,8,10.855016946792603,0.00002574920654296875,0.0035598278045654297,false,0.4320140590861092,0.870858486266978,0.22055619816673655,0.510530140230402,0.018958173771005418,0.04388323336307595,0.0,1.0,1.0,0.05,2.0,2.0,0.0,0.5,1.0,0.0,1.0
wave,16,16,16,10000,10,4,10.399818897247314,0.000051021575927734375,0.007405996322631836,false,0.4733316354305365,0.9485176571061188,0.4495057096354446,0.949663356489113,0.004322163832073661,0.0091313647948806,0.0,1.0,1.0,0.05,2.0,2.0,0.0,0.5,1.0,0.0,1.0
wave,128,128,16,0,1,7,0.002151966094970703,0.0004439353942871094,0.08686089515686035,false,0.8742203271269698,1.74849401487087,0.00012599876813952786,0.00014412701721728334,0.00006338688741085187,0.00007250676453516699,0.0,1.0,1.0,0.05,2.0,2.0,0.0,0.5,1.0,0.0,1.0
poisson_1d,32,32,16,0,1,0,0.0015637874603271484,0.000025033950805664062,0.0004999637603759766,false,0.6986146560344731,1.003799170379224,0.0006030014944655201,0.0008631389124990886,0.000595948894502332,0.0008530437908146674,0.0,1.0,1.0,0.05,2.0,2.0,0.0,0.5,1.0,0.0,1.0
heat,128,128,16,0,10,5,0.001634836196899414,0.004949092864990234,0.07178187370300293,false,0.43580358793685386,1.2363059787852055,0.000050716430134969404,0.00011637451259882236,0.00003992627534176886,0.00009161529745724351,0.0,1.0,1.0,0.05,2.0,2.0,0.0,0.5,1.0,0.0,1.0
drift_diffusion,64,64,16,0,1,5,0.002165079116821289,0.0016291141510009766,0.038932085037231445,false,0.8473213248849515,2.385357798774808,0.005051769123002658,0.00596204648064131,0.003851464283566381,0.004545458930930753,0.0,1.0,1.0,0.05,2.0,2.0,0.0,0.5,1.0,0.0,1.0
drift_diffusion,8,8,16,0,10,8,0.001984119415283203,0.0001361370086669922,0.004489898681640625,true,0.7657637457022017,2.0590139846190527,0.3607784608931201,0.47113546824064895,0.26151842143576154,0.34151319242196604,0.0,1.0,1.0,0.05,2.0,2.0,0.0,0.5,1.0,0.0,1.0
wave,128,128,16,10000,1000,5,28.86086130142212,0.00039124488830566406,0.08928108215332031,false,0.00028585608352454744,0.000571729615118531,2.6602433669051796e-6,0.009306233171965377,0.00006338688741085187,0.22174405606234524,0.0,1.0,1.0,0.05,2.0,2.0,0.0,0.5,1.0,0.0,1.0
poisson_1d,16,32,16,0,1000,8,0.0015888214111328125,0.000023126602172851562,0.0003509521484375,false,0.6789003594676772,0.9915974431435006,0.0024986239641945083,0.0036803986466492195,0.0025081860605056672,0.0036944833295895207,0.0,1.0,1.0,0.05,2.0,2.0,0.0,0.5,1.0,0.0,1.0
poisson_1d,64,32,16,0,10,2,0.0011141300201416016,0.00003504753112792969,0.0004799365997314453,false,0.6462210212351163,0.9211191076544657,0.00013917236390703476,0.00021536341179529547,0.00014539741646764722,0.00022499642024914395,0.0,1.0,1.0,0.05,2.0,2.0,0.0,0.5,1.0,0.0,1.0
wave,32,32,16,10000,1000,2,28.119762897491455,0.00009489059448242188,0.017017126083374023,false,0.0010178244820088919,0.0020366436618362536,0.000040753395926067127,0.040039708855919516,0.0010402908397117996,1.022072919348986,0.0,1.0,1.0,0.05,2.0,2.0,0.0,0.5,1.0,0.0,1.0
poisson_2d,64,32,64,10000,1,9,9.735986232757568,0.004645109176635742,0.009020328521728516,false,0.2562557097516267,0.5206465214001302,0.00007016028433093983,0.00027379013095529445,0.00010200512199543541,0.0003980598992088911,0.0,1.0,1.0,0.05,2.0,2.0,0.0,0.5,1.0,0.0,1.0
drift_diffusion,256,256,16,0,1000,1,0.00279998779296875,0.012660980224609375,0.21539998054504395,false,0.8603406820919218,2.436290070708863,0.00031111910411388115,0.00036162314602791273,0.00023700549940490983,0.00027547866134683993,0.0,1.0,1.0,0.05,2.0,2.0,0.0,0.5,1.0,0.0,1.0
heat,128,128,16,0,100,8,0.001397848129272461,0.004164934158325195,0.06789565086364746,false,0.43763053181717576,1.2414887301545547,0.00005073928177341165,0.00011594090924764007,0.00003992627534176886,0.0000912328378369369,0.0,1.0,1.0,0.05,2.0,2.0,0.0,0.5,1.0,0.0,1.0
poisson_1d,64,32,16,0,10,5,0.0011930465698242188,0.00003886222839355469,0.0004138946533203125,false,0.7105806168396468,1.012856843389123,0.00014593723620991305,0.00020537745155360177,0.00014539741646764722,0.00020461776330785888,0.0,1.0,1.0,0.05,2.0,2.0,0.0,0.5,1.0,0.0,1.0
drift_diffusion,64,64,16,0,10000,8,0.006031036376953125,0.0016810894012451172,0.0409698486328125,false,0.8499726839357225,2.392821838452987,0.005053444265193955,0.0059454196125391144,0.003851464283566381,0.004531280070945951,0.0,1.0,1.0,0.05,2.0,2.0,0.0,0.5,1.0,0.0,1.0
wave,64,64,16,0,10000,2,0.007330894470214844,0.00022101402282714844,0.03804612159729004,false,0.8651402975940691,1.7304918497637602,0.0005133171999622692,0.0005933340538982982,0.0002556346352812184,0.0002954834446992368,0.0,1.0,1.0,0.05,2.0,2.0,0.0,0.5,1.0,0.0,1.0
drift_diffusion,256,256,16,10000,1,0,10.739435195922852,0.012079000473022461,0.21923184394836426,false,0.6923693675525818,1.9606333287992828,0.0003027311154004967,0.000437239325694902,0.00023700549940490983,0.0003423107816607881,0.0,1.0,1.0,0.05,2.0,2.0,0.0,0.5,1.0,0.0,1.0
drift_diffusion,8,8,16,10000,1,7,10.67147707939148,0.00013709068298339844,0.00469207763671875,true,0.6345768357504222,1.7062737514783735,0.36136667159886027,0.5694608615385781,0.26151842143576154,0.4121146671332582,0.0,1.0,1.0,0.05,2.0,2.0,0.0,0.5,1.0,0.0,1.0
wave,256,256,16,0,1,8,0.001992940902709961,0.0008487701416015625,0.2088329792022705,false,0.8693554483337489,1.7387241621307152,0.000031210165260384324,0.000035900350449523634,0.000015783443300198566,0.000018155339487950435,0.0,1.0,1.0,0.05,2.0,2.0,0.0,0.5,1.0,0.0,1.0
wave,32,32,16,10000,1000,0,28.052139043807983,0.00009202957153320312,0.015018224716186523,false,0.0012197252590584976,0.002440642529191364,0.000042451289643903945,0.034803976820705095,0.0010402908397117996,0.8528894781720859,0.0,1.0,1.0,0.05,2.0,2.0,0.0,0.5,1.0,0.0,1.0
poisson_1d,128,32,16,10000,10000,3,83.93416595458984,0.00003790855407714844,0.0005652904510498047,false,0.0009497179321858427,0.0013483814227749098,3.3201610250831274e-8,0.00003495944335220873,0.00003591751011898671,0.03781913439953298,0.0,1.0,1.0,0.05,2.0,2.0,0.0,0.5,1.0,0.0,1.0
heat,64,64,16,0,100,0,0.0014767646789550781,0.001466989517211914,0.02469778060913086,false,0.4328297451613582,1.227594602644858,0.00020562605651650197,0.0004750737647197627,0.00016125998597565447,0.000372571404295555,0.0,1.0,1.0,0.05,2.0,2.0,0.0,0.5,1.0,0.0,1.0
drift_diffusion,64,64,16,0,1000,4,0.0027730464935302734,0.0015840530395507812,0.03833603858947754,false,0.8481866085135552,2.3877937236016997,0.0050524364050100225,0.005956750972364918,0.003851464283566381,0.004540821848527014,0.0,1.0,1.0,0.05,2.0,2.0,0.0,0.5,1.0,0.0,1.0
heat,32,32,16,0,10,7,0.0016489028930664062,0.0005979537963867188,0.01174306869506836,false,0.44582811145233797,1.2638376756477692,0.0008458829938978294,0.0018973298725875876,0.0006581365706071615,0.0014762114673819095,0.0,1.0,1.0,0.05,2.0,2.0,0.0,0.5,1.0,0.0,1.0
poisson_1d,32,32,16,10000,1,4,5.888246774673462,0.000032901763916015625,0.0005140304565429688,false,0.09418482722651345,0.13532875472286046,0.0001537265946548811,0.0016321800355928904,0.000595948894502332,0.006327440544845732,0.0,1.0,1.0,0.05,2.0,2.0,0.0,0.5,1.0,0.0,1.0
poisson_2d,256,32,256,0,10,4,0.0020720958709716797,0.14064502716064453,0.16632890701293945,false,0.5035115630460162,1.010972236390432,6.317579160860565e-6,0.000012547038885546303,6.299580846651019e-6,0.000012511293302861639,0.0,1.0,1.0,0.05,2.0,2.0,0.0,0.5,1.0,0.0,1.0
poisson_1d,256,32,16,0,10,8,0.0011990070343017578,0.00006771087646484375,0.0007829666137695312,false,0.6997944479901258,0.991597407933391,8.89233212899064e-6,0.000012707062987610486,8.926404123405047e-6,0.000012755751562537403,0.0,1.0,1.0,0.05,2.0,2.0,0.0,0.5,1.0,0.0,1.0
wave,64,64,16,10000,1,7,9.643846273422241,0.0001990795135498047,0.03288698196411133,false,0.8642091220724422,1.7286292713410973,0.000513160404572033,0.0005937919323756194,0.0002556346352812184,0.0002958018247576306,0.0,1.0,1.0,0.05,2.0,2.0,0.0,0.5,1.0,0.0,1.0
heat,16,16,16,10000,100,4,8.9389328956604,0.0002689361572265625,0.0066220760345458984,false,0.00035372534247185284,0.0010015793175062295,0.00022452014699218567,0.6347301706549002,0.002749210983530936,7.77216289994524,0.0,1.0,1.0,0.05,2.0,2.0,0.0,0.5,1.0,0.0,1.0
heat,32,32,16,0,10000,9,0.0074422359466552734,0.0005631446838378906,0.013993024826049805,false,0.43065144786139303,1.220814728587782,0.0008470038815533246,0.0019667967813867334,0.0006581365706071615,0.001528234895936041,0.0,1.0,1.0,0.05,2.0,2.0,0.0,0.5,1.0,0.0,1.0
poisson_2d,16,32,16,0,10,1,0.0018918514251708984,0.00018596649169921875,0.001077890396118164,false,0.4515691583905739,0.9633475378998906,0.0016893226973963493,0.0037410054827863373,0.00171723760469867,0.0038028230511114453,0.0,1.0,1.0,0.05,2.0,2.0,0.0,0.5,1.0,0.0,1.0
drift_diffusion,64,64,16,10000,1,5,10.5989670753479,0.0018160343170166016,0.04035186767578125,false,0.7336476597237362,2.06534654006556,0.004917135744889599,0.006702312315343859,0.003851464283566381,0.005249746567741653,0.0,1.0,1.0,0.05,2.0,2.0,0.0,0.5,1.0,0.0,1.0
heat,64,64,16,0,10,8,0.0013952255249023438,0.0014760494232177734,0.024749755859375,false,0.4358957931425805,1.2362905483262148,0.00020579979619533728,0.00047213072351909714,0.00016125998597565447,0.00036995077381466417,0.0,1.0,1.0,0.05,2.0,2.0,0.0,0.5,1.0,0.0,1.0
poisson_1d,256,32,16,10000,10000,5,82.86012315750122,0.000051021575927734375,0.0006840229034423828,false,7.180609767975641e-6,0.00001017480783643814,2.2597604263354807e-8,0.0031470313793992492,8.926404123405047e-6,1.2431261984310935,0.0,1.0,1.0,0.05,2.0,2.0,0.0,0.5,1.0,0.0,1.0
heat,64,64,16,10000,100,5,9.205987930297852,0.00150299072265625,0.02501702308654785,false,0.00023053354512060206,0.0006538407743052257,9.460199625090463e-6,0.04103610873696199,0.00016125998597565447,0.6995076828893707,0.0,1.0,1.0,0.05,2.0,2.0,0.0,0.5,1.0,0.0,1.0
drift_diffusion,128,128,16,0,10,1,0.0024662017822265625,0.004690885543823242,0.10532188415527344,false,0.8574152169835773,2.4232071462541778,0.0012501283909538885,0.0014580198323886676,0.0009525133211054325,0.001110912545331787,0.0,1.0,1.0,0.05,2.0,2.0,0.0,0.5,1.0,0.0,1.0
poisson_2d,32,32,32,0,0,1,0.0019121170043945312,0.0007228851318359375,0.002125263214111328,false,0.4666213250742077,0.9633472517661059,0.0004080252333465781,0.0008744247453364651,0.00041476287710914914,0.0008888639563208742,0.0,1.0,1.0,0.05,2.0,2.0,0.0,0.5,1.0,0.0,1.0
poisson_2d,128,32,128,0,100,5,0.0019919872283935547,0.022941112518310547,0.03358292579650879,false,0.5047254864470827,1.0173994057515994,0.000025474526949145015,0.00005047204397873388,0.000025298111418601268,0.000050122516294317566,0.0,1.0,1.0,0.05,2.0,2.0,0.0,0.5,1.0,0.0,1.0
poisson_1d,128,32,16,0,10000,2,0.0039899349212646484,0.00003790855407714844,0.0005080699920654297,false,0.6487803221431463,0.9211191072556864,0.00003437973495109136,0.00005299133432025677,0.00003591751011898671,0.00005536158988351977,0.0,1.0,1.0,0.05,2.0,2.0,0.0,0.5,1.0,0.0,1.0
poisson_1d,128,32,16,10000,1,6,5.882675886154175,0.00003504753112792969,0.00047516822814941406,false,0.1058241136434955,0.15024594575159406,8.352973855394967e-6,0.00007893261344512453,0.00003591751011898671,0.0003394076159237867,0.0,1.0,1.0,0.05,2.0,2.0,0.0,0.5,1.0,0.0,1.0
wave,8,8,16,0,0,2,0.0020380020141601562,0.000033855438232421875,0.003371000289916992,false,0.8306597320073215,1.67445262857671,0.0433799227874041,0.05222345698951222,0.018958173771005418,0.022823032152036855,0.0,1.0,1.0,0.05,2.0,2.0,0.0,0.5,1.0,0.0,1.0
wave,64,64,16,10000,10,3,10.671231985092163,0.00020694732666015625,0.0365300178527832,false,0.3655357033189725,0.7311606650970575,0.00038173954963712376,0.0010443290386438979,0.0002556346352812184,0.0006993424526253385,0.0,1.0,1.0,0.05,2.0,2.0,0.0,0.5,1.0,0.0,1.0
wave,128,128,16,0,1000,7,0.0028791427612304688,0.0004432201385498047,0.09682512283325195,false,0.8742203271269698,1.74849401487087,0.00012599876813952786,0.00014412701721728334,0.00006338688741085187,0.00007250676453516699,0.0,1.0,1.0,0.05,2.0,2.0,0.0,0.5,1.0,0.0,1.0
poisson_2d,16,32,16,10000,1,0,9.913221836090088,0.0001609325408935547,0.0011379718780517578,false,0.25778604860407,0.5499435703553491,0.0013396293977355536,0.0051966714451373245,0.00171723760469867,0.0066614838700450795,0.0,1.0,1.0,0.05,2.0,2.0,0.0,0.5,1.0,0.0,1.0
heat,16,16,16,10000,0,0,0.0072209835052490234,0.00026297569274902344,0.005544900894165039,false,0.4223782890444346,1.1959713022378002,0.0035853054200926182,0.008488375262383432,0.002749210983530936,0.00650888328031869,0.0,1.0,1.0,0.05,2.0,2.0,0.0,0.5,1.0,0.0,1.0
poisson_2d,16,32,16,0,10000,3,0.006891965866088867,0.00017380714416503906,0.001154184341430664,false,0.47052029341434126,1.0037766259505942,0.0017206353845877688,0.0036568781594985807,0.00171723760469867,0.0036496568346446774,0.0,1.0,1.0,0.05,2.0,2.0,0.0,0.5,1.0,0.0,1.0
poisson_1d,64,32,16,0,1,6,0.0014350414276123047,0.000030040740966796875,0.0003719329833984375,false,0.6533865131667155,0.9313327517747465,0.0001400807115544571,0.00021439180137884883,0.00014539741646764722,0.00022252895267605284,0.0,1.0,1.0,0.05,2.0,2.0,0.0,0.5,1.0,0.0,1.0
wave,32,32,16,0,1000,9,0.0025911331176757812,0.00011968612670898438,0.016477108001708984,false,0.8597913397574626,1.7204229349667377,0.002130797739070233,0.0024782730885278595,0.0010402908397117996,0.0012099340754063116,0.0,1.0,1.0,0.05,2.0,2.0,0.0,0.5,1.0,0.0,1.0
heat,64,64,16,10000,1000,7,19.53375792503357,0.0016231536865234375,0.025228023529052734,false,0.00007155280971064,0.0002029385549094147,7.194260816284794e-6,0.10054477029439338,0.00016125998597565447,2.2537198277407335,0.0,1.0,1.0,0.05,2.0,2.0,0.0,0.5,1.0,0.0,1.0
wave,128,128,16,10000,10000,1,146.8099720478058,0.0004878044128417969,0.09274601936340332,false,0.00022374851779873215,0.0004475106927483867,2.1816265200428044e-6,0.009750350712956506,0.00006338688741085187,0.28329522820724007,0.0,1.0,1.0,0.05,2.0,2.0,0.0,0.5,1.0,0.0,1.0
poisson_2d,256,32,256,0,1000,0,0.002732992172241211,0.13133597373962402,0.1672980785369873,false,0.4940067326025895,0.9918880278138263,6.269645110606382e-6,0.000012691416324582935,6.299580846651019e-6,0.000012752014154671051,0.0,1.0,1.0,0.05,2.0,2.0,0.0,0.5,1.0,0.0,1.0
wave,32,32,16,10000,10000,7,144.45493721961975,0.00009918212890625,0.016679763793945312,false,0.0009260784306787273,0.0018530618977473342,0.00004794062231672254,0.05176734575448589,0.0010402908397117996,1.1233290888216165,0.0,1.0,1.0,0.05,2.0,2.0,0.0,0.5,1.0,0.0,1.0
poisson_2d,32,32,32,10000,10000,4,141.3628957271576,0.0009400844573974609,0.002429962158203125,false,0.000010623665635879032,0.000021932729054717993,1.1300437776540694e-6,0.10637042018970971,0.00041476287710914914,39.041409182201384,0.0,1.0,1.0,0.05,2.0,2.0,0.0,0.5,1.0,0.0,1.0
drift_diffusion,256,256,16,0,1,6,0.0022161006927490234,0.012074947357177734,0.22049522399902344,false,0.8607279328984274,2.4373866773373782,0.0003113890771896917,0.00036177410455486865,0.00023700549940490983,0.00027535472051756717,0.0,1.0,1.0,0.05,2.0,2.0,0.0,0.5,1.0,0.0,1.0
drift_diffusion,16,16,16,10000,10,0,11.206326007843018,0.00028324127197265625,0.00868988037109375,true,2.169519311889929,5.975406274766604,0.40599362776758213,0.1871352910031991,0.06769679643284385,0.031203592455635375,0.0,1.0,1.0,0.05,2.0,2.0,0.0,0.5,1.0,0.0,1.0
wave,256,256,16,0,100,6,0.0020918846130371094,0.0010340213775634766,0.2018871307373047,false,0.8707115022323686,1.7414362906199319,0.00003121391102945786,0.00003584874088539115,0.000015783443300198566,0.000018127064199487748,0.0,1.0,1.0,0.05,2.0,2.0,0.0,0.5,1.0,0.0,1.0
poisson_2d,64,32,64,10000,100,6,12.506900310516357,0.004158973693847656,0.008034706115722656,false,0.000016603059440965676,0.000033733200134025485,4.983640765705357e-7,0.03001640019055114,0.00010200512199543541,6.143754550630469,0.0,1.0,1.0,0.05,2.0,2.0,0.0,0.5,1.0,0.0,1.0
wave,16,16,16,0,10,5,0.0017931461334228516,0.00005936622619628906,0.007689952850341797,false,0.8495945071255017,1.7025174973904134,0.009200317273074963,0.010829068686193726,0.004322163832073661,0.005087325536857776,0.0,1.0,1.0,0.05,2.0,2.0,0.0,0.5,1.0,0.0,1.0
drift_diffusion,64,64,16,0,100,3,0.002122163772583008,0.0016100406646728516,0.03983712196350098,false,0.8454084174706576,2.379972629671883,0.005050248664883527,0.005973738326373844,0.003851464283566381,0.004555743950467653,0.0,1.0,1.0,0.05,2.0,2.0,0.0,0.5,1.0,0.0,1.0
wave,64,64,16,10000,10,5,10.62522006034851,0.00019812583923339844,0.034790992736816406,false,0.35556219109919124,0.7112112052720467,0.0015325125454073532,0.004310111096654333,0.0002556346352812184,0.0007189589941803005,0.0,1.0,1.0,0.05,2.0,2.0,0.0,0.5,1.0,0.0,1.0
poisson_1d,32,32,16,10000,1,9,5.765926837921143,0.000027179718017578125,0.00043702125549316406,false,0.10043455943750175,0.1443086350535886,0.00015321731224611794,0.0015255437282169948,0.000595948894502332,0.0059337034765725,0.0,1.0,1.0,0.05,2.0,2.0,0.0,0.5,1.0,0.0,1.0
heat,8,8,16,0,10,6,0.0016682147979736328,0.00012493133544921875,0.0030570030212402344,false,0.4130267179980919,1.1660019272482383,0.016215654180568154,0.039260545320564624,0.012171854008336707,0.029469894992102997,0.0,1.0,1.0,0.05,2.0,2.0,0.0,0.5,1.0,0.0,1.0
wave,1024,1024,16,0,10000,0,0.008371829986572266,0.006652116775512695,1.2347650527954102,false,0.8674793232176822,1.7349594737287062,1.937108337142068e-6,2.2330311343409122e-6,9.835504728370893e-7,1.1338027852800828e-6,0.0,1.0,1.0,0.05,2.0,2.0,0.0,0.5,1.0,0.0,1.0
poisson_1d,256,32,16,0,100,6,0.00125885009765625,0.000051975250244140625,0.0005481243133544922,false,0.6572642116628814,0.9313327513302778,8.600002802813809e-6,0.000013084544465087733,8.926404123405047e-6,0.000013581150418674408,0.0,1.0,1.0,0.05,2.0,2.0,0.0,0.5,1.0,0.0,1.0
poisson_1d,8,32,16,0,10000,7,0.003520965576171875,0.0000209808349609375,0.0004620552062988281,false,0.6259556456209414,0.9463559828970787,0.011029421910141168,0.017620133291073835,0.011214972573078455,0.01791656110386754,0.0,1.0,1.0,0.05,2.0,2.0,0.0,0.5,1.0,0.0,1.0
drift_diffusion,8,8,16,10000,1000,1,24.87624716758728,0.00013685226440429688,0.004510164260864258,true,0.0039522600507099085,0.010626983532369532,0.03373260655481267,8.535016957892925,0.26151842143576154,66.16933553974536,0.0,1.0,1.0,0.05,2.0,2.0,0.0,0.5,1.0,0.0,1.0
heat,16,16,16,10000,100,6,9.302517890930176,0.000286102294921875,0.005993843078613281,false,0.0005175920580894487,0.0014655707071062527,0.00016712879510924288,0.3228967533352838,0.002749210983530936,5.311540122308629,0.0,1.0,1.0,0.05,2.0,2.0,0.0,0.5,1.0,0.0,1.0
poisson_1d,8,32,16,10000,1,8,5.730218172073364,0.00002193450927734375,0.000370025634765625,false,0.12028188079706374,0.18184911075208351,0.004845513328494491,0.04028464882977431,0.011214972573078455,0.09323908554439747,0.0,1.0,1.0,0.05,2.0,2.0,0.0,0.5,1.0,0.0,1.0
heat,32,32,16,0,100,7,0.0015289783477783203,0.0006630420684814453,0.01225900650024414,false,0.44582811145233797,1.2638376756477692,0.0008458829938978294,0.0018973298725875876,0.0006581365706071615,0.0014762114673819095,0.0,1.0,1.0,0.05,2.0,2.0,0.0,0.5,1.0,0.0,1.0
heat,128,128,16,0,10,2,0.0015568733215332031,0.004003286361694336,0.06855416297912598,false,0.43775268317211496,1.2418352542645166,0.00005074771182802626,0.00011592781444602439,0.00003992627534176886,0.00009120738004950319,0.0,1.0,1.0,0.05,2.0,2.0,0.0,0.5,1.0,0.0,1.0
wave,256,256,16,0,10,8,0.0017621517181396484,0.0008471012115478516,0.19917726516723633,false,0.8693554483337489,1.7387241621307152,0.000031210165260384324,0.000035900350449523634,0.000015783443300198566,0.000018155339487950435,0.0,1.0,1.0,0.05,2.0,2.0,0.0,0.5,1.0,0.0,1.0
drift_diffusion,64,64,16,0,10,0,0.0017619132995605469,0.0015869140625,0.037976980209350586,false,0.8483757420454889,2.388326167589781,0.00505180265079598,0.005954675977198211,0.003851464283566381,0.00453980953566665,0.0,1.0,1.0,0.05,2.0,2.0,0.0,0.5,1.0,0.0,1.0
poisson_2d,128,32,128,10000,1000,7,27.687796115875244,0.022889137268066406,0.03442215919494629,false,0.0002938043597026279,0.0005922355597155332,8.343505861538924e-8,0.0002839816900600422,0.000025298111418601268,0.08610529620526383,0.0,1.0,1.0,0.05,2.0,2.0,0.0,0.5,1.0,0.0,1.0
poisson_2d,16,32,16,10000,1000,5,27.73399782180786,0.0001857280731201172,0.0011260509490966797,false,8.23597475687458e-6,0.00001757007948133243,2.697761197380684e-6,0.3275582158743387,0.00171723760469867,208.50447644274755,0.0,1.0,1.0,0.05,2.0,2.0,0.0,0.5,1.0,0.0,1.0
poisson_2d,16,32,16,10000,100,2,12.32990312576294,0.0001480579376220703,0.001111745834350586,false,0.00013070682703885203,0.00027884123101621754,9.852715455024504e-6,0.07538026649586016,0.00171723760469867,13.138086537644396,0.0,1.0,1.0,0.05,2.0,2.0,0.0,0.5,1.0,0.0,1.0
poisson_1d,32,32,16,10000,10,7,6.535207033157349,0.00003170967102050781,0.00040793418884277344,false,0.0004703688340005723,0.0006758458919572378,0.00003340934425795978,0.07102797175952355,0.000595948894502332,1.2669821030308317,0.0,1.0,1.0,0.05,2.0,2.0,0.0,0.5,1.0,0.0,1.0
poisson_2d,64,32,64,0,10,0,0.001832723617553711,0.004456281661987305,0.008535146713256836,false,0.4881948887679619,0.9918880279730017,0.00010152035914872651,0.00020795047528033198,0.00010200512199543541,0.00020894344521480278,0.0,1.0,1.0,0.05,2.0,2.0,0.0,0.5,1.0,0.0,1.0
poisson_2d,32,32,32,0,1000,2,0.003175020217895508,0.0007579326629638672,0.002260923385620117,false,0.4944257829590684,1.020750003528399,0.00041686287793830614,0.0008431252825114432,0.00041476287710914914,0.0008388779295182623,0.0,1.0,1.0,0.05,2.0,2.0,0.0,0.5,1.0,0.0,1.0
heat,16,16,16,10000,10000,6,93.10778307914734,0.00029587745666503906,0.006792306900024414,false,0.00015597558922600928,0.00044164753114077343,0.00009501743699531026,0.6091814588856509,0.002749210983530936,17.625905420017716,0.0,1.0,1.0,0.05,2.0,2.0,0.0,0.5,1.0,0.0,1.0
poisson_2d,128,32,128,0,10000,9,0.007002830505371094,0.025990962982177734,0.03654813766479492,false,0.5019729825780364,1.011851051495884,0.000025452607424737807,0.000050705134156858647,0.000025298111418601268,0.00005039735662400603,0.0,1.0,1.0,0.05,2.0,2.0,0.0,0.5,1.0,0.0,1.0
wave,64,64,16,10000,1,8,9.621138095855713,0.00019288063049316406,0.03394198417663574,false,0.8661589411711466,1.7325293856557409,0.0005132593470446881,0.0005925694727005904,0.0002556346352812184,0.0002951359422966539,0.0,1.0,1.0,0.05,2.0,2.0,0.0,0.5,1.0,0.0,1.0
wave,128,128,16,10000,10000,4,143.357971906662,0.0004677772521972656,0.09104585647583008,false,0.00031476454423395584,0.0006295483010505375,2.0135759047935686e-6,0.006397086144798739,0.00006338688741085187,0.2013787403060174,0.0,1.0,1.0,0.05,2.0,2.0,0.0,0.5,1.0,0.0,1.0
poisson_1d,16,32,16,0,1000,4,0.001767873764038086,0.0000247955322265625,0.0004868507385253906,false,0.6861665506935404,1.0022103947209708,0.0024792431414384234,0.003613179830658514,0.0025081860605056672,0.0036553604339508053,0.0,1.0,1.0,0.05,2.0,2.0,0.0,0.5,1.0,0.0,1.0
wave,64,64,16,0,10000,7,0.00733494758605957,0.0001881122589111328,0.03318500518798828,false,0.8719583690178,1.7441296574842944,0.0005133153008762402,0.0005886924411935559,0.0002556346352812184,0.0002931729820646975,0.0,1.0,1.0,0.05,2.0,2.0,0.0,0.5,1.0,0.0,1.0
poisson_2d,256,32,256,10000,100,2,12.32990312576294,0.1304309368133545,0.1644759178161621,false,0.00013900053708012835,0.00027909127445108114,4.956782202761316e-8,0.00035660165830153303,6.299580846651019e-6,0.04532055040201051,0.0,1.0,1.0,0.05,2.0,2.0,0.0,0.5,1.0,0.0,1.0
poisson_2d,32,32,32,10000,1,7,9.51289439201355,0.0006878376007080078,0.0020880699157714844,false,0.14379907421535887,0.296875508057515,0.00013020423684081562,0.0009054594930549886,0.00041476287710914914,0.002884322304384133,0.0,1.0,1.0,0.05,2.0,2.0,0.0,0.5,1.0,0.0,1.0
drift_diffusion,8,8,16,0,100,2,0.0020017623901367188,0.00015687942504882812,0.0056760311126708984,true,0.7645438201980633,2.055733803639851,0.36067353940194,0.47174998982857985,0.26151842143576154,0.3420581195306926,0.0,1.0,1.0,0.05,2.0,2.0,0.0,0.5,1.0,0.0,1.0
heat,128,128,16,0,100,2,0.0015850067138671875,0.004065752029418945,0.06956076622009277,false,0.43775268317211496,1.2418352542645166,0.00005074771182802626,0.00011592781444602439,0.00003992627534176886,0.00009120738004950319,0.0,1.0,1.0,0.05,2.0,2.0,0.0,0.5,1.0,0.0,1.0
heat,128,128,16,10000,1,7,7.009293079376221,0.00432896614074707,0.07301115989685059,false,0.43569306863572194,1.2359924529755457,0.000050702915550963036,0.00011637301394242551,0.00003992627534176886,0.00009163853688742237,0.0,1.0,1.0,0.05,2.0,2.0,0.0,0.5,1.0,0.0,1.0
wave,32,32,16,0,100,5,0.001981019973754883,0.00009799003601074219,0.016550302505493164,false,0.8591836738669444,1.7192070093269896,0.0021304431281889457,0.0024796131409252917,0.0010402908397117996,0.0012107898128810369,0.0,1.0,1.0,0.05,2.0,2.0,0.0,0.5,1.0,0.0,1.0
heat,16,16,16,0,10000,0,0.006740093231201172,0.0002579689025878906,0.005579710006713867,false,0.4223782890444346,1.1959713022378002,0.0035853054200926182,0.008488375262383432,0.002749210983530936,0.00650888328031869,0.0,1.0,1.0,0.05,2.0,2.0,0.0,0.5,1.0,0.0,1.0
wave,32,32,16,0,100,1,0.0022301673889160156,0.00009799003601074219,0.016499042510986328,false,0.8589007148917549,1.7186408148469337,0.0021317652123859993,0.0024819693073077254,0.0010402908397117996,0.00121118869931655,0.0,1.0,1.0,0.05,2.0,2.0,0.0,0.5,1.0,0.0,1.0
wave,128,128,16,10000,1000,3,28.13703417778015,0.0004029273986816406,0.08797812461853027,false,0.0003356762110860405,0.0006713729111599901,1.7648941786901816e-6,0.005257727894924547,0.00006338688741085187,0.18883342136683515,0.0,1.0,1.0,0.05,2.0,2.0,0.0,0.5,1.0,0.0,1.0
heat,128,128,16,0,100,5,0.0015869140625,0.004522085189819336,0.06936979293823242,false,0.43580358793685386,1.2363059787852055,0.000050716430134969404,0.00011637451259882236,0.00003992627534176886,0.00009161529745724351,0.0,1.0,1.0,0.05,2.0,2.0,0.0,0.5,1.0,0.0,1.0
heat,256,256,16,0,1,0,0.002380847930908203,0.01238393783569336,0.17136192321777344,false,0.43542091667678384,1.2353518381265192,0.000012586761227654844,0.000028907112050839042,9.934186103617024e-6,0.000022815132950976818,0.0,1.0,1.0,0.05,2.0,2.0,0.0,0.5,1.0,0.0,1.0
drift_diffusion,16,16,16,10000,10000,1,114.46297287940979,0.00032901763916015625,0.01053309440612793,true,0.006216060641376717,0.017120607112022165,0.01054001687588819,1.695610368684184,0.06769679643284385,10.890626771274459,0.0,1.0,1.0,0.05,2.0,2.0,0.0,0.5,1.0,0.0,1.0
poisson_2d,8,32,8,10000,100,6,12.506900310516357,0.00003886222839355469,0.0006861686706542969,false,0.000012692140758906544,0.00002901060744892923,0.0000271970125058236,2.142823107797963,0.007418007097193637,584.4567309836759,0.0,1.0,1.0,0.05,2.0,2.0,0.0,0.5,1.0,0.0,1.0
poisson_1d,32,32,16,0,10,7,0.0012159347534179688,0.00004291534423828125,0.00042319297790527344,false,0.6586326087342733,0.9463512689312145,0.0005859543317298757,0.0008896527805629498,0.000595948894502332,0.000904827496542566,0.0,1.0,1.0,0.05,2.0,2.0,0.0,0.5,1.0,0.0,1.0
heat,128,128,16,0,1000,4,0.0026540756225585938,0.0040531158447265625,0.0681619644165039,false,0.43613340119916805,1.2372416069428627,0.000050722855722153943,0.0001163012408191833,0.00003992627534176886,0.00009154601604002305,0.0,1.0,1.0,0.05,2.0,2.0,0.0,0.5,1.0,0.0,1.0
wave,32,32,16,10000,1,6,9.741121053695679,0.00009703636169433594,0.01716303825378418,false,0.8626733094894223,1.726189690917248,0.002130873036012318,0.002470081098571933,0.0010402908397117996,0.0012058919967368655,0.0,1.0,1.0,0.05,2.0,2.0,0.0,0.5,1.0,0.0,1.0
wave,32,32,16,10000,1,8,9.621138095855713,0.00010704994201660156,0.01657700538635254,false,0.8615197815203455,1.7238815076611975,0.0021308428079693646,0.0024733533154735142,0.0010402908397117996,0.0012075066203076292,0.0,1.0,1.0,0.05,2.0,2.0,0.0,0.5,1.0,0.0,1.0
poisson_2d,16,32,16,0,1,6,0.0021669864654541016,0.00019598007202148438,0.0011327266693115234,false,0.47027178978016726,1.0032464848643565,0.0017166244286267824,0.00365028153066386,0.00171723760469867,0.0036515854066037166,0.0,1.0,1.0,0.05,2.0,2.0,0.0,0.5,1.0,0.0,1.0
poisson_2d,16,32,16,0,10000,8,0.007150888442993164,0.00018477439880371094,0.0011141300201416016,false,0.4705303822284892,1.0037981487541099,0.0017178344640401228,0.00365084706306158,0.00171723760469867,0.003649578581016646,0.0,1.0,1.0,0.05,2.0,2.0,0.0,0.5,1.0,0.0,1.0
poisson_1d,32,32,16,10000,10,2,6.502956867218018,0.000030040740966796875,0.0004260540008544922,false,0.0004022590379499122,0.000577982848031951,0.000027551486402858394,0.06849190149528014,0.000595948894502332,1.4815052945470157,0.0,1.0,1.0,0.05,2.0,2.0,0.0,0.5,1.0,0.0,1.0
poisson_1d,32,32,16,0,10,2,0.0011141300201416016,0.000025033950805664062,0.00036525726318359375,false,0.6410717724441097,0.9211191144853138,0.0005704339758012831,0.0008898129668484426,0.000595948894502332,0.00092961337578514,0.0,1.0,1.0,0.05,2.0,2.0,0.0,0.5,1.0,0.0,1.0
wave,8,8,16,10000,10000,8,143.98807382583618,0.000030040740966796875,0.0037779808044433594,false,0.00028165402526624374,0.0005677611478969779,0.001756719493558727,6.23715386953018,0.018958173771005418,67.31014674147752,0.0,1.0,1.0,0.05,2.0,2.0,0.0,0.5,1.0,0.0,1.0
poisson_2d,8,32,8,10000,10000,3,142.39120817184448,0.00004315376281738281,0.0006940364837646484,false,0.000020381772428558023,0.0000465869084081326,0.000023218024104009984,1.1391562821771093,0.007418007097193637,363.9529939390091,0.0,1.0,1.0,0.05,2.0,2.0,0.0,0.5,1.0,0.0,1.0
poisson_2d,8,32,8,10000,10000,1,142.62743616104126,0.00004124641418457031,0.0007050037384033203,false,0.000029314162704731325,0.00006700380046795728,0.000030624874046249884,1.0447125628187408,0.007418007097193637,253.0519862322747,0.0,1.0,1.0,0.05,2.0,2.0,0.0,0.5,1.0,0.0,1.0
wave,32,32,16,10000,0,2,0.0029900074005126953,0.00011897087097167969,0.01733994483947754,false,0.8605134783336124,1.721867917849425,0.002131073962213568,0.002476514332280304,0.0010402908397117996,0.0012089187048253173,0.0,1.0,1.0,0.05,2.0,2.0,0.0,0.5,1.0,0.0,1.0
poisson_1d,8,32,16,0,10000,3,0.003840923309326172,0.0000209808349609375,0.0004870891571044922,false,0.6525044826341049,0.9864940516598314,0.010976494507705166,0.01682209823815155,0.011214972573078455,0.017187579352412365,0.0,1.0,1.0,0.05,2.0,2.0,0.0,0.5,1.0,0.0,1.0
drift_diffusion,8,8,16,0,1000,8,0.002511739730834961,0.00014090538024902344,0.004395008087158203,true,0.7657637457022017,2.0590139846190527,0.3607784608931201,0.47113546824064895,0.26151842143576154,0.34151319242196604,0.0,1.0,1.0,0.05,2.0,2.0,0.0,0.5,1.0,0.0,1.0
drift_diffusion,16,16,16,0,1000,2,0.0027539730072021484,0.0003216266632080078,0.009711980819702148,true,0.8130163787142802,2.2392532503549374,0.08756141362352252,0.10769944605789346,0.06769679643284385,0.0832662148084899,0.0,1.0,1.0,0.05,2.0,2.0,0.0,0.5,1.0,0.0,1.0
drift_diffusion,8,8,16,0,1,0,0.002171754837036133,0.0001480579376220703,0.0046579837799072266,true,0.7639833189000266,2.054226706943864,0.3606642826722959,0.47208397585378653,0.26151842143576154,0.34230907268013705,0.0,1.0,1.0,0.05,2.0,2.0,0.0,0.5,1.0,0.0,1.0
drift_diffusion,128,128,16,10000,1,2,10.610212087631226,0.004196882247924805,0.09709382057189941,false,0.6341167388554568,1.792126128294932,0.0012112191900915564,0.001910088656984099,0.0009525133211054325,0.0015021103571948953,0.0,1.0,1.0,0.05,2.0,2.0,0.0,0.5,1.0,0.0,1.0
poisson_1d,64,32,16,0,0,1,0.0013320446014404297,0.000030040740966796875,0.00036406517028808594,false,0.7320563322226301,1.0434681839982636,0.000149736470407716,0.00020454227880673358,0.00014539741646764722,0.00019861506562780405,0.0,1.0,1.0,0.05,2.0,2.0,0.0,0.5,1.0,0.0,1.0
wave,64,64,16,10000,10000,7,144.45493721961975,0.00018405914306640625,0.03277111053466797,false,0.000902422396755232,0.0018050651518280553,0.000011937087815247,0.013227827520867068,0.0002556346352812184,0.28327603149074654,0.0,1.0,1.0,0.05,2.0,2.0,0.0,0.5,1.0,0.0,1.0
poisson_2d,64,32,64,0,100,0,0.0018811225891113281,0.004413127899169922,0.008468866348266602,false,0.4881948887679619,0.9918880279730017,0.00010152035914872651,0.00020795047528033198,0.00010200512199543541,0.00020894344521480278,0.0,1.0,1.0,0.05,2.0,2.0,0.0,0.5,1.0,0.0,1.0
wave,8,8,16,10000,1000,8,28.285916090011597,0.000028371810913085938,0.003452301025390625,false,0.0031650076312098358,0.006380055687468842,0.0007102383989693827,0.2244033764613291,0.018958173771005418,5.989929876964621,0.0,1.0,1.0,0.05,2.0,2.0,0.0,0.5,1.0,0.0,1.0
drift_diffusion,8,8,16,10000,10,3,11.310987949371338,0.0001399517059326172,0.0044040679931640625,true,0.652819149517218,1.75532436188981,0.6419091866569162,0.9832879245831404,0.26151842143576154,0.4005985756226105,0.0,1.0,1.0,0.05,2.0,2.0,0.0,0.5,1.0,0.0,1.0
heat,128,128,16,0,1000,5,0.002413034439086914,0.0044400691986083984,0.08812975883483887,false,0.43580358793685386,1.2363059787852055,0.000050716430134969404,0.00011637451259882236,0.00003992627534176886,0.00009161529745724351,0.0,1.0,1.0,0.05,2.0,2.0,0.0,0.5,1.0,0.0,1.0
heat,64,64,16,10000,10000,3,94.08532404899597,0.0017001628875732422,0.026000022888183594,false,0.0000878800108399469,0.00024924587136975206,4.053644252906075e-6,0.04612703405651868,0.00016125998597565447,1.8350018898969949,0.0,1.0,1.0,0.05,2.0,2.0,0.0,0.5,1.0,0.0,1.0
wave,16,16,16,0,1000,2,0.0027027130126953125,0.000050067901611328125,0.007414102554321289,false,0.8509684658700515,1.7052707976809285,0.009203228280248403,0.010815005078759047,0.004322163832073661,0.005079111630364084,0.0,1.0,1.0,0.05,2.0,2.0,0.0,0.5,1.0,0.0,1.0
poisson_1d,64,32,16,0,0,0,0.001726388931274414,0.000029802322387695312,0.00039696693420410156,false,0.7042261065520165,1.0037991670626303,0.00014711738143711805,0.00020890645783841222,0.00014539741646764722,0.00020646411019826014,0.0,1.0,1.0,0.05,2.0,2.0,0.0,0.5,1.0,0.0,1.0
heat,16,16,16,10000,0,1,0.0028641223907470703,0.00033211708068847656,0.006702899932861328,false,0.42662719686357026,1.208002156922676,0.0035871305534621607,0.00840811504712691,0.002749210983530936,0.0064440593655122665,0.0,1.0,1.0,0.05,2.0,2.0,0.0,0.5,1.0,0.0,1.0
heat,128,128,16,0,10,9,0.0016367435455322266,0.004003047943115234,0.06933188438415527,false,0.4358313579460238,1.236384757917177,0.00005075742474379847,0.00011646115824021224,0.00003992627534176886,0.00009160945997537327,0.0,1.0,1.0,0.05,2.0,2.0,0.0,0.5,1.0,0.0,1.0
drift_diffusion,128,128,16,10000,10,5,11.479543924331665,0.004265785217285156,0.09957766532897949,false,0.7762672065816515,2.1938685074998565,0.0014115967928318488,0.001818441872674123,0.0009525133211054325,0.0012270431019492545,0.0,1.0,1.0,0.05,2.0,2.0,0.0,0.5,1.0,0.0,1.0
drift_diffusion,8,8,16,0,1,2,0.0022430419921875,0.00015091896057128906,0.0048139095306396484,true,0.7645438201980633,2.055733803639851,0.36067353940194,0.47174998982857985,0.26151842143576154,0.3420581195306926,0.0,1.0,1.0,0.05,2.0,2.0,0.0,0.5,1.0,0.0,1.0
heat,8,8,16,0,1,6,0.003011941909790039,0.0001380443572998047,0.0034818649291992188,false,0.4130267179980919,1.1660019272482383,0.016215654180568154,0.039260545320564624,0.012171854008336707,0.029469894992102997,0.0,1.0,1.0,0.05,2.0,2.0,0.0,0.5,1.0,0.0,1.0
poisson_2d,64,32,64,10000,1,2,9.319634914398193,0.0046160221099853516,0.008942842483520508,false,0.15466557434349976,0.3142411669201264,0.00009421032520407989,0.0006091227838125522,0.00010200512199543541,0.0006595205327908989,0.0,1.0,1.0,0.05,2.0,2.0,0.0,0.5,1.0,0.0,1.0
heat,256,256,16,0,10000,1,0.006993770599365234,0.012482643127441406,0.1672992706298828,false,0.439357638052887,1.2465208835303967,0.000012592781161399806,0.000028661800935583066,9.934186103617024e-6,0.000022610705364410234,0.0,1.0,1.0,0.05,2.0,2.0,0.0,0.5,1.0,0.0,1.0
heat,32,32,16,0,1,1,0.0024793148040771484,0.00072479248046875,0.014549970626831055,false,0.4334418429208511,1.2287249664473825,0.0008464145007025325,0.0019527752443067484,0.0006581365706071615,0.0015183964846867373,0.0,1.0,1.0,0.05,2.0,2.0,0.0,0.5,1.0,0.0,1.0
heat,16,16,16,0,100,1,0.0015609264373779297,0.0003037452697753906,0.005614042282104492,false,0.42662719686357026,1.208002156922676,0.0035871305534621607,0.00840811504712691,0.002749210983530936,0.0064440593655122665,0.0,1.0,1.0,0.05,2.0,2.0,0.0,0.5,1.0,0.0,1.0
drift_diffusion,64,64,16,10000,10,6,11.220563888549805,0.0018231868743896484,0.041999101638793945,false,0.7342809848991148,2.067129461257181,0.005731072420541346,0.007805012710943013,0.003851464283566381,0.005245218605375633,0.0,1.0,1.0,0.05,2.0,2.0,0.0,0.5,1.0,0.0,1.0
drift_diffusion,64,64,16,0,10,8,0.001984119415283203,0.0015649795532226562,0.0375361442565918,false,0.8499726839357225,2.392821838452987,0.005053444265193955,0.0059454196125391144,0.003851464283566381,0.004531280070945951,0.0,1.0,1.0,0.05,2.0,2.0,0.0,0.5,1.0,0.0,1.0
heat,64,64,16,0,1,7,0.002393007278442383,0.0015637874603271484,0.025237083435058594,false,0.4493014733197525,1.2743118276265655,0.0002056016177126806,0.000457602812191005,0.00016125998597565447,0.0003589126578734613,0.0,1.0,1.0,0.05,2.0,2.0,0.0,0.5,1.0,0.0,1.0
poisson_1d,32,32,16,0,10000,0,0.004194974899291992,0.000026702880859375,0.0003941059112548828,false,0.6986146560344731,1.003799170379224,0.0006030014944655201,0.0008631389124990886,0.000595948894502332,0.0008530437908146674,0.0,1.0,1.0,0.05,2.0,2.0,0.0,0.5,1.0,0.0,1.0
poisson_2d,8,32,8,0,10,4,0.0020720958709716797,0.000049114227294921875,0.0008509159088134766,false,0.44229911531843497,1.0109694064421366,0.00743906959288553,0.01681909218274095,0.007418007097193637,0.016771471703833304,0.0,1.0,1.0,0.05,2.0,2.0,0.0,0.5,1.0,0.0,1.0
poisson_1d,256,32,16,10000,10000,4,82.76934385299683,0.00004982948303222656,0.0006678104400634766,false,4.6982330946238425e-6,6.65732026293757e-6,1.3764637895735515e-8,0.0029297477622371114,8.926404123405047e-6,1.8999491816252112,0.0,1.0,1.0,0.05,2.0,2.0,0.0,0.5,1.0,0.0,1.0
poisson_1d,32,32,16,10000,10,4,6.544991970062256,0.000026226043701171875,0.00039386749267578125,false,0.00029888047098160345,0.00042944413808444494,0.00002271831382135009,0.07601136918290266,0.000595948894502332,1.993937216924468,0.0,1.0,1.0,0.05,2.0,2.0,0.0,0.5,1.0,0.0,1.0
poisson_1d,8,32,16,0,100,0,0.0015621185302734375,0.000023126602172851562,0.0004360675811767578,false,0.6639516617155716,1.0038005596957067,0.011349082303586909,0.017093235785060373,0.011214972573078455,0.016891248594965942,0.0,1.0,1.0,0.05,2.0,2.0,0.0,0.5,1.0,0.0,1.0
wave,64,64,16,0,1,6,0.0020961761474609375,0.0002079010009765625,0.03610992431640625,false,0.86728947287386,1.7347907251204333,0.000513320051575335,0.0005918670382039712,0.0002556346352812184,0.0002947512258325292,0.0,1.0,1.0,0.05,2.0,2.0,0.0,0.5,1.0,0.0,1.0
wave,128,128,16,10000,100,4,12.407609224319458,0.00043702125549316406,0.0967559814453125,false,0.025112784050772323,0.05022710093441092,0.00007853888780891678,0.0031274464691023003,0.00006338688741085187,0.0025240884197744776,0.0,1.0,1.0,0.05,2.0,2.0,0.0,0.5,1.0,0.0,1.0
wave,8,8,16,10000,100,8,12.932720184326172,0.000025987625122070312,0.0034189224243164062,false,0.08133459256400245,0.16395512755132477,0.23024132543640943,2.8307921411818904,0.018958173771005418,0.23308869170380545,0.0,1.0,1.0,0.05,2.0,2.0,0.0,0.5,1.0,0.0,1.0
heat,8,8,16,10000,10000,9,94.48318481445312,0.0001499652862548828,0.0030820369720458984,false,0.00006371466263240558,0.00017987073519950693,0.0005568117950707037,8.739146878675186,0.012171854008336707,191.0369372673558,0.0,1.0,1.0,0.05,2.0,2.0,0.0,0.5,1.0,0.0,1.0
heat,64,64,16,0,10000,8,0.007058858871459961,0.0016169548034667969,0.02765679359436035,false,0.4358957931425805,1.2362905483262148,0.00020579979619533728,0.00047213072351909714,0.00016125998597565447,0.00036995077381466417,0.0,1.0,1.0,0.05,2.0,2.0,0.0,0.5,1.0,0.0,1.0
wave,8,8,16,0,1,7,0.002151966094970703,0.000028848648071289062,0.0036132335662841797,false,0.8377079777071502,1.6886605564251118,0.04337158934338701,0.05177411520193143,0.018958173771005418,0.022631005404645795,0.0,1.0,1.0,0.05,2.0,2.0,0.0,0.5,1.0,0.0,1.0
wave,8,8,16,10000,10000,9,143.70934915542603,0.000028848648071289062,0.0035352706909179688,false,0.002921189474155593,0.005888564480849708,0.00109313534001347,0.37420898222612453,0.018958173771005418,6.4898815837630215,0.0,1.0,1.0,0.05,2.0,2.0,0.0,0.5,1.0,0.0,1.0
wave,64,64,16,0,100,6,0.0020918846130371094,0.00022602081298828125,0.03606581687927246,false,0.86728947287386,1.7347907251204333,0.000513320051575335,0.0005918670382039712,0.0002556346352812184,0.0002947512258325292,0.0,1.0,1.0,0.05,2.0,2.0,0.0,0.5,1.0,0.0,1.0
drift_diffusion,16,16,16,0,10,2,0.001964092254638672,0.00034117698669433594,0.011265039443969727,true,0.8130163787142802,2.2392532503549374,0.08756141362352252,0.10769944605789346,0.06769679643284385,0.0832662148084899,0.0,1.0,1.0,0.05,2.0,2.0,0.0,0.5,1.0,0.0,1.0
poisson_1d,16,32,16,0,10000,9,0.004002809524536133,0.000022172927856445312,0.00046515464782714844,false,0.6960611293953901,1.0166623519263396,0.00253951198860749,0.003648403683758854,0.0025081860605056672,0.003603399119103688,0.0,1.0,1.0,0.05,2.0,2.0,0.0,0.5,1.0,0.0,1.0
drift_diffusion,32,32,16,0,1,7,0.002092123031616211,0.0006721019744873047,0.02028799057006836,false,0.8438141813007277,2.3575446963399944,0.020703173729422014,0.02453522847590492,0.015825675346876712,0.018754929340582607,0.0,1.0,1.0,0.05,2.0,2.0,0.0,0.5,1.0,0.0,1.0
poisson_2d,32,32,32,0,1,4,0.002093791961669922,0.000797271728515625,0.0025281906127929688,false,0.4896896734960457,1.0109722291531262,0.00041594752052517267,0.0008494104389737175,0.00041476287710914914,0.0008469912672407994,0.0,1.0,1.0,0.05,2.0,2.0,0.0,0.5,1.0,0.0,1.0
poisson_1d,256,32,16,10000,100,9,7.738913059234619,0.000047206878662109375,0.0006420612335205078,false,0.00008937822639544941,0.00012664750038237222,1.9213377955233074e-8,0.00021496709802903188,8.926404123405047e-6,0.09987224499063832,0.0,1.0,1.0,0.05,2.0,2.0,0.0,0.5,1.0,0.0,1.0
poisson_2d,32,32,32,0,100,9,0.0020127296447753906,0.0008909702301025391,0.0022492408752441406,false,0.49011535058764294,1.0118510463744883,0.00041729637750031014,0.0008514248268289827,0.00041476287710914914,0.0008462556347436434,0.0,1.0,1.0,0.05,2.0,2.0,0.0,0.5,1.0,0.0,1.0
heat,256,256,16,0,10000,9,0.0074422359466552734,0.012530088424682617,0.1653439998626709,false,0.4366913999033042,1.238956381980704,0.000012601949482252828,0.000028857791761054264,9.934186103617024e-6,0.000022748755999812983,0.0,1.0,1.0,0.05,2.0,2.0,0.0,0.5,1.0,0.0,1.0
drift_diffusion,128,128,16,10000,1000,8,23.956300735473633,0.004300832748413086,0.10271096229553223,false,0.007380977189575247,0.02085994780339943,0.00015603185132600435,0.021139728157726686,0.0009525133211054325,0.1290497581337511,0.0,1.0,1.0,0.05,2.0,2.0,0.0,0.5,1.0,0.0,1.0
drift_diffusion,8,8,16,0,100,1,0.002178192138671875,0.0001399517059326172,0.004537820816040039,true,0.7670221951996297,2.0623977503414226,0.36057461727242734,0.470096718881234,0.26151842143576154,0.3409528734272118,0.0,1.0,1.0,0.05,2.0,2.0,0.0,0.5,1.0,0.0,1.0
poisson_2d,128,32,128,0,1000,9,0.0024368762969970703,0.025843381881713867,0.034623146057128906,false,0.5019729825780364,1.011851051495884,0.000025452607424737807,0.000050705134156858647,0.000025298111418601268,0.00005039735662400603,0.0,1.0,1.0,0.05,2.0,2.0,0.0,0.5,1.0,0.0,1.0
poisson_1d,16,32,16,10000,10000,7,82.76921677589417,0.000026702880859375,0.0004050731658935547,false,2.676697543094502e-6,3.909566997257373e-6,1.4320203648763142e-6,0.5349952102422716,0.0025081860605056672,937.0450041629564,0.0,1.0,1.0,0.05,2.0,2.0,0.0,0.5,1.0,0.0,1.0
poisson_2d,64,32,64,10000,100,9,12.67064094543457,0.0045588016510009766,0.009560823440551758,false,0.00001658052138741559,0.00003368740853316182,9.765169513176815e-7,0.05889543087908901,0.00010200512199543541,6.152105812079035,0.0,1.0,1.0,0.05,2.0,2.0,0.0,0.5,1.0,0.0,1.0
poisson_1d,256,32,16,0,10,9,0.0011751651763916016,0.000051975250244140625,0.0005769729614257812,false,0.7174834172540692,1.0166623911174062,9.03778868723536e-6,0.00001259651229546811,8.926404123405047e-6,0.000012441268897290908,0.0,1.0,1.0,0.05,2.0,2.0,0.0,0.5,1.0,0.0,1.0
heat,64,64,16,10000,0,2,0.0026750564575195312,0.0014600753784179688,0.023872852325439453,false,0.43603322351733187,1.2366803292693462,0.00020583400598953448,0.00047206037266871875,0.00016125998597565447,0.000369834171522126,0.0,1.0,1.0,0.05,2.0,2.0,0.0,0.5,1.0,0.0,1.0
wave,16,16,16,0,10,3,0.0021619796752929688,0.00006031990051269531,0.008784770965576172,false,0.8473396756873124,1.6979990006899444,0.009198100172488783,0.010855269069075303,0.004322163832073661,0.00510086327371343,0.0,1.0,1.0,0.05,2.0,2.0,0.0,0.5,1.0,0.0,1.0
drift_diffusion,16,16,16,10000,10,1,11.380289793014526,0.00029206275939941406,0.00892186164855957,true,0.7335959773318378,2.0205093276047323,0.1951667286941591,0.2660411653346302,0.06769679643284385,0.09228076287858596,0.0,1.0,1.0,0.05,2.0,2.0,0.0,0.5,1.0,0.0,1.0
poisson_2d,256,32,256,10000,0,0,0.003144979476928711,0.13749194145202637,0.16444802284240723,false,0.4940067326025895,0.9918880278138263,6.269645110606382e-6,0.000012691416324582935,6.299580846651019e-6,0.000012752014154671051,0.0,1.0,1.0,0.05,2.0,2.0,0.0,0.5,1.0,0.0,1.0
drift_diffusion,16,16,16,0,1,8,0.0022280216217041016,0.000308990478515625,0.01001596450805664,true,0.8147342938784675,2.2439848243009926,0.08758418555352415,0.10750030557396534,0.06769679643284385,0.0830906430985978,0.0,1.0,1.0,0.05,2.0,2.0,0.0,0.5,1.0,0.0,1.0
wave,32,32,16,0,10,8,0.0017621517181396484,0.00010085105895996094,0.015587091445922852,false,0.8612980247318646,1.7234377773661298,0.0021308651246023224,0.0024740160355826817,0.0010402908397117996,0.0012078175147744686,0.0,1.0,1.0,0.05,2.0,2.0,0.0,0.5,1.0,0.0,1.0
heat,64,64,16,0,10,7,0.0016489028930664062,0.0018019676208496094,0.02580714225769043,false,0.4493014733197525,1.2743118276265655,0.0002056016177126806,0.000457602812191005,0.00016125998597565447,0.0003589126578734613,0.0,1.0,1.0,0.05,2.0,2.0,0.0,0.5,1.0,0.0,1.0
poisson_2d,128,32,128,10000,100,9,12.67064094543457,0.023529052734375,0.031000137329101562,false,0.000016714631304404457,0.00003369248514903574,2.448568891588978e-7,0.014649254578107914,0.000025298111418601268,1.513530927348881,0.0,1.0,1.0,0.05,2.0,2.0,0.0,0.5,1.0,0.0,1.0
poisson_1d,8,32,16,10000,1000,5,17.146459102630615,0.00002288818359375,0.0003478527069091797,false,5.081286444280399e-6,7.682183012485482e-6,0.000013425012017971283,2.64204983618244,0.011214972573078455,2207.112843536217,0.0,1.0,1.0,0.05,2.0,2.0,0.0,0.5,1.0,0.0,1.0
poisson_2d,64,32,64,10000,100,7,12.446485996246338,0.004620075225830078,0.009788751602172852,false,0.000020174564046251126,0.00004098959044317688,9.019655053001e-7,0.04470805432166124,0.00010200512199543541,5.056125215944112,0.0,1.0,1.0,0.05,2.0,2.0,0.0,0.5,1.0,0.0,1.0
wave,8,8,16,10000,10,1,10.730316877365112,0.000028133392333984375,0.0034720897674560547,false,0.31736659582396554,0.6397509234204668,0.04652561422454779,0.14659896421598903,0.018958173771005418,0.05973588279442297,0.0,1.0,1.0,0.05,2.0,2.0,0.0,0.5,1.0,0.0,1.0
drift_diffusion,64,64,16,0,10,6,0.0022039413452148438,0.001772165298461914,0.04229998588562012,false,0.8519169591817627,2.3982953134912046,0.005054898288003975,0.0059335575299017795,0.003851464283566381,0.004520938622076007,0.0,1.0,1.0,0.05,2.0,2.0,0.0,0.5,1.0,0.0,1.0
drift_diffusion,32,32,16,0,100,0,0.0019059181213378906,0.0006320476531982422,0.01763606071472168,false,0.8366391426703357,2.3374982517032854,0.020685464243710015,0.024724475808874255,0.015825675346876712,0.018915772093049878,0.0,1.0,1.0,0.05,2.0,2.0,0.0,0.5,1.0,0.0,1.0
wave,256,256,16,0,1000,6,0.0028700828552246094,0.0010051727294921875,0.21948480606079102,false,0.8707115022323686,1.7414362906199319,0.00003121391102945786,0.00003584874088539115,0.000015783443300198566,0.000018127064199487748,0.0,1.0,1.0,0.05,2.0,2.0,0.0,0.5,1.0,0.0,1.0
poisson_1d,16,32,16,10000,10,3,6.66196608543396,0.000028848648071289062,0.00038504600524902344,false,0.00012834208113455249,0.0001874556077721403,0.00005918790179500822,0.4611729938593573,0.0025081860605056672,19.54297482424457,0.0,1.0,1.0,0.05,2.0,2.0,0.0,0.5,1.0,0.0,1.0
drift_diffusion,16,16,16,10000,1000,6,24.568734884262085,0.00030803680419921875,0.009258031845092773,true,0.00655215788657946,0.0180463041440374,0.007610412416384904,1.161512367089461,0.06769679643284385,10.33198491316939,0.0,1.0,1.0,0.05,2.0,2.0,0.0,0.5,1.0,0.0,1.0
poisson_2d,32,32,32,10000,1000,8,27.736825704574585,0.0006799697875976562,0.001973867416381836,false,8.273542544023852e-6,0.00001708086202637182,1.0817952581100524e-6,0.130753574099692,0.00041476287710914914,50.13123156098685,0.0,1.0,1.0,0.05,2.0,2.0,0.0,0.5,1.0,0.0,1.0
poisson_1d,64,32,16,10000,10,0,6.966620922088623,0.000029087066650390625,0.0004718303680419922,false,0.0004909523968211219,0.0006998002522362368,4.444735782487506e-6,0.009053292765787304,0.00014539741646764722,0.29615379700568617,0.0,1.0,1.0,0.05,2.0,2.0,0.0,0.5,1.0,0.0,1.0
poisson_1d,8,32,16,0,10,2,0.0011141300201416016,0.00002193450927734375,0.0003650188446044922,false,0.6092649612217189,0.9211220399646168,0.010734827701249469,0.017619309142156515,0.011214972573078455,0.018407381495548023,0.0,1.0,1.0,0.05,2.0,2.0,0.0,0.5,1.0,0.0,1.0
drift_diffusion,32,32,16,10000,1000,7,24.57579493522644,0.0007500648498535156,0.019220829010009766,false,0.00571124408400573,0.01595672779402157,0.0021122290098134562,0.36983693548113117,0.015825675346876712,2.770968131303659,0.0,1.0,1.0,0.05,2.0,2.0,0.0,0.5,1.0,0.0,1.0
poisson_1d,64,32,16,10000,0,1,0.0019588470458984375,0.000027179718017578125,0.0003609657287597656,false,0.7320563322226301,1.0434681839982636,0.000149736470407716,0.00020454227880673358,0.00014539741646764722,0.00019861506562780405,0.0,1.0,1.0,0.05,2.0,2.0,0.0,0.5,1.0,0.0,1.0
wave,64,64,16,10000,1,6,9.741121053695679,0.00021457672119140625,0.03514719009399414,false,0.8673220230163518,1.7348558333536843,0.0005132757473522864,0.000591793744112744,0.0002556346352812184,0.0002947401639729824,0.0,1.0,1.0,0.05,2.0,2.0,0.0,0.5,1.0,0.0,1.0
poisson_1d,32,32,16,10000,100,9,7.738913059234619,0.000023126602172851562,0.00033402442932128906,false,0.00008814153694713551,0.00012664549891595528,1.191859398560566e-6,0.013522108189173659,0.000595948894502332,6.761271871842751,0.0,1.0,1.0,0.05,2.0,2.0,0.0,0.5,1.0,0.0,1.0
poisson_1d,8,32,16,0,100,7,0.0012197494506835938,0.00002002716064453125,0.0003159046173095703,false,0.6259556456209414,0.9463559828970787,0.011029421910141168,0.017620133291073835,0.011214972573078455,0.01791656110386754,0.0,1.0,1.0,0.05,2.0,2.0,0.0,0.5,1.0,0.0,1.0
wave,32,32,16,0,1000,4,0.002785205841064453,0.00009608268737792969,0.015062093734741211,false,0.8598792812907126,1.7205989039765932,0.0021304022180709363,0.0024775596579942227,0.0010402908397117996,0.0012098103330856886,0.0,1.0,1.0,0.05,2.0,2.0,0.0,0.5,1.0,0.0,1.0
wave,16,16,16,10000,100,7,12.700606107711792,0.00004887580871582031,0.007009744644165039,false,0.0932598276376136,0.18688502223708095,0.03834432838070835,0.41115590015569853,0.004322163832073661,0.04634539802999206,0.0,1.0,1.0,0.05,2.0,2.0,0.0,0.5,1.0,0.0,1.0
poisson_1d,64,32,16,0,100,2,0.0012001991271972656,0.000030994415283203125,0.00042700767517089844,false,0.6462210212351163,0.9211191076544657,0.00013917236390703476,0.00021536341179529547,0.00014539741646764722,0.00022499642024914395,0.0,1.0,1.0,0.05,2.0,2.0,0.0,0.5,1.0,0.0,1.0
wave,16,16,16,10000,10000,5,143.17898321151733,0.000051975250244140625,0.008004188537597656,false,0.00027420578864801904,0.0005494858419441601,0.00024757677168496387,0.9028867439508088,0.004322163832073661,15.76248208829821,0.0,1.0,1.0,0.05,2.0,2.0,0.0,0.5,1.0,0.0,1.0
poisson_2d,8,32,8,0,10000,4,0.01032400131225586,0.000051021575927734375,0.0009622573852539062,false,0.44229911531843497,1.0109694064421366,0.00743906959288553,0.01681909218274095,0.007418007097193637,0.016771471703833304,0.0,1.0,1.0,0.05,2.0,2.0,0.0,0.5,1.0,0.0,1.0
wave,32,32,16,0,1,2,0.002025127410888672,0.00010609626770019531,0.017213106155395508,false,0.8605134783336124,1.721867917849425,0.002131073962213568,0.002476514332280304,0.0010402908397117996,0.0012089187048253173,0.0,1.0,1.0,0.05,2.0,2.0,0.0,0.5,1.0,0.0,1.0
poisson_2d,8,32,8,0,10,8,0.001953601837158203,0.000050067901611328125,0.0008420944213867188,false,0.4391611649818236,1.003796948529882,0.007420564229542657,0.016897132126538976,0.007418007097193637,0.016891309361338126,0.0,1.0,1.0,0.05,2.0,2.0,0.0,0.5,1.0,0.0,1.0
poisson_1d,32,32,16,0,1,3,0.0012662410736083984,0.000028848648071289062,0.00037932395935058594,false,0.6865717621514653,0.9864954296341518,0.0005833555639625343,0.000849664370312159,0.000595948894502332,0.0008680067071719431,0.0,1.0,1.0,0.05,2.0,2.0,0.0,0.5,1.0,0.0,1.0
drift_diffusion,8,8,16,10000,100,3,13.041270971298218,0.0001373291015625,0.004366159439086914,true,0.07675944060104536,0.206393633201005,0.43209949071890663,5.629268365369268,0.26151842143576154,3.406987067493033,0.0,1.0,1.0,0.05,2.0,2.0,0.0,0.5,1.0,0.0,1.0
poisson_2d,32,32,32,0,10,2,0.0018000602722167969,0.0007548332214355469,0.002286195755004883,false,0.4944257829590684,1.020750003528399,0.00041686287793830614,0.0008431252825114432,0.00041476287710914914,0.0008388779295182623,0.0,1.0,1.0,0.05,2.0,2.0,0.0,0.5,1.0,0.0,1.0
drift_diffusion,8,8,16,10000,10000,8,114.13912391662598,0.000141143798828125,0.004659891128540039,true,0.013471415836703074,0.03622244296111817,0.031095659073504176,2.3082695575904766,0.26151842143576154,19.412838606262063,0.0,1.0,1.0,0.05,2.0,2.0,0.0,0.5,1.0,0.0,1.0
heat,64,64,16,0,100,6,0.0018148422241210938,0.0016829967498779297,0.026777982711791992,false,0.4379146534220049,1.242016453281272,0.0002057584628710025,0.0004698597346837794,0.00016125998597565447,0.0003682452384626032,0.0,1.0,1.0,0.05,2.0,2.0,0.0,0.5,1.0,0.0,1.0
wave,128,128,16,10000,1,6,9.741121053695679,0.0004019737243652344,0.08510780334472656,false,0.869610445178433,1.7392739695960509,0.00012598733942943756,0.00014487790496075118,0.00006338688741085187,0.00007289112931232752,0.0,1.0,1.0,0.05,2.0,2.0,0.0,0.5,1.0,0.0,1.0
poisson_1d,8,32,16,0,100,8,0.0012359619140625,0.000022172927856445312,0.00031113624572753906,false,0.6558805349003162,0.9915981629224321,0.011172407645162245,0.017034211339814007,0.011214972573078455,0.017099108719216615,0.0,1.0,1.0,0.05,2.0,2.0,0.0,0.5,1.0,0.0,1.0
heat,64,64,16,10000,1,8,6.9454638957977295,0.0015332698822021484,0.024391889572143555,false,0.4356643260541692,1.2356340598302182,0.00020577804931715593,0.0004723316484985049,0.00016125998597565447,0.00037014732749911645,0.0,1.0,1.0,0.05,2.0,2.0,0.0,0.5,1.0,0.0,1.0
drift_diffusion,256,256,16,0,1000,7,0.002521038055419922,0.013424873352050781,0.23224306106567383,false,0.864175224770329,2.4471486276126204,0.0003114665225119129,0.0003604205647005108,0.00023700549940490983,0.0002742562996617943,0.0,1.0,1.0,0.05,2.0,2.0,0.0,0.5,1.0,0.0,1.0
drift_diffusion,64,64,16,0,1,1,0.0021109580993652344,0.0015339851379394531,0.04288887977600098,false,0.8515617030136636,2.397295205213211,0.00505052668417155,0.005930899271653262,0.003851464283566381,0.004522824676046502,0.0,1.0,1.0,0.05,2.0,2.0,0.0,0.5,1.0,0.0,1.0
heat,16,16,16,10000,100,8,9.306427955627441,0.00026917457580566406,0.0055501461029052734,false,0.00041138597237124527,0.0011648463708025544,0.0003402961196987733,0.8271942714458883,0.002749210983530936,6.682801962555274,0.0,1.0,1.0,0.05,2.0,2.0,0.0,0.5,1.0,0.0,1.0
drift_diffusion,8,8,16,0,10000,1,0.0058498382568359375,0.00014281272888183594,0.0046079158782958984,true,0.7670221951996297,2.0623977503414226,0.36057461727242734,0.470096718881234,0.26151842143576154,0.3409528734272118,0.0,1.0,1.0,0.05,2.0,2.0,0.0,0.5,1.0,0.0,1.0
heat,128,128,16,0,100,6,0.0018148422241210938,0.0044748783111572266,0.07181024551391602,false,0.4396598981397311,1.2472457220361453,0.00005072912237985006,0.00011538264598270797,0.00003992627534176886,0.00009081172858999214,0.0,1.0,1.0,0.05,2.0,2.0,0.0,0.5,1.0,0.0,1.0
poisson_2d,64,32,64,10000,100,3,12.48266887664795,0.004359006881713867,0.00919795036315918,false,0.000013363300895406431,0.0000271508335652702,5.294670936470862e-7,0.03962098120720501,0.00010200512199543541,7.633227957153598,0.0,1.0,1.0,0.05,2.0,2.0,0.0,0.5,1.0,0.0,1.0
poisson_2d,128,32,128,0,100,9,0.0020127296447753906,0.025071144104003906,0.03203916549682617,false,0.5019729825780364,1.011851051495884,0.000025452607424737807,0.000050705134156858647,0.000025298111418601268,0.00005039735662400603,0.0,1.0,1.0,0.05,2.0,2.0,0.0,0.5,1.0,0.0,1.0
wave,128,128,16,10000,10000,0,162.21640992164612,0.0004258155822753906,0.08797883987426758,false,0.0002767958866459107,0.0005536086683454102,2.6511443843363093e-6,0.00957797609083263,0.00006338688741085187,0.22900227376541984,0.0,1.0,1.0,0.05,2.0,2.0,0.0,0.5,1.0,0.0,1.0
drift_diffusion,64,64,16,10000,10,3,11.310987949371338,0.0015728473663330078,0.03774118423461914,false,0.7083068088951351,1.9940076106932818,0.005677788494659804,0.008016001573550311,0.003851464283566381,0.005437564958007611,0.0,1.0,1.0,0.05,2.0,2.0,0.0,0.5,1.0,0.0,1.0
wave,32,32,16,10000,1,5,9.546691656112671,0.00011920928955078125,0.017683982849121094,false,0.8567674858133236,1.714372271931502,0.002130197482157098,0.0024863192376341353,0.0010402908397117996,0.0012142043867645821,0.0,1.0,1.0,0.05,2.0,2.0,0.0,0.5,1.0,0.0,1.0
wave,16,16,16,0,1,6,0.0020961761474609375,0.00006604194641113281,0.008348941802978516,false,0.8530569635110962,1.7094559751359564,0.009202939736793134,0.010788188984373052,0.004322163832073661,0.005066676689777048,0.0,1.0,1.0,0.05,2.0,2.0,0.0,0.5,1.0,0.0,1.0
heat,32,32,16,0,1000,2,0.002081155776977539,0.0005807876586914062,0.011764049530029297,false,0.4325832218824425,1.2262909395442572,0.0008468495516664562,0.001957656952068736,0.0006581365706071615,0.0015214103028388245,0.0,1.0,1.0,0.05,2.0,2.0,0.0,0.5,1.0,0.0,1.0
wave,256,256,16,10000,10,6,10.830904006958008,0.0010497570037841797,0.21491622924804688,false,0.28833772670066604,0.5766798531362335,0.000020274048398088427,0.0000703135473462883,0.000015783443300198566,0.000054739431710176206,0.0,1.0,1.0,0.05,2.0,2.0,0.0,0.5,1.0,0.0,1.0
heat,64,64,16,10000,10,8,7.756907224655151,0.0014851093292236328,0.025269031524658203,false,0.08626085437897053,0.24465360904362393,0.00014277565743810722,0.0016551616427406292,0.00016125998597565447,0.0018694457310518796,0.0,1.0,1.0,0.05,2.0,2.0,0.0,0.5,1.0,0.0,1.0
poisson_1d,256,32,16,10000,1000,8,17.064255952835083,0.00006818771362304688,0.0008938312530517578,false,0.00013117411717240168,0.00018587160122473528,8.077573979532009e-9,0.00006157902300885719,8.926404123405047e-6,0.06805004154643024,0.0,1.0,1.0,0.05,2.0,2.0,0.0,0.5,1.0,0.0,1.0
poisson_1d,16,32,16,0,1000,1,0.0017862319946289062,0.00002193450927734375,0.0003421306610107422,false,0.7144137272199101,1.0434680367724993,0.0025830743897129332,0.003615656154543365,0.0025081860605056672,0.0035108312801688363,0.0,1.0,1.0,0.05,2.0,2.0,0.0,0.5,1.0,0.0,1.0
wave,128,128,16,0,10000,2,0.007330894470214844,0.00037097930908203125,0.09238672256469727,false,0.867417999088299,1.7348889435933672,0.00012599661323926605,0.00014525478301314357,0.00006338688741085187,0.00007307536559937048,0.0,1.0,1.0,0.05,2.0,2.0,0.0,0.5,1.0,0.0,1.0
heat,128,128,16,10000,1,5,6.8996498584747314,0.004248142242431641,0.07289910316467285,false,0.4313733880678551,1.2237382011512816,0.000050707358395445456,0.00011754864764042693,0.00003992627534176886,0.00009255618553708381,0.0,1.0,1.0,0.05,2.0,2.0,0.0,0.5,1.0,0.0,1.0
wave,256,256,16,10000,1000,8,28.285916090011597,0.0008671283721923828,0.1861269474029541,false,0.0030658960322130636,0.0061318388468223515,6.723009670730493e-7,0.0002192836808584597,0.000015783443300198566,0.005148068667157329,0.0,1.0,1.0,0.05,2.0,2.0,0.0,0.5,1.0,0.0,1.0
poisson_2d,256,32,256,10000,10,6,10.595207214355469,0.13842105865478516,0.15939617156982422,false,0.10015970558098737,0.20110497748025694,4.591677048638275e-6,0.000045843555769296085,6.299580846651019e-6,0.00006289536106470763,0.0,1.0,1.0,0.05,2.0,2.0,0.0,0.5,1.0,0.0,1.0
wave,128,128,16,10000,1000,9,27.98876404762268,0.0004038810729980469,0.08822107315063477,false,0.00018620944810886263,0.00037243026206077535,2.3617652520120843e-6,0.012683380333258224,0.00006338688741085187,0.34040639749794166,0.0,1.0,1.0,0.05,2.0,2.0,0.0,0.5,1.0,0.0,1.0
drift_diffusion,32,32,16,10000,100,6,12.726716995239258,0.0006909370422363281,0.019459009170532227,false,0.12672322566006214,0.3540538606467222,0.02647579396593199,0.20892613668905394,0.015825675346876712,0.12488377931074311,0.0,1.0,1.0,0.05,2.0,2.0,0.0,0.5,1.0,0.0,1.0
poisson_2d,64,32,64,0,10000,8,0.007150888442993164,0.004158973693847656,0.00847482681274414,false,0.4940569302993428,1.003798207592315,0.00010204065364136004,0.00020653622565224394,0.00010200512199543541,0.00020646430753158706,0.0,1.0,1.0,0.05,2.0,2.0,0.0,0.5,1.0,0.0,1.0
heat,128,128,16,10000,10,8,7.756907224655151,0.004100799560546875,0.06521487236022949,false,0.08612016986805672,0.2443093261483272,0.000035140472745583943,0.00040803998412244235,0.00003992627534176886,0.00046361120052293436,0.0,1.0,1.0,0.05,2.0,2.0,0.0,0.5,1.0,0.0,1.0
wave,256,256,16,10000,1,0,10.029694318771362,0.0009670257568359375,0.20542311668395996,false,0.8665755917885787,1.7331644066226448,0.00003120223004583909,0.00003600635690815949,0.000015783443300198566,0.000018213579345827344,0.0,1.0,1.0,0.05,2.0,2.0,0.0,0.5,1.0,0.0,1.0
heat,8,8,16,10000,1,4,6.8093249797821045,0.0001220703125,0.0030448436737060547,false,0.40736831914302346,1.1500278905028005,0.016212029713013044,0.03979698211956718,0.012171854008336707,0.0298792356605995,0.0,1.0,1.0,0.05,2.0,2.0,0.0,0.5,1.0,0.0,1.0
drift_diffusion,16,16,16,10000,10,4,11.507652997970581,0.0002942085266113281,0.009392261505126953,true,0.7099480287150817,1.9553768810874312,0.15139489327752909,0.21324785358096585,0.06769679643284385,0.09535458046889247,0.0,1.0,1.0,0.05,2.0,2.0,0.0,0.5,1.0,0.0,1.0
wave,128,128,16,0,1000,2,0.0027027130126953125,0.0004630088806152344,0.0937509536743164,false,0.867417999088299,1.7348889435933672,0.00012599661323926605,0.00014525478301314357,0.00006338688741085187,0.00007307536559937048,0.0,1.0,1.0,0.05,2.0,2.0,0.0,0.5,1.0,0.0,1.0
wave,64,64,16,0,1,4,0.0022211074829101562,0.0001819133758544922,0.03221321105957031,false,0.8645257276158756,1.7292625597383957,0.0005131579818024093,0.0005935716722017723,0.0002556346352812184,0.0002956934965789722,0.0,1.0,1.0,0.05,2.0,2.0,0.0,0.5,1.0,0.0,1.0
wave,64,64,16,0,1,0,0.002257108688354492,0.00019884109497070312,0.03458690643310547,false,0.8632045774276179,1.7266199367563755,0.0005131829017622218,0.0005945090134849911,0.0002556346352812184,0.0002961460608133233,0.0,1.0,1.0,0.05,2.0,2.0,0.0,0.5,1.0,0.0,1.0
poisson_2d,256,32,256,0,10000,6,0.006663084030151367,0.1359422206878662,0.16880369186401367,false,0.4996638107504343,1.0032465533498913,6.297406753454148e-6,0.000012603287686567109,6.299580846651019e-6,0.000012607638798554999,0.0,1.0,1.0,0.05,2.0,2.0,0.0,0.5,1.0,0.0,1.0
poisson_2d,32,32,32,10000,10,7,10.735282182693481,0.0007581710815429688,0.002053976058959961,false,0.09486765768051575,0.19585580940493566,0.0003042500184671435,0.0032070995100539003,0.00041476287710914914,0.00437201557675155,0.0,1.0,1.0,0.05,2.0,2.0,0.0,0.5,1.0,0.0,1.0
poisson_2d,128,32,128,10000,100,5,12.581224918365479,0.025057077407836914,0.03316307067871094,false,0.000011013831116931597,0.000022201108393184944,1.235521099225058e-7,0.011217904887922873,0.000025298111418601268,2.296940197265301,0.0,1.0,1.0,0.05,2.0,2.0,0.0,0.5,1.0,0.0,1.0
poisson_2d,16,32,16,10000,1000,3,27.558892965316772,0.00014209747314453125,0.0010700225830078125,false,0.00004544630853228633,0.00009695212486887747,3.1693863118949467e-6,0.06973913645013328,0.00171723760469867,37.786074604385476,0.0,1.0,1.0,0.05,2.0,2.0,0.0,0.5,1.0,0.0,1.0
heat,128,128,16,0,10000,7,0.0071790218353271484,0.0039920806884765625,0.07244706153869629,false,0.4510327396457412,1.2795086779613591,0.00005069075181512684,0.00011238818684191603,0.00003992627534176886,0.00008852190059002926,0.0,1.0,1.0,0.05,2.0,2.0,0.0,0.5,1.0,0.0,1.0
drift_diffusion,128,128,16,0,1000,2,0.0027539730072021484,0.004349946975708008,0.10754275321960449,false,0.8538539750027128,2.413142446157146,0.001250530151798733,0.001464571447119819,0.0009525133211054325,0.0011155459235314869,0.0,1.0,1.0,0.05,2.0,2.0,0.0,0.5,1.0,0.0,1.0
drift_diffusion,32,32,16,10000,10000,9,113.34191489219666,0.0006098747253417969,0.020534992218017578,false,0.009400860693928719,0.02626520122693233,0.002899866972516519,0.3084682421035433,0.015825675346876712,1.6834283436512478,0.0,1.0,1.0,0.05,2.0,2.0,0.0,0.5,1.0,0.0,1.0
wave,128,128,16,0,10,0,0.002482891082763672,0.00041222572326660156,0.10495996475219727,false,0.8654947985542127,1.731042425136976,0.00012596419978635966,0.0001455401002949754,0.00006338688741085187,0.0000732377450641391,0.0,1.0,1.0,0.05,2.0,2.0,0.0,0.5,1.0,0.0,1.0
poisson_2d,8,32,8,0,1000,5,0.0028820037841796875,0.0000438690185546875,0.0007011890411376953,false,0.44511064311566406,1.0173957556929458,0.007469581771253386,0.016781404549143477,0.007418007097193637,0.016665535214501783,0.0,1.0,1.0,0.05,2.0,2.0,0.0,0.5,1.0,0.0,1.0
poisson_2d,32,32,32,0,1000,9,0.0024368762969970703,0.0007359981536865234,0.002090930938720703,false,0.49011535058764294,1.0118510463744883,0.00041729637750031014,0.0008514248268289827,0.00041476287710914914,0.0008462556347436434,0.0,1.0,1.0,0.05,2.0,2.0,0.0,0.5,1.0,0.0,1.0
drift_diffusion,32,32,16,10000,1000,9,23.997740983963013,0.0006089210510253906,0.01752924919128418,false,0.009592767949130106,0.026801373694420115,0.0024123397303320387,0.25147483428396383,0.015825675346876712,1.6497506695459734,0.0,1.0,1.0,0.05,2.0,2.0,0.0,0.5,1.0,0.0,1.0
heat,64,64,16,10000,10000,8,94.29605984687805,0.0015790462493896484,0.02617025375366211,false,0.00008036394598016888,0.00022792875821350976,5.095494695190722e-6,0.06340523269529072,0.00016125998597565447,2.006621053864719,0.0,1.0,1.0,0.05,2.0,2.0,0.0,0.5,1.0,0.0,1.0
poisson_1d,32,32,16,10000,1,8,5.730218172073364,0.000025987625122070312,0.0003910064697265625,false,0.1269339129435263,0.18238403017329913,0.0002553199401757499,0.002011439923776266,0.000595948894502332,0.004694954096053691,0.0,1.0,1.0,0.05,2.0,2.0,0.0,0.5,1.0,0.0,1.0
wave,16,16,16,10000,10,7,10.843138933181763,0.00004601478576660156,0.007136821746826172,false,0.2952499768189064,0.5916566637642446,0.034301098975419976,0.11617646627779,0.004322163832073661,0.014638998040378132,0.0,1.0,1.0,0.05,2.0,2.0,0.0,0.5,1.0,0.0,1.0
heat,64,64,16,0,10,9,0.0016367435455322266,0.0014910697937011719,0.02556014060974121,false,0.43410849331460605,1.231221396664026,0.00020587274437959942,0.00047424260881806746,0.00016125998597565447,0.00037147392520327054,0.0,1.0,1.0,0.05,2.0,2.0,0.0,0.5,1.0,0.0,1.0
wave,256,256,16,0,1000,2,0.0027027130126953125,0.0009152889251708984,0.20455503463745117,false,0.8685480065398609,1.737109266222214,0.00003121341066423258,0.000035937461636209604,0.000015783443300198566,0.00001817221751861128,0.0,1.0,1.0,0.05,2.0,2.0,0.0,0.5,1.0,0.0,1.0
wave,64,64,16,0,1000,1,0.0027892589569091797,0.0001800060272216797,0.03213906288146973,false,0.8635017226596783,1.7272142997790052,0.0005134902463963732,0.0005946603613189883,0.0002556346352812184,0.00029604415205314956,0.0,1.0,1.0,0.05,2.0,2.0,0.0,0.5,1.0,0.0,1.0
drift_diffusion,8,8,16,10000,100,8,12.444035053253174,0.00013685226440429688,0.0044443607330322266,true,0.08604736133280864,0.23136733923248765,0.3307571666915937,3.8438966816461844,0.26151842143576154,3.0392381286891124,0.0,1.0,1.0,0.05,2.0,2.0,0.0,0.5,1.0,0.0,1.0
wave,8,8,16,0,1000,3,0.002979278564453125,0.000025987625122070312,0.003847837448120117,false,0.8269327413745792,1.6669397216411646,0.04335600371307377,0.05242990335707921,0.018958173771005418,0.02292589568952362,0.0,1.0,1.0,0.05,2.0,2.0,0.0,0.5,1.0,0.0,1.0
wave,256,256,16,0,0,0,0.002106904983520508,0.0009450912475585938,0.22306466102600098,false,0.8666310231559833,1.7332752702032792,0.00003120545030809984,0.00003600776971318187,0.000015783443300198566,0.000018212414370674717,0.0,1.0,1.0,0.05,2.0,2.0,0.0,0.5,1.0,0.0,1.0
poisson_2d,64,32,64,10000,10,8,10.46821403503418,0.004796028137207031,0.008448123931884766,false,0.19908870463297668,0.404497685603508,0.00010020683306288857,0.000503327565708067,0.00010200512199543541,0.000512360167210307,0.0,1.0,1.0,0.05,2.0,2.0,0.0,0.5,1.0,0.0,1.0
wave,64,64,16,10000,1,3,9.63900113105774,0.0001938343048095703,0.03473806381225586,false,0.8628020183359261,1.7258147202739642,0.0005130882600300757,0.0005946767034917948,0.0002556346352812184,0.00029628423421430703,0.0,1.0,1.0,0.05,2.0,2.0,0.0,0.5,1.0,0.0,1.0
poisson_1d,8,32,16,10000,10,9,6.510509729385376,0.00002002716064453125,0.00031113624572753906,false,0.0003617590051961471,0.0005469282070212159,0.00042721295905804257,1.1809324796940106,0.011214972573078455,31.001225711007674,0.0,1.0,1.0,0.05,2.0,2.0,0.0,0.5,1.0,0.0,1.0
heat,128,128,16,10000,1000,0,19.752707958221436,0.0044558048248291016,0.07721686363220215,false,0.00006321225048373632,0.00017932317532189473,1.459461449409388e-6,0.02308826909718361,0.00003992627534176886,0.6316224313509957,0.0,1.0,1.0,0.05,2.0,2.0,0.0,0.5,1.0,0.0,1.0
wave,16,16,16,10000,100,6,12.876085996627808,0.00005936622619628906,0.007645845413208008,false,0.13137168587993212,0.26325805074822856,0.018227566841759135,0.1387480621845586,0.004322163832073661,0.032900269210398375,0.0,1.0,1.0,0.05,2.0,2.0,0.0,0.5,1.0,0.0,1.0
drift_diffusion,8,8,16,10000,10,4,11.507652997970581,0.0001327991485595703,0.004369258880615234,true,0.6754812540318724,1.8162590697268644,0.6706003833312484,0.9927742321915067,0.26151842143576154,0.38715866632091883,0.0,1.0,1.0,0.05,2.0,2.0,0.0,0.5,1.0,0.0,1.0
heat,8,8,16,10000,100,0,8.862431049346924,0.0001239776611328125,0.0031402111053466797,false,0.00020651136452684292,0.0005829953330962834,0.0009375679610063186,4.540030826652143,0.012171854008336707,58.94035922051487,0.0,1.0,1.0,0.05,2.0,2.0,0.0,0.5,1.0,0.0,1.0
heat,16,16,16,0,0,1,0.0025169849395751953,0.00026607513427734375,0.005509853363037109,false,0.42662719686357026,1.208002156922676,0.0035871305534621607,0.00840811504712691,0.002749210983530936,0.0064440593655122665,0.0,1.0,1.0,0.05,2.0,2.0,0.0,0.5,1.0,0.0,1.0
poisson_2d,16,32,16,0,100,5,0.0019919872283935547,0.00015616416931152344,0.0010929107666015625,false,0.4769058913732205,1.0173992349295367,0.0017292052208186203,0.0036258835382374545,0.00171723760469867,0.0036007892453456427,0.0,1.0,1.0,0.05,2.0,2.0,0.0,0.5,1.0,0.0,1.0
poisson_2d,32,32,32,10000,10,8,10.46821403503418,0.0007421970367431641,0.002187013626098633,false,0.19592864709099964,0.4044978520588378,0.0004286737232429727,0.0021879073305899658,0.00041476287710914914,0.0021169077787614745,0.0,1.0,1.0,0.05,2.0,2.0,0.0,0.5,1.0,0.0,1.0
poisson_2d,128,32,128,0,1000,6,0.002626180648803711,0.02587127685546875,0.03381705284118652,false,0.49770434481974646,1.0032465533374413,0.00002528937744320452,0.000050812048772376234,0.000025298111418601268,0.00005082959729387831,0.0,1.0,1.0,0.05,2.0,2.0,0.0,0.5,1.0,0.0,1.0
heat,128,128,16,0,100,9,0.0016620159149169922,0.004239797592163086,0.0677039623260498,false,0.4358313579460238,1.236384757917177,0.00005075742474379847,0.00011646115824021224,0.00003992627534176886,0.00009160945997537327,0.0,1.0,1.0,0.05,2.0,2.0,0.0,0.5,1.0,0.0,1.0
wave,128,128,16,10000,100,7,12.700606107711792,0.0004680156707763672,0.0948190689086914,false,0.09473820065271953,0.18948218393102764,0.0003990858951081157,0.004212512928876903,0.00006338688741085187,0.0006690742168854168,0.0,1.0,1.0,0.05,2.0,2.0,0.0,0.5,1.0,0.0,1.0
drift_diffusion,128,128,16,0,10000,9,0.00599980354309082,0.004112958908081055,0.10406684875488281,false,0.8534444757491265,2.4119851287944254,0.00125043488500692,0.001465162550743946,0.0009525133211054325,0.0011160811841559421,0.0,1.0,1.0,0.05,2.0,2.0,0.0,0.5,1.0,0.0,1.0
wave,128,128,16,10000,10,5,10.62522006034851,0.00041604042053222656,0.09632492065429688,false,0.3571169957514848,0.7142557891924288,0.00034022933063407,0.0009527111133933068,0.00006338688741085187,0.00017749613758221222,0.0,1.0,1.0,0.05,2.0,2.0,0.0,0.5,1.0,0.0,1.0
poisson_1d,64,32,16,0,100,4,0.001302957534790039,0.000030994415283203125,0.0003676414489746094,false,0.703111564272516,1.0022105059757866,0.00014372040407308268,0.00020440625837492084,0.00014539741646764722,0.0002067913882458819,0.0,1.0,1.0,0.05,2.0,2.0,0.0,0.5,1.0,0.0,1.0
poisson_1d,32,32,16,10000,100,7,7.946553707122803,0.000026941299438476562,0.00037217140197753906,false,0.00014382341266053108,0.0002066515797553293,9.636075536185398e-7,0.006699935259444091,0.000595948894502332,4.143615309063388,0.0,1.0,1.0,0.05,2.0,2.0,0.0,0.5,1.0,0.0,1.0
drift_diffusion,128,128,16,0,1000,5,0.002458810806274414,0.0045108795166015625,0.0967562198638916,false,0.8531667436150674,2.411200208631282,0.0012504379090505244,0.0014656430509142045,0.0009525133211054325,0.0011164445030632702,0.0,1.0,1.0,0.05,2.0,2.0,0.0,0.5,1.0,0.0,1.0
poisson_2d,16,32,16,0,100,8,0.0019290447235107422,0.0001761913299560547,0.001107931137084961,false,0.4705303822284892,1.0037981487541099,0.0017178344640401228,0.00365084706306158,0.00171723760469867,0.003649578581016646,0.0,1.0,1.0,0.05,2.0,2.0,0.0,0.5,1.0,0.0,1.0
heat,32,32,16,0,100,8,0.001397848129272461,0.0006048679351806641,0.012514829635620117,false,0.43241487041193943,1.2258136952303458,0.0008467085472892815,0.0019580930380184787,0.0006581365706071615,0.0015220026313623035,0.0,1.0,1.0,0.05,2.0,2.0,0.0,0.5,1.0,0.0,1.0
heat,256,256,16,0,0,0,0.006593942642211914,0.012511014938354492,0.17579078674316406,false,0.43542091667678384,1.2353518381265192,0.000012586761227654844,0.000028907112050839042,9.934186103617024e-6,0.000022815132950976818,0.0,1.0,1.0,0.05,2.0,2.0,0.0,0.5,1.0,0.0,1.0
drift_diffusion,32,32,16,0,0,0,0.002087831497192383,0.0006361007690429688,0.017726898193359375,false,0.8366391426703357,2.3374982517032854,0.020685464243710015,0.024724475808874255,0.015825675346876712,0.018915772093049878,0.0,1.0,1.0,0.05,2.0,2.0,0.0,0.5,1.0,0.0,1.0
poisson_1d,128,32,16,10000,100,1,7.605097055435181,0.00005507469177246094,0.0006010532379150391,false,7.997723450105272e-6,0.000011354931142337299,9.376660315202366e-8,0.01172416172374865,0.00003591751011898671,4.490966753553455,0.0,1.0,1.0,0.05,2.0,2.0,0.0,0.5,1.0,0.0,1.0
wave,256,256,16,10000,1,4,9.316441059112549,0.0008652210235595703,0.18881893157958984,false,0.8657004361459814,1.731414081983482,0.0000312006297671229,0.000036040907991250676,0.000015783443300198566,0.000018231991854439857,0.0,1.0,1.0,0.05,2.0,2.0,0.0,0.5,1.0,0.0,1.0
drift_diffusion,128,128,16,10000,1,6,10.608177900314331,0.004250049591064453,0.09511113166809082,false,0.7466181370938001,2.110074989913937,0.001216705444226147,0.0016296221371773186,0.0009525133211054325,0.0012757704022742819,0.0,1.0,1.0,0.05,2.0,2.0,0.0,0.5,1.0,0.0,1.0
poisson_1d,16,32,16,0,10000,1,0.003793954849243164,0.000023126602172851562,0.0003457069396972656,false,0.7144137272199101,1.0434680367724993,0.0025830743897129332,0.003615656154543365,0.0025081860605056672,0.0035108312801688363,0.0,1.0,1.0,0.05,2.0,2.0,0.0,0.5,1.0,0.0,1.0
poisson_2d,256,32,256,0,10000,2,0.00649714469909668,0.13116788864135742,0.16462302207946777,false,0.5083813564679703,1.020750017692552,6.331479439848241e-6,0.000012454192820595975,6.299580846651019e-6,0.000012391447417383631,0.0,1.0,1.0,0.05,2.0,2.0,0.0,0.5,1.0,0.0,1.0
heat,8,8,16,10000,100,4,8.9389328956604,0.00011992454528808594,0.003046751022338867,false,0.0003233975588190883,0.000912972842720975,0.0009025677074304485,2.79089214750404,0.012171854008336707,37.63743317290158,0.0,1.0,1.0,0.05,2.0,2.0,0.0,0.5,1.0,0.0,1.0
drift_diffusion,32,32,16,10000,10000,7,115.06130599975586,0.0006840229034423828,0.019732952117919922,false,0.005746712673978264,0.016055824002676786,0.002206547586836274,0.3839669237036544,0.015825675346876712,2.75386577417326,0.0,1.0,1.0,0.05,2.0,2.0,0.0,0.5,1.0,0.0,1.0
poisson_1d,8,32,16,0,10,7,0.0012159347534179688,0.00002193450927734375,0.00033092498779296875,false,0.6259556456209414,0.9463559828970787,0.011029421910141168,0.017620133291073835,0.011214972573078455,0.01791656110386754,0.0,1.0,1.0,0.05,2.0,2.0,0.0,0.5,1.0,0.0,1.0
poisson_2d,128,32,128,10000,100,7,12.446485996246338,0.025495052337646484,0.03372383117675781,false,0.000020336014163218402,0.00004099228051798354,2.2643353997838465e-7,0.011134607704336667,0.000025298111418601268,1.2440053992602627,0.0,1.0,1.0,0.05,2.0,2.0,0.0,0.5,1.0,0.0,1.0
heat,8,8,16,0,100,9,0.0016620159149169922,0.0001289844512939453,0.0035130977630615234,false,0.4095528586159714,1.1561949908975477,0.016224550152005947,0.0396152775171308,0.012171854008336707,0.02971986094656949,0.0,1.0,1.0,0.05,2.0,2.0,0.0,0.5,1.0,0.0,1.0
wave,256,256,16,10000,1,7,9.643846273422241,0.0008802413940429688,0.19367003440856934,false,0.8676320980307966,1.735277435228271,0.000031203899673993324,0.00003596443670631205,0.000015783443300198566,0.000018191400866820318,0.0,1.0,1.0,0.05,2.0,2.0,0.0,0.5,1.0,0.0,1.0
poisson_2d,32,32,32,10000,1,3,9.422837018966675,0.0010051727294921875,0.0027687549591064453,false,0.18279415465048796,0.3773814805687492,0.00024199164466730638,0.0013238478283400636,0.00041476287710914914,0.0022690160847987583,0.0,1.0,1.0,0.05,2.0,2.0,0.0,0.5,1.0,0.0,1.0
heat,8,8,16,0,1,5,0.002737283706665039,0.00013494491577148438,0.003758668899536133,false,0.40941282352252856,1.155799662504198,0.016211917063866533,0.0395979708803001,0.012171854008336707,0.029730026293782977,0.0,1.0,1.0,0.05,2.0,2.0,0.0,0.5,1.0,0.0,1.0
heat,8,8,16,0,1000,4,0.0026540756225585938,0.0001399517059326172,0.003103017807006836,false,0.4097007689585443,1.1566125516435835,0.016214072381377696,0.039575401390126067,0.012171854008336707,0.0297091314699688,0.0,1.0,1.0,0.05,2.0,2.0,0.0,0.5,1.0,0.0,1.0
drift_diffusion,128,128,16,10000,10,7,11.723608016967773,0.004464864730834961,0.09829306602478027,false,0.7310926775026856,2.0661972934550117,0.0013672155869765305,0.0018700988657782145,0.0009525133211054325,0.0013028626197694798,0.0,1.0,1.0,0.05,2.0,2.0,0.0,0.5,1.0,0.0,1.0
wave,256,256,16,0,1,4,0.0022211074829101562,0.0010349750518798828,0.2239222526550293,false,0.8679478519817011,1.735908947948158,0.000031203860580288007,0.00003595130802967397,0.000015783443300198566,0.000018184782949991476,0.0,1.0,1.0,0.05,2.0,2.0,0.0,0.5,1.0,0.0,1.0
drift_diffusion,256,256,16,10000,1,5,10.5989670753479,0.01312398910522461,0.23588109016418457,false,0.7381868453589832,2.0903780550084905,0.0003027402118692838,0.0004101132576022267,0.00023700549940490983,0.0003210643767156987,0.0,1.0,1.0,0.05,2.0,2.0,0.0,0.5,1.0,0.0,1.0
wave,32,32,16,0,1000,1,0.0027892589569091797,0.0001010894775390625,0.01569986343383789,false,0.8589007148917549,1.7186408148469337,0.0021317652123859993,0.0024819693073077254,0.0010402908397117996,0.00121118869931655,0.0,1.0,1.0,0.05,2.0,2.0,0.0,0.5,1.0,0.0,1.0
heat,16,16,16,10000,1,5,6.8996498584747314,0.0002548694610595703,0.005883932113647461,false,0.4192216740344036,1.1870332932015142,0.0035860129506027167,0.008553977937477603,0.002749210983530936,0.006557893243146871,0.0,1.0,1.0,0.05,2.0,2.0,0.0,0.5,1.0,0.0,1.0
wave,256,256,16,10000,10,1,10.730316877365112,0.0008649826049804688,0.19066381454467773,false,0.3246505696389375,0.6493060931091282,0.000022994081618610146,0.00007082717163928951,0.000015783443300198566,0.000048616712170726305,0.0,1.0,1.0,0.05,2.0,2.0,0.0,0.5,1.0,0.0,1.0
wave,16,16,16,10000,10,1,10.730316877365112,0.00005078315734863281,0.0073392391204833984,false,0.3210197887525513,0.6432972468347867,0.006707818412388738,0.02089534242874747,0.004322163832073661,0.01346385482611252,0.0,1.0,1.0,0.05,2.0,2.0,0.0,0.5,1.0,0.0,1.0
heat,32,32,16,0,1,5,0.002737283706665039,0.0005738735198974609,0.011622905731201172,false,0.4306013292264639,1.2206726518154825,0.0008463228874457013,0.00196544420558581,0.0006581365706071615,0.001528412770553783,0.0,1.0,1.0,0.05,2.0,2.0,0.0,0.5,1.0,0.0,1.0
wave,16,16,16,10000,0,0,0.0032138824462890625,0.00004887580871582031,0.007342100143432617,false,0.8489552395565414,1.7012364577738186,0.009200603291320593,0.010837559935582235,0.004322163832073661,0.005091156318596229,0.0,1.0,1.0,0.05,2.0,2.0,0.0,0.5,1.0,0.0,1.0
drift_diffusion,16,16,16,0,10000,1,0.0058498382568359375,0.0003230571746826172,0.009971380233764648,true,0.8162964704412724,2.248287454650729,0.08753440592946492,0.10723359600237604,0.06769679643284385,0.08293162948046119,0.0,1.0,1.0,0.05,2.0,2.0,0.0,0.5,1.0,0.0,1.0
heat,128,128,16,10000,100,1,9.324801683425903,0.004625797271728516,0.08138871192932129,false,0.00023224972910532203,0.0006588558162714305,3.418499075923332e-6,0.014719065934288424,0.00003992627534176886,0.17191096624980629,0.0,1.0,1.0,0.05,2.0,2.0,0.0,0.5,1.0,0.0,1.0
drift_diffusion,128,128,16,10000,10,4,11.507652997970581,0.004393100738525391,0.10898089408874512,false,0.7298723517396559,2.0627484368786906,0.0013527713902700186,0.0018534355864360092,0.0009525133211054325,0.0013050409689243745,0.0,1.0,1.0,0.05,2.0,2.0,0.0,0.5,1.0,0.0,1.0
heat,32,32,16,10000,1000,8,19.306674003601074,0.0005719661712646484,0.01093602180480957,false,0.00008190725408947602,0.00023219144546519097,0.000022119775782504886,0.2700588125969171,0.0006581365706071615,8.035143870009428,0.0,1.0,1.0,0.05,2.0,2.0,0.0,0.5,1.0,0.0,1.0
heat,32,32,16,0,10000,1,0.006993770599365234,0.0006220340728759766,0.011976957321166992,false,0.4334418429208511,1.2287249664473825,0.0008464145007025325,0.0019527752443067484,0.0006581365706071615,0.0015183964846867373,0.0,1.0,1.0,0.05,2.0,2.0,0.0,0.5,1.0,0.0,1.0
wave,16,16,16,10000,10000,4,143.357971906662,0.00005316734313964844,0.007950782775878906,false,0.0003016334110727175,0.0006044485408531455,0.00023263453958006987,0.7712492417622443,0.004322163832073661,14.329194556733786,0.0,1.0,1.0,0.05,2.0,2.0,0.0,0.5,1.0,0.0,1.0
heat,16,16,16,0,1,9,0.002766132354736328,0.0003249645233154297,0.006154060363769531,false,0.42369011770960374,1.1996857673930634,0.003589518355476198,0.008472037004026713,0.002749210983530936,0.006488730486310843,0.0,1.0,1.0,0.05,2.0,2.0,0.0,0.5,1.0,0.0,1.0
drift_diffusion,64,64,16,10000,1,8,10.438159942626953,0.0015869140625,0.03748893737792969,false,0.6121110347757858,1.7231996736501232,0.0049283770178431855,0.008051442855704166,0.003851464283566381,0.0062921007215253994,0.0,1.0,1.0,0.05,2.0,2.0,0.0,0.5,1.0,0.0,1.0
poisson_2d,64,32,64,0,1000,9,0.0024368762969970703,0.004914999008178711,0.008713960647583008,false,0.4980204392688719,1.0118510512129457,0.00010262809459647458,0.00020607205348266354,0.00010200512199543541,0.00020482115582482095,0.0,1.0,1.0,0.05,2.0,2.0,0.0,0.5,1.0,0.0,1.0
poisson_1d,8,32,16,10000,1000,6,17.207457065582275,0.00002193450927734375,0.0003609657287597656,false,4.599913055355895e-6,6.954414855423418e-6,0.000012341180214714599,2.682915973830612,0.011214972573078455,2438.0835980750826,0.0,1.0,1.0,0.05,2.0,2.0,0.0,0.5,1.0,0.0,1.0
heat,32,32,16,0,1,3,0.002263784408569336,0.0005950927734375,0.011290788650512695,false,0.4268354836162278,1.2099971976648127,0.0008461867532765729,0.001982465811200898,0.0006581365706071615,0.0015418975129042895,0.0,1.0,1.0,0.05,2.0,2.0,0.0,0.5,1.0,0.0,1.0
poisson_1d,128,32,16,0,1,7,0.001271963119506836,0.00003719329833984375,0.0007982254028320312,false,0.6665523151064683,0.9463512570817681,0.00003531474847451822,0.00005298121043788948,0.00003591751011898671,0.00005388550801635069,0.0,1.0,1.0,0.05,2.0,2.0,0.0,0.5,1.0,0.0,1.0
heat,256,256,16,10000,1,2,6.941212177276611,0.013031244277954102,0.1822671890258789,false,0.43327803826257794,1.2292721835061695,0.000012592752304632516,0.00002906390629704839,9.934186103617024e-6,0.000022927970555471917,0.0,1.0,1.0,0.05,2.0,2.0,0.0,0.5,1.0,0.0,1.0
drift_diffusion,8,8,16,10000,10,8,11.110510110855103,0.00013589859008789062,0.004369258880615234,true,0.7087419029315295,1.9056915371246237,0.8826311816769689,1.2453492280140213,0.26151842143576154,0.3689896425681302,0.0,1.0,1.0,0.05,2.0,2.0,0.0,0.5,1.0,0.0,1.0
poisson_1d,128,32,16,0,10,1,0.001161813735961914,0.00003886222839355469,0.0007610321044921875,false,0.7349555768813335,1.043468184443722,0.00003698936228198264,0.00005032870481633881,0.00003591751011898671,0.00004887031440920133,0.0,1.0,1.0,0.05,2.0,2.0,0.0,0.5,1.0,0.0,1.0
wave,16,16,16,10000,1,9,10.00851821899414,0.00004792213439941406,0.0075337886810302734,false,0.8493268125763146,1.7019810595366789,0.009201965335386147,0.010834422273180409,0.004322163832073661,0.005088928982429012,0.0,1.0,1.0,0.05,2.0,2.0,0.0,0.5,1.0,0.0,1.0
heat,128,128,16,0,10,4,0.0014121532440185547,0.004330873489379883,0.07613587379455566,false,0.43613340119916805,1.2372416069428627,0.000050722855722153943,0.0001163012408191833,0.00003992627534176886,0.00009154601604002305,0.0,1.0,1.0,0.05,2.0,2.0,0.0,0.5,1.0,0.0,1.0
wave,256,256,16,10000,10000,8,143.98807382583618,0.000888824462890625,0.1919558048248291,false,0.0003203561512917772,0.000640717190886434,8.703408866320317e-7,0.002716791555655387,0.000015783443300198566,0.0492684258958344,0.0,1.0,1.0,0.05,2.0,2.0,0.0,0.5,1.0,0.0,1.0
wave,128,128,16,10000,100,6,12.876085996627808,0.0004100799560546875,0.08943295478820801,false,0.13219611003758097,0.26440028905476415,0.00019443033594977228,0.0014707719909042639,0.00006338688741085187,0.0004794913208326029,0.0,1.0,1.0,0.05,2.0,2.0,0.0,0.5,1.0,0.0,1.0
heat,64,64,16,0,1,5,0.002737283706665039,0.0014569759368896484,0.023769855499267578,false,0.4340732838970091,1.2311215354796055,0.00020570671382607372,0.0004738985822377424,0.00016125998597565447,0.0003715040569368834,0.0,1.0,1.0,0.05,2.0,2.0,0.0,0.5,1.0,0.0,1.0
poisson_1d,16,32,16,10000,1,8,5.730218172073364,0.000022649765014648438,0.00035381317138671875,false,0.12485302812792075,0.18235951967597117,0.0010761366030701985,0.008619227096099101,0.0025081860605056672,0.020089108755422826,0.0,1.0,1.0,0.05,2.0,2.0,0.0,0.5,1.0,0.0,1.0
poisson_1d,256,32,16,0,1000,5,0.0018768310546875,0.00005602836608886719,0.0007870197296142578,false,0.7147977496871863,1.0128568436376562,8.959546746179332e-6,0.000012534380179708533,8.926404123405047e-6,0.000012488013745582532,0.0,1.0,1.0,0.05,2.0,2.0,0.0,0.5,1.0,0.0,1.0
poisson_2d,64,32,64,10000,10,7,10.735282182693481,0.004644870758056641,0.008414983749389648,false,0.09639781190555517,0.19585587180811204,0.00007437527323302389,0.0007715452432249424,0.00010200512199543541,0.0010581684374265034,0.0,1.0,1.0,0.05,2.0,2.0,0.0,0.5,1.0,0.0,1.0
heat,256,256,16,10000,10,9,7.7358598709106445,0.011382818222045898,0.1559898853302002,false,0.09943548556105065,0.2821127905392526,0.000013613817165328942,0.00013691105432346302,9.934186103617024e-6,0.00009990584395062562,0.0,1.0,1.0,0.05,2.0,2.0,0.0,0.5,1.0,0.0,1.0
poisson_2d,32,32,32,10000,1,9,9.735986232757568,0.0009088516235351562,0.0024628639221191406,false,0.25218755039587903,0.5206452653334275,0.00028589008111947666,0.0011336407394841336,0.00041476287710914914,0.001644660398414047,0.0,1.0,1.0,0.05,2.0,2.0,0.0,0.5,1.0,0.0,1.0
poisson_2d,256,32,256,10000,10,1,10.727699995040894,0.14171814918518066,0.1667649745941162,false,0.17211941760236638,0.3455887914212218,4.994409806403711e-6,0.00002901712006684737,6.299580846651019e-6,0.00003660005904275385,0.0,1.0,1.0,0.05,2.0,2.0,0.0,0.5,1.0,0.0,1.0
poisson_1d,16,32,16,0,1000,9,0.0015702247619628906,0.000022172927856445312,0.0003349781036376953,false,0.6960611293953901,1.0166623519263396,0.00253951198860749,0.003648403683758854,0.0025081860605056672,0.003603399119103688,0.0,1.0,1.0,0.05,2.0,2.0,0.0,0.5,1.0,0.0,1.0
poisson_1d,32,32,16,10000,100,6,7.740281105041504,0.00002288818359375,0.00032830238342285156,false,3.970890834926434e-6,5.705544381778515e-6,8.552970145842654e-7,0.21539172193802497,0.000595948894502332,150.07939509330905,0.0,1.0,1.0,0.05,2.0,2.0,0.0,0.5,1.0,0.0,1.0
wave,16,16,16,0,100,7,0.002062082290649414,0.00004482269287109375,0.006894111633300781,false,0.85788514152836,1.719131246675457,0.009202217658634321,0.010726631355615001,0.004322163832073661,0.005038161430763955,0.0,1.0,1.0,0.05,2.0,2.0,0.0,0.5,1.0,0.0,1.0
heat,8,8,16,0,1,7,0.002393007278442383,0.000125885009765625,0.003464937210083008,false,0.42462565832198185,1.1987465081248572,0.016202877441043467,0.038158027249397326,0.012171854008336707,0.028664904651397975,0.0,1.0,1.0,0.05,2.0,2.0,0.0,0.5,1.0,0.0,1.0
wave,32,32,16,10000,100,4,12.407609224319458,0.00009512901306152344,0.014740943908691406,false,0.02515262742361638,0.05032983596516547,0.0015147837143219527,0.06022367718529801,0.0010402908397117996,0.04135913207759133,0.0,1.0,1.0,0.05,2.0,2.0,0.0,0.5,1.0,0.0,1.0
heat,16,16,16,10000,1,1,6.849575042724609,0.0002579689025878906,0.00609898567199707,false,0.4232299876160813,1.1983829012149894,0.0035870589271359402,0.008475436599709512,0.002749210983530936,0.006495784949021119,0.0,1.0,1.0,0.05,2.0,2.0,0.0,0.5,1.0,0.0,1.0
heat,8,8,16,10000,1,3,7.042046070098877,0.00012183189392089844,0.0027179718017578125,false,0.4057989798329701,1.145597541132431,0.01620951311361427,0.03994468670248068,0.012171854008336707,0.02999478710702213,0.0,1.0,1.0,0.05,2.0,2.0,0.0,0.5,1.0,0.0,1.0
poisson_1d,8,32,16,10000,1000,1,17.400676250457764,0.000023126602172851562,0.0003578662872314453,false,3.3138597190757983e-6,5.0100849693879586e-6,0.000011614670766240863,3.5048770166799907,0.011214972573078455,3384.262921023033,0.0,1.0,1.0,0.05,2.0,2.0,0.0,0.5,1.0,0.0,1.0
poisson_1d,32,32,16,0,10000,2,0.0039899349212646484,0.000024080276489257812,0.00037026405334472656,false,0.6410717724441097,0.9211191144853138,0.0005704339758012831,0.0008898129668484426,0.000595948894502332,0.00092961337578514,0.0,1.0,1.0,0.05,2.0,2.0,0.0,0.5,1.0,0.0,1.0
poisson_1d,64,32,16,10000,10,6,6.755296945571899,0.000027179718017578125,0.00033926963806152344,false,0.00010022248672061813,0.00014285646009868725,2.3136862053857784e-6,0.02308549988220847,0.00014539741646764722,1.45074644648176,0.0,1.0,1.0,0.05,2.0,2.0,0.0,0.5,1.0,0.0,1.0
wave,32,32,16,0,10,9,0.0020558834075927734,0.00009703636169433594,0.017010211944580078,false,0.8597913397574626,1.7204229349667377,0.002130797739070233,0.0024782730885278595,0.0010402908397117996,0.0012099340754063116,0.0,1.0,1.0,0.05,2.0,2.0,0.0,0.5,1.0,0.0,1.0
poisson_1d,64,32,16,0,1000,3,0.0020089149475097656,0.00003600120544433594,0.00040078163146972656,false,0.6920864856782221,0.9864954329235568,0.0001423256966492362,0.00020564727038378978,0.00014539741646764722,0.0002100856171539927,0.0,1.0,1.0,0.05,2.0,2.0,0.0,0.5,1.0,0.0,1.0
poisson_1d,128,32,16,10000,10000,2,83.28573513031006,0.00003719329833984375,0.0007102489471435547,false,7.5210368347961805e-6,0.000010678145588663606,5.1825354610253314e-8,0.006890719424454023,0.00003591751011898671,4.775606197317941,0.0,1.0,1.0,0.05,2.0,2.0,0.0,0.5,1.0,0.0,1.0
drift_diffusion,64,64,16,0,10000,9,0.00599980354309082,0.0016131401062011719,0.054080963134765625,false,0.8475998352933019,2.3861418543096886,0.0050517583024680315,0.005960074662732715,0.003851464283566381,0.00454396535156667,0.0,1.0,1.0,0.05,2.0,2.0,0.0,0.5,1.0,0.0,1.0
heat,64,64,16,0,1000,4,0.0026540756225585938,0.0016608238220214844,0.02703380584716797,false,0.4344006243187953,1.2320499405615213,0.00020573292984706802,0.00047360182819646674,0.00016125998597565447,0.00037122411190944777,0.0,1.0,1.0,0.05,2.0,2.0,0.0,0.5,1.0,0.0,1.0
wave,8,8,16,0,1,5,0.0021131038665771484,0.000030994415283203125,0.0038881301879882812,false,0.8291937124091808,1.6714974108442704,0.043365285079893054,0.052298135442799466,0.018958173771005418,0.022863383413657817,0.0,1.0,1.0,0.05,2.0,2.0,0.0,0.5,1.0,0.0,1.0
poisson_2d,16,32,16,10000,1000,2,27.887205123901367,0.00015306472778320312,0.0013489723205566406,false,0.000025322337235847977,0.00005402098610314233,3.4767032783276755e-6,0.13729788233734183,0.00171723760469867,67.81513051887063,0.0,1.0,1.0,0.05,2.0,2.0,0.0,0.5,1.0,0.0,1.0
heat,256,256,16,0,1000,2,0.002081155776977539,0.01270294189453125,0.16657114028930664,false,0.4386110516738109,1.2444027104698303,0.000012599517194912857,0.000028725945565737692,9.934186103617024e-6,0.000022649192412518006,0.0,1.0,1.0,0.05,2.0,2.0,0.0,0.5,1.0,0.0,1.0
wave,32,32,16,10000,10000,5,143.17898321151733,0.00010013580322265625,0.018681049346923828,false,0.0002820111905413674,0.0005642979845104122,0.00005356024056803594,0.1899223944454089,0.0010402908397117996,3.688828225980747,0.0,1.0,1.0,0.05,2.0,2.0,0.0,0.5,1.0,0.0,1.0
poisson_1d,256,32,16,10000,1000,3,17.24406623840332,0.000052928924560546875,0.0005869865417480469,false,3.5025866234421546e-6,4.963108562582388e-6,1.1106340375244911e-8,0.003170896702624047,8.926404123405047e-6,2.5485177335536684,0.0,1.0,1.0,0.05,2.0,2.0,0.0,0.5,1.0,0.0,1.0
heat,256,256,16,0,100,6,0.0018148422241210938,0.012136220932006836,0.15049386024475098,false,0.44053110868749845,1.2498501886922129,0.000012594905654122082,0.00002859027525126854,9.934186103617024e-6,0.000022550475795488216,0.0,1.0,1.0,0.05,2.0,2.0,0.0,0.5,1.0,0.0,1.0
drift_diffusion,8,8,16,10000,1000,4,25.050506830215454,0.00013875961303710938,0.004647970199584961,true,0.005916582625044086,0.01590872698595667,0.031453544186131235,5.316167487122067,0.26151842143576154,44.20092442025324,0.0,1.0,1.0,0.05,2.0,2.0,0.0,0.5,1.0,0.0,1.0
poisson_1d,128,32,16,10000,1,5,5.947137117385864,0.00003790855407714844,0.0007460117340087891,false,0.0980543551731552,0.13921467254319814,8.647185779567478e-6,0.00008818767676659863,0.00003591751011898671,0.00036630203783972245,0.0,1.0,1.0,0.05,2.0,2.0,0.0,0.5,1.0,0.0,1.0
heat,16,16,16,0,1000,9,0.0026628971099853516,0.0003304481506347656,0.006028175354003906,false,0.42369011770960374,1.1996857673930634,0.003589518355476198,0.008472037004026713,0.002749210983530936,0.006488730486310843,0.0,1.0,1.0,0.05,2.0,2.0,0.0,0.5,1.0,0.0,1.0
drift_diffusion,256,256,16,0,10000,3,0.006175041198730469,0.011942863464355469,0.21375536918640137,false,0.8541815824737834,2.4188488947229825,0.0003111026308827257,0.00036421135419678055,0.00023700549940490983,0.0002774650077545824,0.0,1.0,1.0,0.05,2.0,2.0,0.0,0.5,1.0,0.0,1.0
poisson_2d,32,32,32,0,100,7,0.0018939971923828125,0.0007240772247314453,0.002067089080810547,false,0.5077778999095958,1.0483156643294878,0.0004208366192859862,0.0008287808889691959,0.00041476287710914914,0.0008168194739924542,0.0,1.0,1.0,0.05,2.0,2.0,0.0,0.5,1.0,0.0,1.0
drift_diffusion,32,32,16,10000,1000,3,24.582820177078247,0.0007441043853759766,0.020926952362060547,false,0.008745187309970592,0.024433305836766,0.0029780474426668547,0.3405355811271737,0.015825675346876712,1.8096439545478127,0.0,1.0,1.0,0.05,2.0,2.0,0.0,0.5,1.0,0.0,1.0
poisson_1d,128,32,16,0,10,8,0.0011990070343017578,0.00004506111145019531,0.0006420612335205078,false,0.6984209541328192,0.991597407939792,0.00003578041509073003,0.00005123044330071122,0.00003591751011898671,0.00005142673613448924,0.0,1.0,1.0,0.05,2.0,2.0,0.0,0.5,1.0,0.0,1.0
poisson_2d,32,32,32,0,100,2,0.001967191696166992,0.00074005126953125,0.002287149429321289,false,0.4944257829590684,1.020750003528399,0.00041686287793830614,0.0008431252825114432,0.00041476287710914914,0.0008388779295182623,0.0,1.0,1.0,0.05,2.0,2.0,0.0,0.5,1.0,0.0,1.0
wave,128,128,16,0,1000,6,0.0028700828552246094,0.0004012584686279297,0.0853118896484375,false,0.8695767543244002,1.7392065858315644,0.0001259981864232085,0.00014489599198301957,0.00006338688741085187,0.0000728939534039166,0.0,1.0,1.0,0.05,2.0,2.0,0.0,0.5,1.0,0.0,1.0
poisson_2d,32,32,32,0,10,4,0.0020720958709716797,0.0017130374908447266,0.004455089569091797,false,0.4896896734960457,1.0109722291531262,0.00041594752052517267,0.0008494104389737175,0.00041476287710914914,0.0008469912672407994,0.0,1.0,1.0,0.05,2.0,2.0,0.0,0.5,1.0,0.0,1.0
poisson_2d,64,32,64,0,10,5,0.0019350051879882812,0.004402875900268555,0.008137941360473633,false,0.500751269765354,1.0173994052375444,0.0001027164321722949,0.0002051246564395664,0.00010200512199543541,0.0002037041704222413,0.0,1.0,1.0,0.05,2.0,2.0,0.0,0.5,1.0,0.0,1.0
heat,256,256,16,10000,100,1,9.324801683425903,0.011609077453613281,0.1605510711669922,false,0.0002324632950413383,0.0006595318410930542,8.51497775366128e-7,0.003662934293408954,9.934186103617024e-6,0.042734428684090456,0.0,1.0,1.0,0.05,2.0,2.0,0.0,0.5,1.0,0.0,1.0
poisson_2d,128,32,128,10000,10,2,10.52458381652832,0.02583479881286621,0.033284902572631836,false,0.09136489251668047,0.18416860223834797,0.0000175222118708711,0.00019178276675225177,0.000025298111418601268,0.0002768909448887336,0.0,1.0,1.0,0.05,2.0,2.0,0.0,0.5,1.0,0.0,1.0
poisson_1d,16,32,16,0,0,1,0.0013320446014404297,0.000025987625122070312,0.0003578662872314453,false,0.7144137272199101,1.0434680367724993,0.0025830743897129332,0.003615656154543365,0.0025081860605056672,0.0035108312801688363,0.0,1.0,1.0,0.05,2.0,2.0,0.0,0.5,1.0,0.0,1.0
heat,128,128,16,10000,1,9,7.102270841598511,0.0042688846588134766,0.06996774673461914,false,0.4328568140901854,1.2279464465885777,0.000050740239053975974,0.00011722176341529019,0.00003992627534176886,0.00009223898998954014,0.0,1.0,1.0,0.05,2.0,2.0,0.0,0.5,1.0,0.0,1.0
wave,64,64,16,10000,0,0,0.0032138824462890625,0.00019311904907226562,0.03425192832946777,false,0.8632045774276179,1.7266199367563755,0.0005131829017622218,0.0005945090134849911,0.0002556346352812184,0.0002961460608133233,0.0,1.0,1.0,0.05,2.0,2.0,0.0,0.5,1.0,0.0,1.0
drift_diffusion,128,128,16,10000,1,0,10.739435195922852,0.0041921138763427734,0.09963178634643555,false,0.6906181203533873,1.951809031871906,0.0012166091186341505,0.0017616235120092344,0.0009525133211054325,0.0013792185478974023,0.0,1.0,1.0,0.05,2.0,2.0,0.0,0.5,1.0,0.0,1.0
poisson_1d,8,32,16,0,100,9,0.0012431144714355469,0.0000209808349609375,0.0003230571746826172,false,0.6724584158077347,1.0166615630055607,0.01135552097328677,0.01688657723116885,0.011214972573078455,0.016677570403528075,0.0,1.0,1.0,0.05,2.0,2.0,0.0,0.5,1.0,0.0,1.0
poisson_1d,32,32,16,10000,1,5,5.947137117385864,0.000024080276489257812,0.00036716461181640625,false,0.09688822812443618,0.13921311580102738,0.00014365851671038022,0.00148272416052315,0.000595948894502332,0.006150890629736134,0.0,1.0,1.0,0.05,2.0,2.0,0.0,0.5,1.0,0.0,1.0
poisson_1d,8,32,16,10000,10,3,6.66196608543396,0.000018835067749023438,0.0004029273986816406,false,0.00010826905760045592,0.00016368742919664793,0.00022075130248478837,2.0389140478087517,0.011214972573078455,103.58428180334387,0.0,1.0,1.0,0.05,2.0,2.0,0.0,0.5,1.0,0.0,1.0
wave,16,16,16,0,100,0,0.0024492740631103516,0.00004792213439941406,0.007353067398071289,false,0.8489552395565414,1.7012364577738186,0.009200603291320593,0.010837559935582235,0.004322163832073661,0.005091156318596229,0.0,1.0,1.0,0.05,2.0,2.0,0.0,0.5,1.0,0.0,1.0
heat,64,64,16,0,1,9,0.002766132354736328,0.0015459060668945312,0.026026010513305664,false,0.43410849331460605,1.231221396664026,0.00020587274437959942,0.00047424260881806746,0.00016125998597565447,0.00037147392520327054,0.0,1.0,1.0,0.05,2.0,2.0,0.0,0.5,1.0,0.0,1.0
poisson_2d,8,32,8,10000,1000,6,27.721116065979004,0.000048160552978515625,0.0006778240203857422,false,9.467389198285856e-6,0.00002163974673893909,0.00002313071017692905,2.4431984037238825,0.007418007097193637,783.5324968427801,0.0,1.0,1.0,0.05,2.0,2.0,0.0,0.5,1.0,0.0,1.0
poisson_2d,16,32,16,0,10000,1,0.0071430206298828125,0.00015997886657714844,0.001190185546875,false,0.4515691583905739,0.9633475378998906,0.0016893226973963493,0.0037410054827863373,0.00171723760469867,0.0038028230511114453,0.0,1.0,1.0,0.05,2.0,2.0,0.0,0.5,1.0,0.0,1.0
poisson_1d,256,32,16,10000,1000,5,17.146459102630615,0.00006198883056640625,0.0006120204925537109,false,7.133360540290855e-6,0.000010107856445449467,2.3109863111556594e-8,0.00323968807979112,8.926404123405047e-6,1.2513602912486388,0.0,1.0,1.0,0.05,2.0,2.0,0.0,0.5,1.0,0.0,1.0
poisson_1d,128,32,16,0,1,3,0.0012662410736083984,0.00004792213439941406,0.0006570816040039062,false,0.6948274331171178,0.986495433115782,0.00003515874827323621,0.00005060069104570021,0.00003591751011898671,0.000051692705853386434,0.0,1.0,1.0,0.05,2.0,2.0,0.0,0.5,1.0,0.0,1.0
wave,256,256,16,10000,100,7,12.700606107711792,0.0008499622344970703,0.18926262855529785,false,0.09484853405729005,0.18969851540491706,0.00010019675072230257,0.0010563869196099753,0.000015783443300198566,0.00016640682385945043,0.0,1.0,1.0,0.05,2.0,2.0,0.0,0.5,1.0,0.0,1.0
poisson_1d,64,32,16,10000,100,3,7.830432891845703,0.00003409385681152344,0.00047206878662109375,false,5.169318861745715e-6,7.368312420434557e-6,2.1706189185060744e-7,0.041990424203219905,0.00014539741646764722,28.126997067411086,0.0,1.0,1.0,0.05,2.0,2.0,0.0,0.5,1.0,0.0,1.0
poisson_1d,64,32,16,10000,1,4,5.888246774673462,0.000026941299438476562,0.0003452301025390625,false,0.09494232548726897,0.13533015370549933,0.00003747085829955299,0.0003946696913862459,0.00014539741646764722,0.001531428851372971,0.0,1.0,1.0,0.05,2.0,2.0,0.0,0.5,1.0,0.0,1.0
drift_diffusion,8,8,16,0,10000,2,0.005822181701660156,0.00014495849609375,0.004682064056396484,true,0.7645438201980633,2.055733803639851,0.36067353940194,0.47174998982857985,0.26151842143576154,0.3420581195306926,0.0,1.0,1.0,0.05,2.0,2.0,0.0,0.5,1.0,0.0,1.0
poisson_2d,128,32,128,10000,100,1,12.403894186019897,0.02501821517944336,0.033859968185424805,false,0.000016446132584013892,0.00003315125938194925,2.4308326529527205e-7,0.014780573125749808,0.000025298111418601268,1.538240755947567,0.0,1.0,1.0,0.05,2.0,2.0,0.0,0.5,1.0,0.0,1.0
poisson_1d,128,32,16,10000,10,6,6.755296945571899,0.00003409385681152344,0.0006012916564941406,false,0.00010062255983128724,0.00014286093353664816,5.728218036821039e-7,0.005692777093347444,0.00003591751011898671,0.3569528560908559,0.0,1.0,1.0,0.05,2.0,2.0,0.0,0.5,1.0,0.0,1.0
heat,16,16,16,10000,10000,4,92.54381108283997,0.00025582313537597656,0.0057010650634765625,false,0.0000649488638736563,0.00018390381163192472,0.00009382367438858894,1.444577607561508,0.002749210983530936,42.328854110130194,0.0,1.0,1.0,0.05,2.0,2.0,0.0,0.5,1.0,0.0,1.0
drift_diffusion,256,256,16,0,1,2,0.0022430419921875,0.012208700180053711,0.21869707107543945,false,0.8567716022591727,2.426183244495611,0.00031121921663870893,0.0003632464192534772,0.00023700549940490983,0.0002766262312849345,0.0,1.0,1.0,0.05,2.0,2.0,0.0,0.5,1.0,0.0,1.0
heat,8,8,16,0,10000,1,0.006993770599365234,0.00013017654418945312,0.003626108169555664,false,0.41280660707779604,1.165380539463648,0.016214461605863723,0.0392785903322715,0.012171854008336707,0.029485608514116735,0.0,1.0,1.0,0.05,2.0,2.0,0.0,0.5,1.0,0.0,1.0
poisson_1d,8,32,16,10000,1,3,5.911823272705078,0.0000209808349609375,0.0004680156707763672,false,0.10889732585455524,0.1646372815149242,0.0034971574114289463,0.032114263449405496,0.011214972573078455,0.10298666643161941,0.0,1.0,1.0,0.05,2.0,2.0,0.0,0.5,1.0,0.0,1.0
wave,16,16,16,10000,10000,7,144.45493721961975,0.00004982948303222656,0.007962942123413086,false,0.0009736891014686026,0.0019511928553744375,0.00020836045273961987,0.21399074142386015,0.004322163832073661,4.438956773321334,0.0,1.0,1.0,0.05,2.0,2.0,0.0,0.5,1.0,0.0,1.0
poisson_1d,8,32,16,10000,0,0,0.0021538734436035156,0.00002384185791015625,0.00039076805114746094,false,0.6639516617155716,1.0038005596957067,0.011349082303586909,0.017093235785060373,0.011214972573078455,0.016891248594965942,0.0,1.0,1.0,0.05,2.0,2.0,0.0,0.5,1.0,0.0,1.0
drift_diffusion,256,256,16,10000,10000,2,113.75466871261597,0.014396905899047852,0.23003506660461426,false,0.005944172633309533,0.016832551414282755,0.00003708712169171802,0.006239240341690485,0.00023700549940490983,0.03987190716447084,0.0,1.0,1.0,0.05,2.0,2.0,0.0,0.5,1.0,0.0,1.0
heat,8,8,16,10000,1,6,7.055966138839722,0.0001201629638671875,0.002920866012573242,false,0.41195221635142554,1.1629685375515209,0.01621517233844169,0.039361779582243954,0.012171854008336707,0.02954676179713333,0.0,1.0,1.0,0.05,2.0,2.0,0.0,0.5,1.0,0.0,1.0
heat,8,8,16,0,10,0,0.0015568733215332031,0.00013399124145507812,0.0031392574310302734,false,0.4081987168600533,1.152372158551929,0.01620597772756802,0.03970119713316998,0.012171854008336707,0.02981845239976513,0.0,1.0,1.0,0.05,2.0,2.0,0.0,0.5,1.0,0.0,1.0
poisson_1d,16,32,16,0,1000,7,0.001667022705078125,0.00002193450927734375,0.000335693359375,false,0.6479225628817052,0.9463514752183183,0.0024662183537875137,0.0038063473863585518,0.0025081860605056672,0.0038711201063136923,0.0,1.0,1.0,0.05,2.0,2.0,0.0,0.5,1.0,0.0,1.0
heat,16,16,16,10000,10000,3,94.08532404899597,0.00031280517578125,0.006469249725341797,false,0.00008158569178319693,0.00023101127254118153,0.00006290355628763104,0.7710121090192105,0.002749210983530936,33.6972197383976,0.0,1.0,1.0,0.05,2.0,2.0,0.0,0.5,1.0,0.0,1.0
poisson_2d,32,32,32,10000,10000,5,141.91124296188354,0.0007259845733642578,0.0021419525146484375,false,9.894331215788398e-6,0.000020427006380982493,1.0890152942973804e-6,0.1100645683407718,0.00041476287710914914,41.91924325750481,0.0,1.0,1.0,0.05,2.0,2.0,0.0,0.5,1.0,0.0,1.0
wave,64,64,16,0,100,8,0.0020859241485595703,0.00019693374633789062,0.03401589393615723,false,0.8659381027525055,1.732087654892955,0.0005132651813182683,0.0005927273319961126,0.0002556346352812184,0.0002952112102108082,0.0,1.0,1.0,0.05,2.0,2.0,0.0,0.5,1.0,0.0,1.0
poisson_2d,32,32,32,0,0,0,0.0019729137420654297,0.0007188320159912109,0.0023941993713378906,false,0.4804457647926603,0.9918880305396854,0.000412791342849829,0.0008591840600946329,0.00041476287710914914,0.0008632876122617978,0.0,1.0,1.0,0.05,2.0,2.0,0.0,0.5,1.0,0.0,1.0
wave,256,256,16,0,1000,9,0.0025911331176757812,0.0009491443634033203,0.21343374252319336,false,0.8678367236477328,1.7356866895845182,0.000031208923494872035,0.00003596174561926026,0.000015783443300198566,0.000018187111550035404,0.0,1.0,1.0,0.05,2.0,2.0,0.0,0.5,1.0,0.0,1.0
heat,8,8,16,10000,10000,1,96.57632112503052,0.00012803077697753906,0.002916097640991211,false,0.00005725507407405621,0.00016163488657263715,0.0003856250538959279,6.735211859065454,0.012171854008336707,212.58996176604091,0.0,1.0,1.0,0.05,2.0,2.0,0.0,0.5,1.0,0.0,1.0
poisson_1d,32,32,16,10000,10,5,6.492530107498169,0.000024080276489257812,0.00035309791564941406,false,0.0002907967069607703,0.00041782904305664564,0.000023586686917460614,0.08111057090008396,0.000595948894502332,2.049366035573859,0.0,1.0,1.0,0.05,2.0,2.0,0.0,0.5,1.0,0.0,1.0
wave,128,128,16,0,1,3,0.0020592212677001953,0.00042891502380371094,0.11329293251037598,false,0.863873754743484,1.7278002385703268,0.00012592720712679728,0.00014577038188200275,0.00006338688741085187,0.00007337517439648778,0.0,1.0,1.0,0.05,2.0,2.0,0.0,0.5,1.0,0.0,1.0
wave,32,32,16,10000,10000,1,146.8099720478058,0.00011539459228515625,0.016597986221313477,false,0.00022141959881981927,0.0004430555862172427,0.00003562528469228894,0.16089490217739494,0.0010402908397117996,4.69827804429304,0.0,1.0,1.0,0.05,2.0,2.0,0.0,0.5,1.0,0.0,1.0
poisson_2d,16,32,16,10000,100,0,12.79129695892334,0.00016999244689941406,0.0013048648834228516,false,0.000021599698280827516,0.000046079356332432017,0.000013138639029257302,0.6082788221564507,0.00171723760469867,79.5028514919112,0.0,1.0,1.0,0.05,2.0,2.0,0.0,0.5,1.0,0.0,1.0
poisson_2d,128,32,128,10000,10000,0,145.35425901412964,0.023792028427124023,0.031248807907104492,false,0.00002574061998396077,0.000051886604062157124,1.235286372686512e-7,0.004798976766882196,0.000025298111418601268,0.9828089391112756,0.0,1.0,1.0,0.05,2.0,2.0,0.0,0.5,1.0,0.0,1.0
wave,8,8,16,10000,1000,3,28.13703417778015,0.000028848648071289062,0.004027128219604492,false,0.00034674765952867663,0.000698977580805009,0.0009039763134140817,2.6070148956234283,0.018958173771005418,54.67426599726501,0.0,1.0,1.0,0.05,2.0,2.0,0.0,0.5,1.0,0.0,1.0
poisson_1d,16,32,16,0,100,9,0.0012431144714355469,0.000024080276489257812,0.00040984153747558594,false,0.6960611293953901,1.0166623519263396,0.00253951198860749,0.003648403683758854,0.0025081860605056672,0.003603399119103688,0.0,1.0,1.0,0.05,2.0,2.0,0.0,0.5,1.0,0.0,1.0
drift_diffusion,64,64,16,0,1000,2,0.0027539730072021484,0.0018010139465332031,0.04094076156616211,false,0.8480207697212659,2.387326858381967,0.005052143836628806,0.005957570872101851,0.003851464283566381,0.004541709850847533,0.0,1.0,1.0,0.05,2.0,2.0,0.0,0.5,1.0,0.0,1.0
heat,32,32,16,0,100,3,0.0014603137969970703,0.0005979537963867188,0.011243104934692383,false,0.4268354836162278,1.2099971976648127,0.0008461867532765729,0.001982465811200898,0.0006581365706071615,0.0015418975129042895,0.0,1.0,1.0,0.05,2.0,2.0,0.0,0.5,1.0,0.0,1.0
heat,128,128,16,10000,10000,8,94.29605984687805,0.00450587272644043,0.0747060775756836,false,0.00008095878622845488,0.00022966729558898154,1.272431688212356e-6,0.015717030201269966,0.00003992627534176886,0.4931679092748862,0.0,1.0,1.0,0.05,2.0,2.0,0.0,0.5,1.0,0.0,1.0
poisson_2d,128,32,128,10000,1000,6,27.721116065979004,0.024792909622192383,0.03433394432067871,false,0.000011527547126570813,0.000023236630428363205,8.49572619348815e-8,0.007369934037252328,0.000025298111418601268,2.194578876200824,0.0,1.0,1.0,0.05,2.0,2.0,0.0,0.5,1.0,0.0,1.0
heat,256,256,16,10000,1,8,6.9454638957977295,0.013578176498413086,0.16978883743286133,false,0.43826475722707675,1.2434202232605087,0.000012596094603971637,0.000028740833928029624,9.934186103617024e-6,0.00002266708864858566,0.0,1.0,1.0,0.05,2.0,2.0,0.0,0.5,1.0,0.0,1.0
drift_diffusion,32,32,16,10000,100,1,12.603092908859253,0.0006189346313476562,0.01753091812133789,false,0.10359402281929456,0.28943284491104304,0.051738394958494034,0.49943417149408764,0.015825675346876712,0.1527662978633661,0.0,1.0,1.0,0.05,2.0,2.0,0.0,0.5,1.0,0.0,1.0
drift_diffusion,64,64,16,10000,10000,3,115.92550992965698,0.0015881061553955078,0.03754782676696777,false,0.009076460553870899,0.025551824711112472,0.0007106266337111286,0.0782933644115332,0.003851464283566381,0.42433548415783934,0.0,1.0,1.0,0.05,2.0,2.0,0.0,0.5,1.0,0.0,1.0
poisson_2d,8,32,8,0,1,4,0.002093791961669922,0.00004887580871582031,0.0008800029754638672,false,0.44229911531843497,1.0109694064421366,0.00743906959288553,0.01681909218274095,0.007418007097193637,0.016771471703833304,0.0,1.0,1.0,0.05,2.0,2.0,0.0,0.5,1.0,0.0,1.0
wave,16,16,16,0,100,5,0.001981019973754883,0.00005507469177246094,0.007586956024169922,false,0.8495945071255017,1.7025174973904134,0.009200317273074963,0.010829068686193726,0.004322163832073661,0.005087325536857776,0.0,1.0,1.0,0.05,2.0,2.0,0.0,0.5,1.0,0.0,1.0
poisson_1d,256,32,16,10000,1000,1,17.400676250457764,0.000048160552978515625,0.0005822181701660156,false,5.639356975210981e-6,7.990877571393936e-6,1.956726592984882e-8,0.003469768985278643,8.926404123405047e-6,1.5828762326067864,0.0,1.0,1.0,0.05,2.0,2.0,0.0,0.5,1.0,0.0,1.0
heat,32,32,16,10000,10000,4,92.54381108283997,0.0005803108215332031,0.011282205581665039,false,0.00007196895164107948,0.00020401825327829852,0.000025067390206723804,0.3483083973725781,0.0006581365706071615,9.144729158880594,0.0,1.0,1.0,0.05,2.0,2.0,0.0,0.5,1.0,0.0,1.0
poisson_2d,8,32,8,0,100,6,0.002140045166015625,0.00003790855407714844,0.0006349086761474609,false,0.4389197244415656,1.0032450844378638,0.007415027946661781,0.016893813455514824,0.007418007097193637,0.01690060091656057,0.0,1.0,1.0,0.05,2.0,2.0,0.0,0.5,1.0,0.0,1.0
drift_diffusion,32,32,16,10000,1,7,10.67147707939148,0.0008518695831298828,0.022511005401611328,false,0.6790555718434941,1.8972232244923648,0.020111217649504885,0.029616453326356082,0.015825675346876712,0.023305420061444024,0.0,1.0,1.0,0.05,2.0,2.0,0.0,0.5,1.0,0.0,1.0
poisson_2d,16,32,16,0,100,6,0.002140045166015625,0.00017881393432617188,0.0010917186737060547,false,0.47027178978016726,1.0032464848643565,0.0017166244286267824,0.00365028153066386,0.00171723760469867,0.0036515854066037166,0.0,1.0,1.0,0.05,2.0,2.0,0.0,0.5,1.0,0.0,1.0
poisson_1d,8,32,16,0,100,3,0.0012507438659667969,0.000022172927856445312,0.0004930496215820312,false,0.6525044826341049,0.9864940516598314,0.010976494507705166,0.01682209823815155,0.011214972573078455,0.017187579352412365,0.0,1.0,1.0,0.05,2.0,2.0,0.0,0.5,1.0,0.0,1.0
heat,64,64,16,10000,100,3,9.242278099060059,0.0016591548919677734,0.025777101516723633,false,0.0002065752598952188,0.0005858901263654864,0.000010904773203124475,0.05278837944413298,0.00016125998597565447,0.78063552265345,0.0,1.0,1.0,0.05,2.0,2.0,0.0,0.5,1.0,0.0,1.0
poisson_2d,8,32,8,10000,1,9,9.735986232757568,0.00003981590270996094,0.0006110668182373047,false,0.22755712168271577,0.5201305638462073,0.005521568215597935,0.024264537074329347,0.007418007097193637,0.032598439646009426,0.0,1.0,1.0,0.05,2.0,2.0,0.0,0.5,1.0,0.0,1.0
drift_diffusion,64,64,16,10000,100,7,13.600178241729736,0.0015480518341064453,0.03655219078063965,false,0.10685458740174236,0.3008143615743635,0.009153057194494212,0.08565900086330738,0.003851464283566381,0.03604397693368077,0.0,1.0,1.0,0.05,2.0,2.0,0.0,0.5,1.0,0.0,1.0
heat,16,16,16,10000,0,2,0.0026750564575195312,0.0002598762512207031,0.0055201053619384766,false,0.4256369016554852,1.2051981192144576,0.003588900926176133,0.008431836883074167,0.002749210983530936,0.006459052241095803,0.0,1.0,1.0,0.05,2.0,2.0,0.0,0.5,1.0,0.0,1.0
drift_diffusion,16,16,16,10000,10,7,11.723608016967773,0.00029397010803222656,0.009290933609008789,true,0.7113146916071262,1.959141017214664,0.14959478307942403,0.21030745582019877,0.06769679643284385,0.0951713738400249,0.0,1.0,1.0,0.05,2.0,2.0,0.0,0.5,1.0,0.0,1.0
heat,32,32,16,0,1,4,0.0023589134216308594,0.0005741119384765625,0.01230001449584961,false,0.4309236628285877,1.2215864061078359,0.0008464319363056714,0.001964227099411721,0.0006581365706071615,0.001527269508216712,0.0,1.0,1.0,0.05,2.0,2.0,0.0,0.5,1.0,0.0,1.0
heat,16,16,16,10000,1000,0,19.752707958221436,0.00025177001953125,0.006064176559448242,false,0.00005665031886987185,0.00016040634044961453,0.00008360254809056362,1.47576482812841,0.002749210983530936,48.52948824244284,0.0,1.0,1.0,0.05,2.0,2.0,0.0,0.5,1.0,0.0,1.0
drift_diffusion,128,128,16,0,100,0,0.0019059181213378906,0.004901885986328125,0.11784720420837402,false,0.8542414493821303,2.4142375173275625,0.0012504450678217853,0.0014638075320815062,0.0009525133211054325,0.0011150399243614107,0.0,1.0,1.0,0.05,2.0,2.0,0.0,0.5,1.0,0.0,1.0
drift_diffusion,32,32,16,0,1,5,0.002165079116821289,0.0006499290466308594,0.019321918487548828,false,0.8356341032785797,2.334690257549887,0.020685287033648924,0.024754000527851792,0.015825675346876712,0.018938522595936733,0.0,1.0,1.0,0.05,2.0,2.0,0.0,0.5,1.0,0.0,1.0
poisson_2d,128,32,128,0,10,0,0.001832723617553711,0.0250699520111084,0.03259992599487305,false,0.49206945130276947,0.9918880278229051,0.00002517789269402141,0.00005116735580183272,0.000025298111418601268,0.00005141166831556747,0.0,1.0,1.0,0.05,2.0,2.0,0.0,0.5,1.0,0.0,1.0
wave,16,16,16,10000,10,5,10.62522006034851,0.00006103515625,0.008013010025024414,false,0.3465643059844685,0.6944863578577299,0.044450682067409965,0.12826099312547795,0.004322163832073661,0.012471462748582539,0.0,1.0,1.0,0.05,2.0,2.0,0.0,0.5,1.0,0.0,1.0
wave,8,8,16,0,1000,9,0.0025911331176757812,0.000026226043701171875,0.0033631324768066406,false,0.8298937212614541,1.6729084960546772,0.04337622094047183,0.05226719979823338,0.018958173771005418,0.022844098328866295,0.0,1.0,1.0,0.05,2.0,2.0,0.0,0.5,1.0,0.0,1.0
poisson_2d,128,32,128,0,10000,5,0.008468866348266602,0.033750057220458984,0.03316617012023926,false,0.5047254864470827,1.0173994057515994,0.000025474526949145015,0.00005047204397873388,0.000025298111418601268,0.000050122516294317566,0.0,1.0,1.0,0.05,2.0,2.0,0.0,0.5,1.0,0.0,1.0
poisson_2d,64,32,64,0,1000,3,0.002557992935180664,0.00447392463684082,0.00880575180053711,false,0.4940463224185517,1.0037766550726126,0.00010220676440724848,0.00020687688536351413,0.00010200512199543541,0.0002064687406154145,0.0,1.0,1.0,0.05,2.0,2.0,0.0,0.5,1.0,0.0,1.0
poisson_1d,8,32,16,10000,1,0,6.092587947845459,0.0000209808349609375,0.00032711029052734375,false,0.10082501807269578,0.15243309928796905,0.0029362255982590614,0.029121994266760383,0.011214972573078455,0.11123204128753385,0.0,1.0,1.0,0.05,2.0,2.0,0.0,0.5,1.0,0.0,1.0
poisson_2d,32,32,32,10000,10000,3,142.39120817184448,0.0006978511810302734,0.002374887466430664,false,0.000023028689257404797,0.00004754310040238408,1.0705705822461806e-6,0.046488559130532944,0.00041476287710914914,18.010702757386962,0.0,1.0,1.0,0.05,2.0,2.0,0.0,0.5,1.0,0.0,1.0
drift_diffusion,64,64,16,0,1,0,0.002171754837036133,0.0015370845794677734,0.03831887245178223,false,0.8483757420454889,2.388326167589781,0.00505180265079598,0.005954675977198211,0.003851464283566381,0.00453980953566665,0.0,1.0,1.0,0.05,2.0,2.0,0.0,0.5,1.0,0.0,1.0
poisson_2d,64,32,64,0,10000,1,0.0071430206298828125,0.004241228103637695,0.008459091186523438,false,0.47414746781086364,0.9633472361871512,0.00010034835407670289,0.00021163954442277356,0.00010200512199543541,0.00021513374829647936,0.0,1.0,1.0,0.05,2.0,2.0,0.0,0.5,1.0,0.0,1.0
heat,256,256,16,10000,10,8,7.756907224655151,0.012983083724975586,0.16839599609375,false,0.0860498207900343,0.24413573214337575,8.724436961855242e-6,0.00010138820606196587,9.934186103617024e-6,0.00011544691217727117,0.0,1.0,1.0,0.05,2.0,2.0,0.0,0.5,1.0,0.0,1.0
poisson_1d,256,32,16,0,1000,2,0.0018932819366455078,0.00005412101745605469,0.0009601116180419922,false,0.6500561941985006,0.921119107231576,8.54422827528717e-6,0.000013143830258893142,8.926404123405047e-6,0.000013731742275621308,0.0,1.0,1.0,0.05,2.0,2.0,0.0,0.5,1.0,0.0,1.0
drift_diffusion,64,64,16,10000,10,1,11.380289793014526,0.0015811920166015625,0.03770709037780762,false,0.749928508197147,2.1111799774359628,0.005923863599359289,0.007899237773478505,0.003851464283566381,0.00513577526586558,0.0,1.0,1.0,0.05,2.0,2.0,0.0,0.5,1.0,0.0,1.0
heat,64,64,16,0,0,0,0.006593942642211914,0.0015411376953125,0.024869203567504883,false,0.4328297451613582,1.227594602644858,0.00020562605651650197,0.0004750737647197627,0.00016125998597565447,0.000372571404295555,0.0,1.0,1.0,0.05,2.0,2.0,0.0,0.5,1.0,0.0,1.0
drift_diffusion,256,256,16,0,1,4,0.0020148754119873047,0.013278007507324219,0.25147318840026855,false,0.8569674020929335,2.4267377053048778,0.0003112371937835202,0.0003631844023744653,0.00023700549940490983,0.0002765630277488756,0.0,1.0,1.0,0.05,2.0,2.0,0.0,0.5,1.0,0.0,1.0
drift_diffusion,8,8,16,10000,1000,7,24.57579493522644,0.00013494491577148438,0.0047321319580078125,true,0.002880344536144788,0.0077447773072683145,0.027458462871315693,9.533048052670345,0.26151842143576154,90.79414568431565,0.0,1.0,1.0,0.05,2.0,2.0,0.0,0.5,1.0,0.0,1.0
poisson_2d,64,32,64,0,10000,6,0.006663084030151367,0.004609107971191406,0.009943008422851562,false,0.49378541286945254,1.0032465531315857,0.00010196985357067695,0.00020650641131360396,0.00010200512199543541,0.00020657783591189965,0.0,1.0,1.0,0.05,2.0,2.0,0.0,0.5,1.0,0.0,1.0
wave,16,16,16,0,10000,5,0.007911920547485352,0.000055789947509765625,0.008651971817016602,false,0.8495945071255017,1.7025174973904134,0.009200317273074963,0.010829068686193726,0.004322163832073661,0.005087325536857776,0.0,1.0,1.0,0.05,2.0,2.0,0.0,0.5,1.0,0.0,1.0
wave,16,16,16,10000,10,9,10.718196153640747,0.000049114227294921875,0.007421016693115234,false,0.32557400839589773,0.6524235283311088,0.053502413561529225,0.16433257011250824,0.004322163832073661,0.013275518685809562,0.0,1.0,1.0,0.05,2.0,2.0,0.0,0.5,1.0,0.0,1.0
poisson_1d,64,32,16,0,1000,0,0.0019330978393554688,0.000029325485229492188,0.00043892860412597656,false,0.7042261065520165,1.0037991670626303,0.00014711738143711805,0.00020890645783841222,0.00014539741646764722,0.00020646411019826014,0.0,1.0,1.0,0.05,2.0,2.0,0.0,0.5,1.0,0.0,1.0
poisson_1d,16,32,16,10000,10000,2,83.28573513031006,0.00002193450927734375,0.00036406517028808594,false,7.319278635716689e-6,0.000010690490702527114,2.406040490702863e-6,0.3287264511189627,0.0025081860605056672,342.68213922502247,0.0,1.0,1.0,0.05,2.0,2.0,0.0,0.5,1.0,0.0,1.0
wave,64,64,16,10000,1000,3,28.13703417778015,0.00019407272338867188,0.03489828109741211,false,0.00033544336929987187,0.0006709686489521152,7.05608802335789e-6,0.021035109556891998,0.0002556346352812184,0.7620798581134447,0.0,1.0,1.0,0.05,2.0,2.0,0.0,0.5,1.0,0.0,1.0
poisson_1d,32,32,16,0,10000,7,0.003520965576171875,0.000030040740966796875,0.0003998279571533203,false,0.6586326087342733,0.9463512689312145,0.0005859543317298757,0.0008896527805629498,0.000595948894502332,0.000904827496542566,0.0,1.0,1.0,0.05,2.0,2.0,0.0,0.5,1.0,0.0,1.0
wave,16,16,16,10000,1000,0,28.052139043807983,0.00005221366882324219,0.007174968719482422,false,0.0012254444416285018,0.002455689845513745,0.00019884842718676283,0.1622663749019054,0.004322163832073661,3.5270173703913943,0.0,1.0,1.0,0.05,2.0,2.0,0.0,0.5,1.0,0.0,1.0
poisson_1d,128,32,16,10000,1000,1,17.400676250457764,0.00003600120544433594,0.0005497932434082031,false,5.628287641937966e-6,7.990876281503876e-6,7.849033569151534e-8,0.013945686625052182,0.00003591751011898671,6.381605277370156,0.0,1.0,1.0,0.05,2.0,2.0,0.0,0.5,1.0,0.0,1.0
drift_diffusion,32,32,16,10000,10000,1,114.46297287940979,0.0006787776947021484,0.019122838973999023,false,0.007106433056345933,0.019854766526983376,0.0026210741993077376,0.36883119541485343,0.015825675346876712,2.226950598337715,0.0,1.0,1.0,0.05,2.0,2.0,0.0,0.5,1.0,0.0,1.0
wave,8,8,16,0,10000,9,0.008026123046875,0.000030040740966796875,0.0037000179290771484,false,0.8298937212614541,1.6729084960546772,0.04337622094047183,0.05226719979823338,0.018958173771005418,0.022844098328866295,0.0,1.0,1.0,0.05,2.0,2.0,0.0,0.5,1.0,0.0,1.0
wave,128,128,16,0,10,3,0.0021619796752929688,0.0004279613494873047,0.08859586715698242,false,0.863873754743484,1.7278002385703268,0.00012592720712679728,0.00014577038188200275,0.00006338688741085187,0.00007337517439648778,0.0,1.0,1.0,0.05,2.0,2.0,0.0,0.5,1.0,0.0,1.0
poisson_1d,16,32,16,10000,10000,9,84.43089294433594,0.000025272369384765625,0.0004918575286865234,false,0.000020173034729074286,0.00002946460313186427,2.476112385038405e-6,0.12274367333822342,0.0025081860605056672,124.3336014723815,0.0,1.0,1.0,0.05,2.0,2.0,0.0,0.5,1.0,0.0,1.0
heat,16,16,16,10000,1000,2,19.523204803466797,0.00025582313537597656,0.006183147430419922,false,0.00007910768311761225,0.0002239947488996833,0.00008812011100075946,1.1139260755448583,0.002749210983530936,34.75276831758692,0.0,1.0,1.0,0.05,2.0,2.0,0.0,0.5,1.0,0.0,1.0
poisson_2d,256,32,256,10000,1,8,9.519500970840454,0.13222193717956543,0.17259693145751953,false,0.2832479402510876,0.5687174329747327,5.227217749029419e-6,0.000018454565792766943,6.299580846651019e-6,0.000022240517763577374,0.0,1.0,1.0,0.05,2.0,2.0,0.0,0.5,1.0,0.0,1.0
drift_diffusion,8,8,16,0,1000,4,0.0027730464935302734,0.00013589859008789062,0.004601001739501953,true,0.7642315281948454,2.0548941013093094,0.3607045288637471,0.4719833133759214,0.26151842143576154,0.34219789656346894,0.0,1.0,1.0,0.05,2.0,2.0,0.0,0.5,1.0,0.0,1.0
heat,8,8,16,0,1000,7,0.002293825149536133,0.00012111663818359375,0.002763986587524414,false,0.42462565832198185,1.1987465081248572,0.016202877441043467,0.038158027249397326,0.012171854008336707,0.028664904651397975,0.0,1.0,1.0,0.05,2.0,2.0,0.0,0.5,1.0,0.0,1.0
poisson_1d,32,32,16,0,1,8,0.0013718605041503906,0.000026226043701171875,0.00035500526428222656,false,0.6901225901090229,0.9915974098562498,0.0005936748011121175,0.0008602454254081597,0.000595948894502332,0.0008635406274821206,0.0,1.0,1.0,0.05,2.0,2.0,0.0,0.5,1.0,0.0,1.0
poisson_1d,32,32,16,0,1000,2,0.0018932819366455078,0.000023126602172851562,0.0004229545593261719,false,0.6410717724441097,0.9211191144853138,0.0005704339758012831,0.0008898129668484426,0.000595948894502332,0.00092961337578514,0.0,1.0,1.0,0.05,2.0,2.0,0.0,0.5,1.0,0.0,1.0
drift_diffusion,8,8,16,0,10000,6,0.006406068801879883,0.00017905235290527344,0.005010128021240234,true,0.7675037332079018,2.0636925276127713,0.36089106098609325,0.47021407893052536,0.26151842143576154,0.3407389568552382,0.0,1.0,1.0,0.05,2.0,2.0,0.0,0.5,1.0,0.0,1.0
poisson_2d,16,32,16,0,0,1,0.0019121170043945312,0.00017404556274414062,0.0010592937469482422,false,0.4515691583905739,0.9633475378998906,0.0016893226973963493,0.0037410054827863373,0.00171723760469867,0.0038028230511114453,0.0,1.0,1.0,0.05,2.0,2.0,0.0,0.5,1.0,0.0,1.0
drift_diffusion,64,64,16,0,1000,3,0.002393960952758789,0.0015540122985839844,0.0385279655456543,false,0.8454084174706576,2.379972629671883,0.005050248664883527,0.005973738326373844,0.003851464283566381,0.004555743950467653,0.0,1.0,1.0,0.05,2.0,2.0,0.0,0.5,1.0,0.0,1.0
wave,16,16,16,0,10,9,0.0020558834075927734,0.00004982948303222656,0.007338047027587891,false,0.8502327949405885,1.7037965736608487,0.009202177828339445,0.010823127363585714,0.004322163832073661,0.005083506373540531,0.0,1.0,1.0,0.05,2.0,2.0,0.0,0.5,1.0,0.0,1.0
heat,64,64,16,10000,100,1,9.324801683425903,0.0014417171478271484,0.024015188217163086,false,0.00023186826643149832,0.0006576263197664797,0.000013746582330819142,0.05928617375019025,0.00016125998597565447,0.6954810524847157,0.0,1.0,1.0,0.05,2.0,2.0,0.0,0.5,1.0,0.0,1.0
poisson_2d,16,32,16,0,10000,7,0.006856203079223633,0.00026535987854003906,0.0013608932495117188,false,0.49139771648705266,1.048315128505712,0.0017423642113248044,0.003545731192608649,0.00171723760469867,0.003494598259379407,0.0,1.0,1.0,0.05,2.0,2.0,0.0,0.5,1.0,0.0,1.0
poisson_1d,128,32,16,10000,1000,0,17.56595492362976,0.00003886222839355469,0.0006000995635986328,false,0.00105965913179272,0.0015044726853735962,5.3678203105721426e-8,0.00005065610392551815,0.00003591751011898671,0.03389534336217955,0.0,1.0,1.0,0.05,2.0,2.0,0.0,0.5,1.0,0.0,1.0
poisson_2d,8,32,8,10000,1000,9,27.943398237228394,0.00004601478576660156,0.0007050037384033203,false,7.1074886579710775e-6,0.000016245688361076742,0.00002093189704867406,2.9450482520157593,0.007418007097193637,1043.688910958717,0.0,1.0,1.0,0.05,2.0,2.0,0.0,0.5,1.0,0.0,1.0
drift_diffusion,8,8,16,10000,10000,7,115.06130599975586,0.0001418590545654297,0.004662990570068359,true,0.0033439796221379895,0.008991416536636201,0.027425972301215126,8.201596720161643,0.26151842143576154,78.20574614284003,0.0,1.0,1.0,0.05,2.0,2.0,0.0,0.5,1.0,0.0,1.0
poisson_2d,8,32,8,0,10000,5,0.008468866348266602,0.00004696846008300781,0.000766754150390625,false,0.44511064311566406,1.0173957556929458,0.007469581771253386,0.016781404549143477,0.007418007097193637,0.016665535214501783,0.0,1.0,1.0,0.05,2.0,2.0,0.0,0.5,1.0,0.0,1.0
drift_diffusion,8,8,16,0,10000,4,0.005850076675415039,0.00018715858459472656,0.005166053771972656,true,0.7642315281948454,2.0548941013093094,0.3607045288637471,0.4719833133759214,0.26151842143576154,0.34219789656346894,0.0,1.0,1.0,0.05,2.0,2.0,0.0,0.5,1.0,0.0,1.0
drift_diffusion,64,64,16,10000,1000,2,24.995678901672363,0.0017490386962890625,0.041162967681884766,false,0.007820878841713829,0.02201714248238472,0.0006044959541594159,0.07729258647189859,0.003851464283566381,0.49245926979765625,0.0,1.0,1.0,0.05,2.0,2.0,0.0,0.5,1.0,0.0,1.0
drift_diffusion,64,64,16,0,100,5,0.0020170211791992188,0.0016908645629882812,0.04107809066772461,false,0.8473213248849515,2.385357798774808,0.005051769123002658,0.00596204648064131,0.003851464283566381,0.004545458930930753,0.0,1.0,1.0,0.05,2.0,2.0,0.0,0.5,1.0,0.0,1.0
heat,8,8,16,10000,10,3,7.890196800231934,0.00012111663818359375,0.002747058868408203,false,0.09727665376050258,0.27461847095695535,0.010941083809869504,0.11247389159588794,0.012171854008336707,0.12512615861873794,0.0,1.0,1.0,0.05,2.0,2.0,0.0,0.5,1.0,0.0,1.0
poisson_1d,256,32,16,0,10000,9,0.004002809524536133,0.000050067901611328125,0.0005781650543212891,false,0.7174834172540692,1.0166623911174062,9.03778868723536e-6,0.00001259651229546811,8.926404123405047e-6,0.000012441268897290908,0.0,1.0,1.0,0.05,2.0,2.0,0.0,0.5,1.0,0.0,1.0
heat,16,16,16,0,1,7,0.002393007278442383,0.0002598762512207031,0.00566411018371582,false,0.4388354852153093,1.2425701328268255,0.0035847309416849114,0.008168735351759682,0.002749210983530936,0.0062647873204284485,0.0,1.0,1.0,0.05,2.0,2.0,0.0,0.5,1.0,0.0,1.0
wave,128,128,16,10000,1000,0,28.052139043807983,0.00043129920959472656,0.09611868858337402,false,0.001215160522981984,0.0024303952168716484,2.7016875036845767e-6,0.00222331737460863,0.00006338688741085187,0.05216338599882777,0.0,1.0,1.0,0.05,2.0,2.0,0.0,0.5,1.0,0.0,1.0
drift_diffusion,256,256,16,0,1000,4,0.0027730464935302734,0.012604951858520508,0.21804308891296387,false,0.8569674020929335,2.4267377053048778,0.0003112371937835202,0.0003631844023744653,0.00023700549940490983,0.0002765630277488756,0.0,1.0,1.0,0.05,2.0,2.0,0.0,0.5,1.0,0.0,1.0
drift_diffusion,128,128,16,10000,1,9,10.654066801071167,0.004209280014038086,0.10729718208312988,false,0.6124391761217833,1.7308614995723268,0.001225378976803198,0.0020008174273938536,0.0009525133211054325,0.001555278235362307,0.0,1.0,1.0,0.05,2.0,2.0,0.0,0.5,1.0,0.0,1.0
poisson_2d,8,32,8,0,100,7,0.0018939971923828125,0.000047206878662109375,0.0006740093231201172,false,0.45863282348591244,1.048303596539228,0.007526122098231549,0.016409907256589373,0.007418007097193637,0.016174174017489374,0.0,1.0,1.0,0.05,2.0,2.0,0.0,0.5,1.0,0.0,1.0
poisson_1d,128,32,16,0,100,5,0.0012021064758300781,0.00005507469177246094,0.0006098747253417969,false,0.7133948086786644,1.0128568436234813,0.000036050866240156274,0.00005053424247217184,0.00003591751011898671,0.00005034731074860553,0.0,1.0,1.0,0.05,2.0,2.0,0.0,0.5,1.0,0.0,1.0
wave,256,256,16,0,1,3,0.0020592212677001953,0.0009191036224365234,0.20753002166748047,false,0.865009597604522,1.730032394359083,0.00003119623983165626,0.00003606461699158975,0.000015783443300198566,0.000018246552805781322,0.0,1.0,1.0,0.05,2.0,2.0,0.0,0.5,1.0,0.0,1.0
poisson_1d,64,32,16,10000,10,3,6.66196608543396,0.000029087066650390625,0.000392913818359375,false,0.00013306436727029635,0.0001896690562717352,3.57148242229063e-6,0.026840261563286297,0.00014539741646764722,1.0926848370472408,0.0,1.0,1.0,0.05,2.0,2.0,0.0,0.5,1.0,0.0,1.0
poisson_2d,32,32,32,10000,100,8,12.465276002883911,0.0006737709045410156,0.0019741058349609375,false,0.00023145275471455728,0.00047783794521715037,2.76663683616784e-6,0.011953354539152678,0.00041476287710914914,1.7919980154070005,0.0,1.0,1.0,0.05,2.0,2.0,0.0,0.5,1.0,0.0,1.0
heat,16,16,16,10000,10,7,7.647174119949341,0.0002701282501220703,0.005505800247192383,false,0.11290239013543624,0.3196850360408387,0.004240270792357543,0.03755696214465403,0.002749210983530936,0.024350334658398427,0.0,1.0,1.0,0.05,2.0,2.0,0.0,0.5,1.0,0.0,1.0
heat,64,64,16,10000,1000,9,19.660496950149536,0.001451730728149414,0.024081945419311523,false,0.0006051749385085608,0.0017164011865498934,7.098882898026077e-6,0.01173029887113292,0.00016125998597565447,0.2664683808173703,0.0,1.0,1.0,0.05,2.0,2.0,0.0,0.5,1.0,0.0,1.0
drift_diffusion,8,8,16,10000,100,0,12.665422916412354,0.00013828277587890625,0.00864100456237793,true,0.1311486362855464,0.3526373214861918,0.21327324925636135,1.6261949441243677,0.26151842143576154,1.9940613096911224,0.0,1.0,1.0,0.05,2.0,2.0,0.0,0.5,1.0,0.0,1.0
poisson_1d,32,32,16,0,1000,6,0.0016338825225830078,0.000023126602172851562,0.0003788471221923828,false,0.6481801681524192,0.9313327589502478,0.0005741552431556212,0.0008857957576705877,0.000595948894502332,0.0009194185872749425,0.0,1.0,1.0,0.05,2.0,2.0,0.0,0.5,1.0,0.0,1.0
drift_diffusion,256,256,16,10000,1,3,10.762067794799805,0.011886119842529297,0.21355509757995605,false,0.706842101607815,2.0016168356922037,0.00030246266233433254,0.0004279069705190696,0.00023700549940490983,0.000335301899626248,0.0,1.0,1.0,0.05,2.0,2.0,0.0,0.5,1.0,0.0,1.0
drift_diffusion,128,128,16,0,10000,3,0.006175041198730469,0.004263877868652344,0.09761214256286621,false,0.8512570124427743,2.4058029703592516,0.00125006130453815,0.0014684887011396984,0.0009525133211054325,0.0011189491624534077,0.0,1.0,1.0,0.05,2.0,2.0,0.0,0.5,1.0,0.0,1.0
wave,128,128,16,10000,1,9,10.00851821899414,0.0003991127014160156,0.08865094184875488,false,0.865829137327274,1.7317111230904518,0.00012597594777603662,0.00014549746866328786,0.00006338688741085187,0.00007320946440601515,0.0,1.0,1.0,0.05,2.0,2.0,0.0,0.5,1.0,0.0,1.0
poisson_1d,32,32,16,0,10000,3,0.003840923309326172,0.000030994415283203125,0.00037789344787597656,false,0.6865717621514653,0.9864954296341518,0.0005833555639625343,0.000849664370312159,0.000595948894502332,0.0008680067071719431,0.0,1.0,1.0,0.05,2.0,2.0,0.0,0.5,1.0,0.0,1.0
heat,64,64,16,10000,1000,5,19.93030095100403,0.0014998912811279297,0.023926973342895508,false,0.00013989084943130122,0.00039675935778685803,5.525523176771765e-6,0.03949881782282933,0.00016125998597565447,1.1527557851790164,0.0,1.0,1.0,0.05,2.0,2.0,0.0,0.5,1.0,0.0,1.0
drift_diffusion,8,8,16,0,10000,0,0.006006956100463867,0.00016498565673828125,0.0052890777587890625,true,0.7639833189000266,2.054226706943864,0.3606642826722959,0.47208397585378653,0.26151842143576154,0.34230907268013705,0.0,1.0,1.0,0.05,2.0,2.0,0.0,0.5,1.0,0.0,1.0
drift_diffusion,32,32,16,0,10,5,0.0018281936645507812,0.0006568431854248047,0.018737077713012695,false,0.8356341032785797,2.334690257549887,0.020685287033648924,0.024754000527851792,0.015825675346876712,0.018938522595936733,0.0,1.0,1.0,0.05,2.0,2.0,0.0,0.5,1.0,0.0,1.0
wave,128,128,16,10000,1000,8,28.285916090011597,0.0003910064697265625,0.08672189712524414,false,0.0030693674756988956,0.006138922299297408,2.7016591472814797e-6,0.0008802006174468319,0.00006338688741085187,0.02065144949658287,0.0,1.0,1.0,0.05,2.0,2.0,0.0,0.5,1.0,0.0,1.0
poisson_2d,256,32,256,0,0,0,0.0019729137420654297,0.13633084297180176,0.20859909057617188,false,0.4940067326025895,0.9918880278138263,6.269645110606382e-6,0.000012691416324582935,6.299580846651019e-6,0.000012752014154671051,0.0,1.0,1.0,0.05,2.0,2.0,0.0,0.5,1.0,0.0,1.0
drift_diffusion,128,128,16,0,0,0,0.002087831497192383,0.004533052444458008,0.11047077178955078,false,0.8542414493821303,2.4142375173275625,0.0012504450678217853,0.0014638075320815062,0.0009525133211054325,0.0011150399243614107,0.0,1.0,1.0,0.05,2.0,2.0,0.0,0.5,1.0,0.0,1.0
poisson_2d,16,32,16,10000,1,1,9.617444038391113,0.00017595291137695312,0.0011649131774902344,false,0.2709620390063659,0.578052349880247,0.0015282619926151467,0.0056401332017554,0.00171723760469867,0.006337557877095563,0.0,1.0,1.0,0.05,2.0,2.0,0.0,0.5,1.0,0.0,1.0
poisson_1d,64,32,16,10000,1000,9,17.35962224006653,0.000029087066650390625,0.0003581047058105469,false,4.449844032180672e-6,6.342777825905047e-6,2.3390206721009184e-7,0.052564104609799184,0.00014539741646764722,32.67472194820431,0.0,1.0,1.0,0.05,2.0,2.0,0.0,0.5,1.0,0.0,1.0
poisson_2d,16,32,16,10000,1,4,9.703067064285278,0.00017714500427246094,0.0012509822845458984,false,0.08311826510341144,0.17731896555394436,0.0010182471461843282,0.012250582286787106,0.00171723760469867,0.020660171414335585,0.0,1.0,1.0,0.05,2.0,2.0,0.0,0.5,1.0,0.0,1.0
poisson_2d,16,32,16,10000,1000,9,27.943398237228394,0.00011897087097167969,0.0009958744049072266,false,9.182674930980255e-6,0.000019589706519424537,4.05579394579723e-6,0.44167891994844943,0.00171723760469867,187.0084281091559,0.0,1.0,1.0,0.05,2.0,2.0,0.0,0.5,1.0,0.0,1.0
wave,32,32,16,10000,10000,8,143.98807382583618,0.0001010894775390625,0.017010927200317383,false,0.00031376961049833096,0.0006278458612402223,0.00005417091962510233,0.1726455265666119,0.0010402908397117996,3.315460786846984,0.0,1.0,1.0,0.05,2.0,2.0,0.0,0.5,1.0,0.0,1.0
poisson_1d,64,32,16,10000,1000,6,17.207457065582275,0.000029802322387695312,0.0003838539123535156,false,4.7160762419600425e-6,6.722263431359573e-6,1.7773550572852078e-7,0.037687156993645984,0.00014539741646764722,30.830166648055666,0.0,1.0,1.0,0.05,2.0,2.0,0.0,0.5,1.0,0.0,1.0
drift_diffusion,64,64,16,0,1000,6,0.0024912357330322266,0.0017480850219726562,0.04146909713745117,false,0.8519169591817627,2.3982953134912046,0.005054898288003975,0.0059335575299017795,0.003851464283566381,0.004520938622076007,0.0,1.0,1.0,0.05,2.0,2.0,0.0,0.5,1.0,0.0,1.0
wave,32,32,16,0,1000,6,0.0028700828552246094,0.00008702278137207031,0.01634812355041504,false,0.8626430793175465,1.726129201030204,0.0021310576426651546,0.0024703816604557645,0.0010402908397117996,0.0012059342556075376,0.0,1.0,1.0,0.05,2.0,2.0,0.0,0.5,1.0,0.0,1.0
poisson_1d,32,32,16,0,10000,6,0.003688812255859375,0.000028133392333984375,0.0005781650543212891,false,0.6481801681524192,0.9313327589502478,0.0005741552431556212,0.0008857957576705877,0.000595948894502332,0.0009194185872749425,0.0,1.0,1.0,0.05,2.0,2.0,0.0,0.5,1.0,0.0,1.0
heat,8,8,16,10000,100,9,9.077844142913818,0.0001342296600341797,0.003287076950073242,false,0.0017421531071229739,0.004918214226703558,0.000780500663063345,0.4480092248334214,0.012171854008336707,6.986672961503854,0.0,1.0,1.0,0.05,2.0,2.0,0.0,0.5,1.0,0.0,1.0
heat,64,64,16,10000,10000,6,93.10778307914734,0.0015921592712402344,0.026494979858398438,false,0.000158900443359107,0.00045067449454702966,7.0170988845754436e-6,0.04416034805335777,0.00016125998597565447,1.0148491883758533,0.0,1.0,1.0,0.05,2.0,2.0,0.0,0.5,1.0,0.0,1.0
poisson_1d,8,32,16,10000,100,5,7.724610090255737,0.000022172927856445312,0.0003719329833984375,false,0.00011264033890515124,0.00017029618533546492,0.000010143200009653848,0.09004944505880723,0.011214972573078455,99.56444273939962,0.0,1.0,1.0,0.05,2.0,2.0,0.0,0.5,1.0,0.0,1.0
wave,256,256,16,0,10,7,0.0018851757049560547,0.0009279251098632812,0.20360183715820312,false,0.8753425443230333,1.7506984454661643,0.0000312142789808559,0.00003565950173825516,0.000015783443300198566,0.000018031162089128273,0.0,1.0,1.0,0.05,2.0,2.0,0.0,0.5,1.0,0.0,1.0
poisson_1d,64,32,16,0,10,8,0.0011990070343017578,0.00003409385681152344,0.0004191398620605469,false,0.6956658312224681,0.9915974080456309,0.0001448424718638863,0.00020820696570558872,0.00014539741646764722,0.00020900468291240587,0.0,1.0,1.0,0.05,2.0,2.0,0.0,0.5,1.0,0.0,1.0
poisson_1d,8,32,16,10000,10000,8,83.62364268302917,0.0000209808349609375,0.0003619194030761719,false,3.037477144043854e-6,4.59223379210443e-6,5.087256928982302e-6,1.6748296983206439,0.011214972573078455,3692.199822705009,0.0,1.0,1.0,0.05,2.0,2.0,0.0,0.5,1.0,0.0,1.0
heat,8,8,16,0,10,9,0.0016367435455322266,0.00012493133544921875,0.0029859542846679688,false,0.4095528586159714,1.1561949908975477,0.016224550152005947,0.0396152775171308,0.012171854008336707,0.02971986094656949,0.0,1.0,1.0,0.05,2.0,2.0,0.0,0.5,1.0,0.0,1.0
poisson_1d,8,32,16,0,10000,9,0.004002809524536133,0.000023126602172851562,0.0005588531494140625,false,0.6724584158077347,1.0166615630055607,0.01135552097328677,0.01688657723116885,0.011214972573078455,0.016677570403528075,0.0,1.0,1.0,0.05,2.0,2.0,0.0,0.5,1.0,0.0,1.0
heat,64,64,16,0,100,1,0.0015609264373779297,0.001444101333618164,0.024986982345581055,false,0.4368275045089558,1.238933074301778,0.00020572587534186074,0.00047095449168916263,0.00016125998597565447,0.0003691617041306251,0.0,1.0,1.0,0.05,2.0,2.0,0.0,0.5,1.0,0.0,1.0
poisson_1d,256,32,16,10000,1,5,5.947137117385864,0.00004887580871582031,0.0005612373352050781,false,0.09824718963104948,0.13921467775958066,2.1489122391745975e-6,0.000021872505943879596,8.926404123405047e-6,0.00009085658487460683,0.0,1.0,1.0,0.05,2.0,2.0,0.0,0.5,1.0,0.0,1.0
wave,16,16,16,10000,1000,7,27.49932074546814,0.00005793571472167969,0.007256984710693359,false,0.0021262302832797926,0.004260790565858126,0.00023753856431770392,0.11171817379596358,0.004322163832073661,2.0327825570268674,0.0,1.0,1.0,0.05,2.0,2.0,0.0,0.5,1.0,0.0,1.0
wave,128,128,16,0,10000,9,0.008026123046875,0.0004069805145263672,0.09490489959716797,false,0.866705221416364,1.733463344743009,0.00012597875915493678,0.00014535364047889675,0.00006338688741085187,0.00007313546272083769,0.0,1.0,1.0,0.05,2.0,2.0,0.0,0.5,1.0,0.0,1.0
drift_diffusion,32,32,16,10000,1,9,10.654066801071167,0.0006158351898193359,0.018159866333007812,false,0.5999382570749366,1.6761762096937365,0.020307364230630346,0.03384909028745904,0.015825675346876712,0.026378840089372677,0.0,1.0,1.0,0.05,2.0,2.0,0.0,0.5,1.0,0.0,1.0
heat,8,8,16,0,10000,2,0.006754875183105469,0.0001251697540283203,0.003593921661376953,false,0.4115326042369817,1.1617839446116025,0.016221976957046684,0.03941844896377938,0.012171854008336707,0.029576888642649377,0.0,1.0,1.0,0.05,2.0,2.0,0.0,0.5,1.0,0.0,1.0
poisson_1d,128,32,16,10000,100,2,7.93609094619751,0.0000438690185546875,0.0005240440368652344,false,4.9132287273917065e-6,6.9756567896020454e-6,6.958617525722838e-8,0.01416302377047148,0.00003591751011898671,7.3103680107568,0.0,1.0,1.0,0.05,2.0,2.0,0.0,0.5,1.0,0.0,1.0
heat,256,256,16,0,1000,3,0.00232696533203125,0.011692047119140625,0.16082096099853516,false,0.4328711140033945,1.2281176807886676,0.00001258978932823484,0.00002908438313612238,9.934186103617024e-6,0.0000229495241937976,0.0,1.0,1.0,0.05,2.0,2.0,0.0,0.5,1.0,0.0,1.0
heat,64,64,16,10000,10,9,7.7358598709106445,0.0014998912811279297,0.025256872177124023,false,0.09846101922972934,0.2792557977554595,0.0002270312138329908,0.002305797924996908,0.00016125998597565447,0.0016378053694467896,0.0,1.0,1.0,0.05,2.0,2.0,0.0,0.5,1.0,0.0,1.0
heat,8,8,16,10000,10000,8,94.29605984687805,0.00012731552124023438,0.003050088882446289,false,0.00005952095339317976,0.0001680316147693399,0.00044104143450098536,7.409851646475498,0.012171854008336707,204.49695971622285,0.0,1.0,1.0,0.05,2.0,2.0,0.0,0.5,1.0,0.0,1.0
drift_diffusion,256,256,16,10000,100,5,12.740617990493774,0.011678934097290039,0.2151470184326172,false,0.14086529618422408,0.3988986334653192,0.0004463791977604871,0.0031688372498554266,0.00023700549940490983,0.0016824974342506127,0.0,1.0,1.0,0.05,2.0,2.0,0.0,0.5,1.0,0.0,1.0
drift_diffusion,256,256,16,0,10000,8,0.006031036376953125,0.013531923294067383,0.22268891334533691,false,0.8587672072618118,2.4318343461512533,0.0003112989335592351,0.00036249513363675705,0.00023700549940490983,0.00027598340667968016,0.0,1.0,1.0,0.05,2.0,2.0,0.0,0.5,1.0,0.0,1.0
poisson_1d,8,32,16,10000,10,0,6.966620922088623,0.000022172927856445312,0.0004999637603759766,false,0.000451619673901453,0.0006827847681870467,0.0002792753153885976,0.6183860702434232,0.011214972573078455,24.832781256387797,0.0,1.0,1.0,0.05,2.0,2.0,0.0,0.5,1.0,0.0,1.0
wave,64,64,16,0,10,3,0.0021619796752929688,0.0002262592315673828,0.03754019737243652,false,0.8615842967213295,1.7233789796950076,0.0005130337230707849,0.0005954538923505011,0.0002556346352812184,0.00029670298803496036,0.0,1.0,1.0,0.05,2.0,2.0,0.0,0.5,1.0,0.0,1.0
drift_diffusion,256,256,16,0,1000,6,0.0024912357330322266,0.012602806091308594,0.22912192344665527,false,0.8607279328984274,2.4373866773373782,0.0003113890771896917,0.00036177410455486865,0.00023700549940490983,0.00027535472051756717,0.0,1.0,1.0,0.05,2.0,2.0,0.0,0.5,1.0,0.0,1.0
drift_diffusion,256,256,16,0,1,0,0.002171754837036133,0.012446880340576172,0.2255258560180664,false,0.8571739734425506,2.427322668608881,0.0003111979831126793,0.0003630511340222538,0.00023700549940490983,0.00027649637850418746,0.0,1.0,1.0,0.05,2.0,2.0,0.0,0.5,1.0,0.0,1.0
drift_diffusion,16,16,16,10000,1000,8,23.956300735473633,0.0003039836883544922,0.009331226348876953,true,0.006293844537785267,0.017334843685132245,0.009843760037289791,1.564029740199707,0.06769679643284385,10.756032505477886,0.0,1.0,1.0,0.05,2.0,2.0,0.0,0.5,1.0,0.0,1.0
heat,8,8,16,0,10,5,0.001634836196899414,0.0001270771026611328,0.002850055694580078,false,0.40941282352252856,1.155799662504198,0.016211917063866533,0.0395979708803001,0.012171854008336707,0.029730026293782977,0.0,1.0,1.0,0.05,2.0,2.0,0.0,0.5,1.0,0.0,1.0
wave,16,16,16,0,1,2,0.002025127410888672,0.00005817413330078125,0.008816003799438477,false,0.8509684658700515,1.7052707976809285,0.009203228280248403,0.010815005078759047,0.004322163832073661,0.005079111630364084,0.0,1.0,1.0,0.05,2.0,2.0,0.0,0.5,1.0,0.0,1.0
wave,32,32,16,0,1000,3,0.002979278564453125,0.0001049041748046875,0.01689291000366211,false,0.8569336233662993,1.7147047094000851,0.0021298921188067374,0.0024854808595791405,0.0010402908397117996,0.0012139689835313225,0.0,1.0,1.0,0.05,2.0,2.0,0.0,0.5,1.0,0.0,1.0
wave,16,16,16,0,10000,8,0.0073490142822265625,0.00006198883056640625,0.008873939514160156,false,0.8517249237426413,1.7067866770249231,0.009202382551520564,0.010804406792610393,0.004322163832073661,0.005074600627020811,0.0,1.0,1.0,0.05,2.0,2.0,0.0,0.5,1.0,0.0,1.0
drift_diffusion,64,64,16,10000,0,1,0.003513813018798828,0.0015571117401123047,0.03798198699951172,false,0.8515617030136636,2.397295205213211,0.00505052668417155,0.005930899271653262,0.003851464283566381,0.004522824676046502,0.0,1.0,1.0,0.05,2.0,2.0,0.0,0.5,1.0,0.0,1.0
wave,128,128,16,10000,1,7,9.643846273422241,0.00044798851013183594,0.09248900413513184,false,0.8664970344121375,1.733046958027248,0.00012595818832097382,0.00014536482332732774,0.00006338688741085187,0.00007315303445193644,0.0,1.0,1.0,0.05,2.0,2.0,0.0,0.5,1.0,0.0,1.0
heat,32,32,16,10000,10000,7,94.02420806884766,0.0005891323089599609,0.012590885162353516,false,0.0018824512018023,0.0053363901698704605,0.00002731386502601517,0.014509733373095052,0.0006581365706071615,0.3496168028031814,0.0,1.0,1.0,0.05,2.0,2.0,0.0,0.5,1.0,0.0,1.0
poisson_1d,8,32,16,10000,10,4,6.544991970062256,0.00002002716064453125,0.00037407875061035156,false,0.0002650256396879662,0.0004006811049543818,0.0003140969984852895,1.185157024259917,0.011214972573078455,42.31655694248458,0.0,1.0,1.0,0.05,2.0,2.0,0.0,0.5,1.0,0.0,1.0
heat,256,256,16,0,100,4,0.0016529560089111328,0.012379169464111328,0.17729687690734863,false,0.43699838857629175,1.2398273530501547,0.00001259335453994713,0.000028817851207587606,9.934186103617024e-6,0.000022732775139015642,0.0,1.0,1.0,0.05,2.0,2.0,0.0,0.5,1.0,0.0,1.0
poisson_1d,16,32,16,0,1,1,0.0014216899871826172,0.000024080276489257812,0.00045299530029296875,false,0.7144137272199101,1.0434680367724993,0.0025830743897129332,0.003615656154543365,0.0025081860605056672,0.0035108312801688363,0.0,1.0,1.0,0.05,2.0,2.0,0.0,0.5,1.0,0.0,1.0
drift_diffusion,16,16,16,10000,10,8,11.110510110855103,0.00030303001403808594,0.009262800216674805,true,0.7442021625316815,2.049721450883448,0.244570900349625,0.32863503045681264,0.06769679643284385,0.09096560026451403,0.0,1.0,1.0,0.05,2.0,2.0,0.0,0.5,1.0,0.0,1.0
poisson_1d,32,32,16,0,1000,1,0.0017862319946289062,0.00002193450927734375,0.00033473968505859375,false,0.7262231157763497,1.0434681763826943,0.00061373528032508,0.0008451056803238526,0.000595948894502332,0.0008206140531140329,0.0,1.0,1.0,0.05,2.0,2.0,0.0,0.5,1.0,0.0,1.0
poisson_1d,32,32,16,10000,0,1,0.0019588470458984375,0.000030040740966796875,0.0004956722259521484,false,0.7262231157763497,1.0434681763826943,0.00061373528032508,0.0008451056803238526,0.000595948894502332,0.0008206140531140329,0.0,1.0,1.0,0.05,2.0,2.0,0.0,0.5,1.0,0.0,1.0
wave,8,8,16,10000,100,1,12.769665718078613,0.000029087066650390625,0.0037081241607666016,false,0.07825338051958276,0.15774398788946464,0.1359532728339677,1.7373469610037544,0.018958173771005418,0.24226651481543532,0.0,1.0,1.0,0.05,2.0,2.0,0.0,0.5,1.0,0.0,1.0
heat,64,64,16,10000,10,2,7.668190002441406,0.0014338493347167969,0.023973941802978516,false,0.08561271714587633,0.24281535791136175,0.0001492950592653717,0.0017438420861118826,0.00016125998597565447,0.0018835985044240782,0.0,1.0,1.0,0.05,2.0,2.0,0.0,0.5,1.0,0.0,1.0
drift_diffusion,8,8,16,10000,10,0,11.206326007843018,0.0001499652862548828,0.017952680587768555,true,2.068694876140164,5.562383572986288,2.3995418839115206,1.1599303075515233,0.26151842143576154,0.1264171069653882,0.0,1.0,1.0,0.05,2.0,2.0,0.0,0.5,1.0,0.0,1.0
drift_diffusion,8,8,16,10000,1000,8,23.956300735473633,0.0001499652862548828,0.0047948360443115234,true,0.004483023891293185,0.01205412104890075,0.03313546535311901,7.391320268775085,0.26151842143576154,58.33527274830503,0.0,1.0,1.0,0.05,2.0,2.0,0.0,0.5,1.0,0.0,1.0
heat,256,256,16,0,0,1,0.0025169849395751953,0.012038230895996094,0.16684913635253906,false,0.439357638052887,1.2465208835303967,0.000012592781161399806,0.000028661800935583066,9.934186103617024e-6,0.000022610705364410234,0.0,1.0,1.0,0.05,2.0,2.0,0.0,0.5,1.0,0.0,1.0
poisson_2d,32,32,32,10000,100,0,12.79129695892334,0.0008032321929931641,0.002532958984375,false,0.000022441671412974867,0.00004633119259452874,3.798477120087931e-6,0.16925999183264395,0.00041476287710914914,18.481817573868486,0.0,1.0,1.0,0.05,2.0,2.0,0.0,0.5,1.0,0.0,1.0
drift_diffusion,256,256,16,0,1,9,0.0021390914916992188,0.012804269790649414,0.24253511428833008,false,0.8563673615731328,2.4250385263739695,0.00031119553828974405,0.0003633902367765195,0.00023700549940490983,0.0002767568102660225,0.0,1.0,1.0,0.05,2.0,2.0,0.0,0.5,1.0,0.0,1.0
drift_diffusion,128,128,16,10000,100,8,12.444035053253174,0.004165172576904297,0.10120296478271484,false,0.10007340043141602,0.28282514034271916,0.0018075226327001416,0.01806196876400639,0.0009525133211054325,0.009518146850203456,0.0,1.0,1.0,0.05,2.0,2.0,0.0,0.5,1.0,0.0,1.0
poisson_1d,32,32,16,10000,100,5,7.724610090255737,0.000026226043701171875,0.00034809112548828125,false,0.00011898152660228712,0.00017095770416808423,1.830494313179809e-6,0.01538469345158901,0.000595948894502332,5.008751455121904,0.0,1.0,1.0,0.05,2.0,2.0,0.0,0.5,1.0,0.0,1.0
drift_diffusion,64,64,16,0,10,1,0.0024662017822265625,0.001657724380493164,0.04329991340637207,false,0.8515617030136636,2.397295205213211,0.00505052668417155,0.005930899271653262,0.003851464283566381,0.004522824676046502,0.0,1.0,1.0,0.05,2.0,2.0,0.0,0.5,1.0,0.0,1.0
heat,128,128,16,10000,1,4,6.8093249797821045,0.004025936126708984,0.0670919418334961,false,0.43370927561687445,1.2303647453619295,0.000050716328671451146,0.00011693623245506142,0.00003992627534176886,0.00009205769299026591,0.0,1.0,1.0,0.05,2.0,2.0,0.0,0.5,1.0,0.0,1.0
poisson_1d,32,32,16,10000,100,2,7.93609094619751,0.00003170967102050781,0.0004229545593261719,false,4.85471012261429e-6,6.975453422596647e-6,1.0831493249873866e-6,0.22311307938233663,0.000595948894502332,122.7568442684142,0.0,1.0,1.0,0.05,2.0,2.0,0.0,0.5,1.0,0.0,1.0
poisson_2d,128,32,128,0,10,5,0.0019350051879882812,0.024024009704589844,0.034271955490112305,false,0.5047254864470827,1.0173994057515994,0.000025474526949145015,0.00005047204397873388,0.000025298111418601268,0.000050122516294317566,0.0,1.0,1.0,0.05,2.0,2.0,0.0,0.5,1.0,0.0,1.0
wave,64,64,16,10000,100,6,12.876085996627808,0.0001819133758544922,0.03633308410644531,false,0.13210730938939338,0.2642468774467268,0.0007968734611272048,0.00603201643278024,0.0002556346352812184,0.0019350529237388476,0.0,1.0,1.0,0.05,2.0,2.0,0.0,0.5,1.0,0.0,1.0
poisson_2d,128,32,128,10000,1,3,9.422837018966675,0.025472640991210938,0.03433513641357422,false,0.1872180898695338,0.37738449611496566,0.000014714156471504963,0.00007859366838834201,0.000025298111418601268,0.0001351264262776673,0.0,1.0,1.0,0.05,2.0,2.0,0.0,0.5,1.0,0.0,1.0
poisson_1d,128,32,16,10000,10,0,6.966620922088623,0.00003790855407714844,0.0005629062652587891,false,0.0004929000025108553,0.0006998048411507619,1.0997436492288805e-6,0.00223116989983062,0.00003591751011898671,0.07286977061475751,0.0,1.0,1.0,0.05,2.0,2.0,0.0,0.5,1.0,0.0,1.0
drift_diffusion,16,16,16,10000,10000,2,113.75466871261597,0.0002949237823486328,0.008803129196166992,true,0.005016291526475013,0.013816138763588977,0.009592177012254042,1.9122048552457933,0.06769679643284385,13.49538719501288,0.0,1.0,1.0,0.05,2.0,2.0,0.0,0.5,1.0,0.0,1.0
poisson_2d,128,32,128,0,100,0,0.0018811225891113281,0.028293848037719727,0.0329890251159668,false,0.49206945130276947,0.9918880278229051,0.00002517789269402141,0.00005116735580183272,0.000025298111418601268,0.00005141166831556747,0.0,1.0,1.0,0.05,2.0,2.0,0.0,0.5,1.0,0.0,1.0
poisson_2d,64,32,64,10000,10000,8,142.34719109535217,0.004304170608520508,0.008202075958251953,false,8.646742863856919e-6,0.000017567985501169606,2.745979985850001e-7,0.03175739152943177,0.00010200512199543541,11.796941761808776,0.0,1.0,1.0,0.05,2.0,2.0,0.0,0.5,1.0,0.0,1.0
poisson_2d,64,32,64,10000,1000,0,28.324959993362427,0.004429817199707031,0.007948160171508789,false,0.000014567180745456182,0.00002959681167330779,5.207148474728944e-7,0.03574575318094697,0.00010200512199543541,7.002392829274997,0.0,1.0,1.0,0.05,2.0,2.0,0.0,0.5,1.0,0.0,1.0
heat,16,16,16,0,1,4,0.0023589134216308594,0.00033974647521972656,0.007498025894165039,false,0.42392204704533065,1.2003424792479838,0.0035871236082081026,0.008461752893509039,0.002749210983530936,0.006485180477619646,0.0,1.0,1.0,0.05,2.0,2.0,0.0,0.5,1.0,0.0,1.0
wave,64,64,16,0,0,0,0.002106904983520508,0.00018310546875,0.03197288513183594,false,0.8632045774276179,1.7266199367563755,0.0005131829017622218,0.0005945090134849911,0.0002556346352812184,0.0002961460608133233,0.0,1.0,1.0,0.05,2.0,2.0,0.0,0.5,1.0,0.0,1.0
drift_diffusion,16,16,16,0,1,1,0.0021109580993652344,0.00033211708068847656,0.009837150573730469,true,0.8162964704412724,2.248287454650729,0.08753440592946492,0.10723359600237604,0.06769679643284385,0.08293162948046119,0.0,1.0,1.0,0.05,2.0,2.0,0.0,0.5,1.0,0.0,1.0
wave,8,8,16,0,1000,6,0.0028700828552246094,0.000026226043701171875,0.0034132003784179688,false,0.8326516815416355,1.678468021408699,0.043377055664979534,0.052095079643228376,0.018958173771005418,0.022768432696736757,0.0,1.0,1.0,0.05,2.0,2.0,0.0,0.5,1.0,0.0,1.0
drift_diffusion,128,128,16,0,1000,6,0.0024912357330322266,0.004285097122192383,0.09642601013183594,false,0.8577909627421516,2.424269070266391,0.0012512126319415091,0.0014586451551572457,0.0009525133211054325,0.00111042592248871,0.0,1.0,1.0,0.05,2.0,2.0,0.0,0.5,1.0,0.0,1.0
poisson_1d,128,32,16,0,100,1,0.0012731552124023438,0.00003981590270996094,0.0005269050598144531,false,0.7349555768813335,1.043468184443722,0.00003698936228198264,0.00005032870481633881,0.00003591751011898671,0.00004887031440920133,0.0,1.0,1.0,0.05,2.0,2.0,0.0,0.5,1.0,0.0,1.0
heat,128,128,16,10000,10,7,7.647174119949341,0.004275083541870117,0.07304978370666504,false,0.11226594876135555,0.31848077324174817,0.00005046019599982887,0.00044947017823803717,0.00003992627534176886,0.0003556401186849662,0.0,1.0,1.0,0.05,2.0,2.0,0.0,0.5,1.0,0.0,1.0
drift_diffusion,8,8,16,0,10,1,0.0024662017822265625,0.00013971328735351562,0.004600048065185547,true,0.7670221951996297,2.0623977503414226,0.36057461727242734,0.470096718881234,0.26151842143576154,0.3409528734272118,0.0,1.0,1.0,0.05,2.0,2.0,0.0,0.5,1.0,0.0,1.0
poisson_2d,128,32,128,0,1000,1,0.003052949905395508,0.0245821475982666,0.03206491470336914,false,0.4779105425003459,0.9633472352762875,0.0000248872348893386,0.000052075090788189885,0.000025298111418601268,0.00005293482601627887,0.0,1.0,1.0,0.05,2.0,2.0,0.0,0.5,1.0,0.0,1.0
wave,16,16,16,10000,1000,5,28.86086130142212,0.000052928924560546875,0.007743120193481445,false,0.0002762503620407712,0.000553582998819193,0.00021974449390423236,0.7954541390672321,0.004322163832073661,15.645821421346039,0.0,1.0,1.0,0.05,2.0,2.0,0.0,0.5,1.0,0.0,1.0
heat,8,8,16,0,100,7,0.0015289783477783203,0.0001201629638671875,0.002804994583129883,false,0.42462565832198185,1.1987465081248572,0.016202877441043467,0.038158027249397326,0.012171854008336707,0.028664904651397975,0.0,1.0,1.0,0.05,2.0,2.0,0.0,0.5,1.0,0.0,1.0
wave,64,64,16,0,1,7,0.002151966094970703,0.0001800060272216797,0.03185319900512695,false,0.8719583690178,1.7441296574842944,0.0005133153008762402,0.0005886924411935559,0.0002556346352812184,0.0002931729820646975,0.0,1.0,1.0,0.05,2.0,2.0,0.0,0.5,1.0,0.0,1.0
poisson_1d,16,32,16,0,10000,2,0.0039899349212646484,0.00002288818359375,0.00034880638122558594,false,0.6306472328960332,0.9211192407609903,0.002400801828580642,0.0038068855349698036,0.0025081860605056672,0.003977161762825272,0.0,1.0,1.0,0.05,2.0,2.0,0.0,0.5,1.0,0.0,1.0
heat,64,64,16,0,0,1,0.0025169849395751953,0.0014660358428955078,0.024112939834594727,false,0.4368275045089558,1.238933074301778,0.00020572587534186074,0.00047095449168916263,0.00016125998597565447,0.0003691617041306251,0.0,1.0,1.0,0.05,2.0,2.0,0.0,0.5,1.0,0.0,1.0
drift_diffusion,256,256,16,10000,1000,7,24.57579493522644,0.013737916946411133,0.22137808799743652,false,0.005893001517328887,0.0166876463965779,0.00003321949281762707,0.005637109157352442,0.00023700549940490983,0.04021812970995687,0.0,1.0,1.0,0.05,2.0,2.0,0.0,0.5,1.0,0.0,1.0
drift_diffusion,64,64,16,10000,10000,7,115.06130599975586,0.001750946044921875,0.04068112373352051,false,0.005875319743260011,0.016540053174967335,0.0005565386748820458,0.09472483187327477,0.003851464283566381,0.6555327117276636,0.0,1.0,1.0,0.05,2.0,2.0,0.0,0.5,1.0,0.0,1.0
wave,16,16,16,10000,100,5,12.742211103439331,0.00004887580871582031,0.00773310661315918,false,0.13715517083261386,0.27484767879461175,0.053165398615020745,0.3876295606813433,0.004322163832073661,0.031512948478978516,0.0,1.0,1.0,0.05,2.0,2.0,0.0,0.5,1.0,0.0,1.0
drift_diffusion,64,64,16,10000,1,4,10.608788967132568,0.001554250717163086,0.04062914848327637,false,0.678621159272133,1.91043731243655,0.004924823337137216,0.0072571025377685255,0.003851464283566381,0.005675426165163103,0.0,1.0,1.0,0.05,2.0,2.0,0.0,0.5,1.0,0.0,1.0
wave,128,128,16,10000,1,3,9.63900113105774,0.00041413307189941406,0.09064602851867676,false,0.8650908626076019,1.730234528588332,0.00012594059511168685,0.0001455807714025208,0.00006338688741085187,0.00007327194188572031,0.0,1.0,1.0,0.05,2.0,2.0,0.0,0.5,1.0,0.0,1.0
heat,8,8,16,0,10,3,0.0014328956604003906,0.00012087821960449219,0.002797842025756836,false,0.40575897358237184,1.1454846008230835,0.01620930705426827,0.03994811725581632,0.012171854008336707,0.029997744475922808,0.0,1.0,1.0,0.05,2.0,2.0,0.0,0.5,1.0,0.0,1.0
poisson_2d,8,32,8,10000,10000,2,142.6684319972992,0.00004291534423828125,0.0006878376007080078,false,0.0001397729143045369,0.00031948094698179845,0.00002769069222279519,0.1981120044649206,0.007418007097193637,53.071849679158824,0.0,1.0,1.0,0.05,2.0,2.0,0.0,0.5,1.0,0.0,1.0
poisson_2d,16,32,16,0,1000,2,0.003175020217895508,0.00016999244689941406,0.0012543201446533203,false,0.47847644933626304,1.0207497585840275,0.001725929516403736,0.0036071357718816146,0.00171723760469867,0.003588969963058373,0.0,1.0,1.0,0.05,2.0,2.0,0.0,0.5,1.0,0.0,1.0
heat,16,16,16,10000,1000,9,19.660496950149536,0.0002760887145996094,0.005628108978271484,false,0.0005957315998687432,0.0016868241473563894,0.00009799680455584182,0.16449824816648453,0.002749210983530936,4.614848337969994,0.0,1.0,1.0,0.05,2.0,2.0,0.0,0.5,1.0,0.0,1.0
wave,16,16,16,0,10,6,0.002002239227294922,0.00007033348083496094,0.00787973403930664,false,0.8530569635110962,1.7094559751359564,0.009202939736793134,0.010788188984373052,0.004322163832073661,0.005066676689777048,0.0,1.0,1.0,0.05,2.0,2.0,0.0,0.5,1.0,0.0,1.0
poisson_2d,128,32,128,10000,10,8,10.46821403503418,0.025123119354248047,0.03495597839355469,false,0.20066876888096588,0.40449767585454527,0.0000246203943998465,0.00012269171001119255,0.000025298111418601268,0.0001260690019661593,0.0,1.0,1.0,0.05,2.0,2.0,0.0,0.5,1.0,0.0,1.0
poisson_2d,256,32,256,0,1000,2,0.003175020217895508,0.14749908447265625,0.1672041416168213,false,0.5083813564679703,1.020750017692552,6.331479439848241e-6,0.000012454192820595975,6.299580846651019e-6,0.000012391447417383631,0.0,1.0,1.0,0.05,2.0,2.0,0.0,0.5,1.0,0.0,1.0
heat,128,128,16,10000,10000,5,92.76752805709839,0.004163026809692383,0.07693719863891602,false,0.0000639098828371079,0.00018130224817338364,1.3485014319380486e-6,0.021100045440123387,0.00003992627534176886,0.624727719239755,0.0,1.0,1.0,0.05,2.0,2.0,0.0,0.5,1.0,0.0,1.0
poisson_2d,8,32,8,0,10000,9,0.007002830505371094,0.00005817413330078125,0.0010178089141845703,false,0.4426839605471254,1.0118490526791433,0.007463519325072183,0.016859701254700554,0.007418007097193637,0.0167568915034227,0.0,1.0,1.0,0.05,2.0,2.0,0.0,0.5,1.0,0.0,1.0
heat,256,256,16,10000,1000,8,19.306674003601074,0.01143503189086914,0.15321683883666992,false,0.00008425680847155568,0.00023904869801483325,3.468969294603129e-7,0.004117138255681858,9.934186103617024e-6,0.11790366005803463,0.0,1.0,1.0,0.05,2.0,2.0,0.0,0.5,1.0,0.0,1.0
poisson_1d,32,32,16,0,100,2,0.0012001991271972656,0.00003075599670410156,0.0004029273986816406,false,0.6410717724441097,0.9211191144853138,0.0005704339758012831,0.0008898129668484426,0.000595948894502332,0.00092961337578514,0.0,1.0,1.0,0.05,2.0,2.0,0.0,0.5,1.0,0.0,1.0
wave,64,64,16,0,10000,3,0.007066011428833008,0.00018787384033203125,0.03261899948120117,false,0.8615842967213295,1.7233789796950076,0.0005130337230707849,0.0005954538923505011,0.0002556346352812184,0.00029670298803496036,0.0,1.0,1.0,0.05,2.0,2.0,0.0,0.5,1.0,0.0,1.0
heat,32,32,16,0,1000,3,0.00232696533203125,0.0006861686706542969,0.011716127395629883,false,0.4268354836162278,1.2099971976648127,0.0008461867532765729,0.001982465811200898,0.0006581365706071615,0.0015418975129042895,0.0,1.0,1.0,0.05,2.0,2.0,0.0,0.5,1.0,0.0,1.0
wave,128,128,16,0,1000,3,0.002979278564453125,0.000392913818359375,0.08729219436645508,false,0.863873754743484,1.7278002385703268,0.00012592720712679728,0.00014577038188200275,0.00006338688741085187,0.00007337517439648778,0.0,1.0,1.0,0.05,2.0,2.0,0.0,0.5,1.0,0.0,1.0
poisson_1d,32,32,16,10000,1000,8,17.064255952835083,0.000026941299438476562,0.0003571510314941406,false,0.00012936110826111295,0.0001858715273580441,5.036296388443315e-7,0.0038932075151008705,0.000595948894502332,4.606862932087439,0.0,1.0,1.0,0.05,2.0,2.0,0.0,0.5,1.0,0.0,1.0
drift_diffusion,256,256,16,10000,100,7,13.600178241729736,0.012115240097045898,0.20421695709228516,false,0.10812741469791681,0.3061923634244795,0.0005423743668544496,0.005016067094267616,0.00023700549940490983,0.00219190942525583,0.0,1.0,1.0,0.05,2.0,2.0,0.0,0.5,1.0,0.0,1.0
heat,8,8,16,0,100,2,0.0015850067138671875,0.0001220703125,0.0027430057525634766,false,0.4115326042369817,1.1617839446116025,0.016221976957046684,0.03941844896377938,0.012171854008336707,0.029576888642649377,0.0,1.0,1.0,0.05,2.0,2.0,0.0,0.5,1.0,0.0,1.0
heat,256,256,16,10000,1,7,7.009293079376221,0.01196599006652832,0.15891218185424805,false,0.4365578292926379,1.238577422925026,0.000012588407892576783,0.000028835602176632568,9.934186103617024e-6,0.000022755716280964545,0.0,1.0,1.0,0.05,2.0,2.0,0.0,0.5,1.0,0.0,1.0
poisson_2d,32,32,32,10000,100,1,12.403894186019897,0.0007207393646240234,0.002216339111328125,false,0.000016003259963493212,0.00003303898831172791,3.7747582865265605e-6,0.2358743340490617,0.00041476287710914914,25.917399208206227,0.0,1.0,1.0,0.05,2.0,2.0,0.0,0.5,1.0,0.0,1.0
wave,64,64,16,0,10,1,0.0024251937866210938,0.00018930435180664062,0.032440185546875,false,0.8635017226596783,1.7272142997790052,0.0005134902463963732,0.0005946603613189883,0.0002556346352812184,0.00029604415205314956,0.0,1.0,1.0,0.05,2.0,2.0,0.0,0.5,1.0,0.0,1.0
drift_diffusion,64,64,16,10000,10000,9,113.34191489219666,0.0015361309051513672,0.03919625282287598,false,0.009579488189282519,0.026967935527503505,0.0007339655984579842,0.07661845643059859,0.003851464283566381,0.40205324203805987,0.0,1.0,1.0,0.05,2.0,2.0,0.0,0.5,1.0,0.0,1.0
wave,128,128,16,0,10000,4,0.0066339969635009766,0.0004138946533203125,0.0924978256225586,false,0.8668130679112591,1.7336790443155283,0.00012595788119160363,0.00014531147009022558,0.00006338688741085187,0.00007312636340796509,0.0,1.0,1.0,0.05,2.0,2.0,0.0,0.5,1.0,0.0,1.0
wave,32,32,16,10000,100,6,12.876085996627808,0.00011420249938964844,0.016558170318603516,false,0.13190606623390408,0.2639410414090304,0.003289000597276457,0.024934415005934546,0.0010402908397117996,0.007886603470283846,0.0,1.0,1.0,0.05,2.0,2.0,0.0,0.5,1.0,0.0,1.0
heat,32,32,16,0,10,2,0.0015568733215332031,0.0006580352783203125,0.014734745025634766,false,0.4325832218824425,1.2262909395442572,0.0008468495516664562,0.001957656952068736,0.0006581365706071615,0.0015214103028388245,0.0,1.0,1.0,0.05,2.0,2.0,0.0,0.5,1.0,0.0,1.0
poisson_2d,32,32,32,0,1000,6,0.002626180648803711,0.0007348060607910156,0.0027840137481689453,false,0.48594754746731195,1.003246549609934,0.00041461859381802975,0.0008532167637823497,0.00041476287710914914,0.0008535136750269303,0.0,1.0,1.0,0.05,2.0,2.0,0.0,0.5,1.0,0.0,1.0
wave,8,8,16,10000,10,2,10.43802785873413,0.000026941299438476562,0.0033757686614990234,false,0.42321141659939665,0.8531140269145571,0.0400492699652867,0.09463182795750645,0.018958173771005418,0.04479598854713987,0.0,1.0,1.0,0.05,2.0,2.0,0.0,0.5,1.0,0.0,1.0
heat,64,64,16,10000,10,0,7.372603893280029,0.0014882087707519531,0.024286985397338867,false,0.14142610682738685,0.40111366502700097,0.0001654432068359444,0.0011698208382266418,0.00016125998597565447,0.0011402419934565201,0.0,1.0,1.0,0.05,2.0,2.0,0.0,0.5,1.0,0.0,1.0
heat,32,32,16,10000,0,0,0.0072209835052490234,0.0005660057067871094,0.011399984359741211,false,0.4293616673703614,1.217158446859447,0.0008459963546519755,0.0019703583690488854,0.0006581365706071615,0.0015328256354088122,0.0,1.0,1.0,0.05,2.0,2.0,0.0,0.5,1.0,0.0,1.0
drift_diffusion,16,16,16,0,10000,2,0.005822181701660156,0.0002970695495605469,0.008862972259521484,true,0.8130163787142802,2.2392532503549374,0.08756141362352252,0.10769944605789346,0.06769679643284385,0.0832662148084899,0.0,1.0,1.0,0.05,2.0,2.0,0.0,0.5,1.0,0.0,1.0
poisson_1d,64,32,16,10000,1000,7,17.20917510986328,0.000030040740966796875,0.00041604042053222656,false,4.919218449739415e-6,7.011820971284622e-6,1.5325923648150257e-7,0.031155200372633512,0.00014539741646764722,29.55701560120666,0.0,1.0,1.0,0.05,2.0,2.0,0.0,0.5,1.0,0.0,1.0
poisson_1d,128,32,16,0,10,2,0.0011141300201416016,0.00004601478576660156,0.0006058216094970703,false,0.6487803221431463,0.9211191072556864,0.00003437973495109136,0.00005299133432025677,0.00003591751011898671,0.00005536158988351977,0.0,1.0,1.0,0.05,2.0,2.0,0.0,0.5,1.0,0.0,1.0
wave,16,16,16,10000,100,8,12.932720184326172,0.00004887580871582031,0.006989240646362305,false,0.07759472426772196,0.15549344382880584,0.03874368114073547,0.49930818759094564,0.004322163832073661,0.05570177448096945,0.0,1.0,1.0,0.05,2.0,2.0,0.0,0.5,1.0,0.0,1.0
wave,16,16,16,10000,10000,6,142.982764005661,0.00005817413330078125,0.007977962493896484,false,0.00026107924916286287,0.000523181336716982,0.00012304587533797348,0.4712970323473297,0.004322163832073661,16.554987981353555,0.0,1.0,1.0,0.05,2.0,2.0,0.0,0.5,1.0,0.0,1.0
drift_diffusion,256,256,16,10000,0,0,0.0037369728088378906,0.013361930847167969,0.22818899154663086,false,0.8571739734425506,2.427322668608881,0.0003111979831126793,0.0003630511340222538,0.00023700549940490983,0.00027649637850418746,0.0,1.0,1.0,0.05,2.0,2.0,0.0,0.5,1.0,0.0,1.0
heat,32,32,16,0,10,1,0.0014309883117675781,0.0006639957427978516,0.012363910675048828,false,0.4334418429208511,1.2287249664473825,0.0008464145007025325,0.0019527752443067484,0.0006581365706071615,0.0015183964846867373,0.0,1.0,1.0,0.05,2.0,2.0,0.0,0.5,1.0,0.0,1.0
poisson_1d,64,32,16,10000,100,7,7.946553707122803,0.000030994415283203125,0.0004601478576660156,false,0.00014498017239755303,0.00020665376494745282,2.5015386868210097e-7,0.0017254350339436521,0.00014539741646764722,1.0028779388456635,0.0,1.0,1.0,0.05,2.0,2.0,0.0,0.5,1.0,0.0,1.0
wave,256,256,16,10000,10000,1,146.8099720478058,0.0009968280792236328,0.20605015754699707,false,0.00022411995978599753,0.000448243339410323,5.42655188259665e-7,0.0024212711298787527,0.000015783443300198566,0.07042408590141838,0.0,1.0,1.0,0.05,2.0,2.0,0.0,0.5,1.0,0.0,1.0
wave,16,16,16,0,10000,1,0.007091999053955078,0.00006008148193359375,0.008650779724121094,false,0.8494105060651777,1.7021487744030204,0.009205969679536762,0.010838069006448526,0.004322163832073661,0.0050884275638356765,0.0,1.0,1.0,0.05,2.0,2.0,0.0,0.5,1.0,0.0,1.0
heat,256,256,16,10000,10,1,7.790333032608032,0.011450052261352539,0.1734001636505127,false,0.10694573880983492,0.3034204604290946,0.000010290617955260679,0.00009622279550154761,9.934186103617024e-6,0.00009288996657717652,0.0,1.0,1.0,0.05,2.0,2.0,0.0,0.5,1.0,0.0,1.0
wave,32,32,16,0,1000,8,0.00263214111328125,0.0001010894775390625,0.015520811080932617,false,0.8612980247318646,1.7234377773661298,0.0021308651246023224,0.0024740160355826817,0.0010402908397117996,0.0012078175147744686,0.0,1.0,1.0,0.05,2.0,2.0,0.0,0.5,1.0,0.0,1.0
heat,16,16,16,0,10000,2,0.006754875183105469,0.00026607513427734375,0.0065610408782958984,false,0.4256369016554852,1.2051981192144576,0.003588900926176133,0.008431836883074167,0.002749210983530936,0.006459052241095803,0.0,1.0,1.0,0.05,2.0,2.0,0.0,0.5,1.0,0.0,1.0
drift_diffusion,256,256,16,10000,1,8,10.438159942626953,0.012138128280639648,0.22436022758483887,false,0.6179753813385703,1.7499663991674659,0.000303424916371608,0.0004909983885027459,0.00023700549940490983,0.0003835193222285687,0.0,1.0,1.0,0.05,2.0,2.0,0.0,0.5,1.0,0.0,1.0
heat,512,512,16,0,10000,0,0.006740093231201172,0.040602922439575195,0.38789987564086914,false,0.43585196930167286,1.236638847310697,3.135861693878428e-6,7.1947861080052975e-6,2.477696763831837e-6,5.684720818863412e-6,0.0,1.0,1.0,0.05,2.0,2.0,0.0,0.5,1.0,0.0,1.0
wave,8,8,16,0,10,1,0.0024251937866210938,0.000033855438232421875,0.0035867691040039062,false,0.8292312180481041,1.671573015105873,0.043390295727607,0.052325931276130395,0.018958173771005418,0.022862349316310523,0.0,1.0,1.0,0.05,2.0,2.0,0.0,0.5,1.0,0.0,1.0
wave,32,32,16,0,10000,7,0.00733494758605957,0.00009703636169433594,0.015771865844726562,false,0.8673636784800858,1.7355750126945881,0.002130982914588507,0.0024568505316278737,0.0010402908397117996,0.0011993709968749677,0.0,1.0,1.0,0.05,2.0,2.0,0.0,0.5,1.0,0.0,1.0
poisson_1d,32,32,16,0,1,5,0.0015048980712890625,0.000034809112548828125,0.0003960132598876953,false,0.7049185268691891,1.0128568393808794,0.0005981611748903054,0.000848553630086822,0.000595948894502332,0.0008454152810384589,0.0,1.0,1.0,0.05,2.0,2.0,0.0,0.5,1.0,0.0,1.0
poisson_1d,64,32,16,0,1000,8,0.0015888214111328125,0.000032901763916015625,0.00037097930908203125,false,0.6956658312224681,0.9915974080456309,0.0001448424718638863,0.00020820696570558872,0.00014539741646764722,0.00020900468291240587,0.0,1.0,1.0,0.05,2.0,2.0,0.0,0.5,1.0,0.0,1.0
drift_diffusion,128,128,16,0,10,6,0.0022039413452148438,0.00455784797668457,0.10641217231750488,false,0.8577909627421516,2.424269070266391,0.0012512126319415091,0.0014586451551572457,0.0009525133211054325,0.00111042592248871,0.0,1.0,1.0,0.05,2.0,2.0,0.0,0.5,1.0,0.0,1.0
heat,16,16,16,0,100,6,0.0018148422241210938,0.00026226043701171875,0.005680084228515625,false,0.42736021025592824,1.2100776967980789,0.0035875592280966984,0.00839469642236524,0.002749210983530936,0.006433006437086287,0.0,1.0,1.0,0.05,2.0,2.0,0.0,0.5,1.0,0.0,1.0
heat,32,32,16,10000,10000,0,95.41633677482605,0.0005719661712646484,0.011374950408935547,false,0.00006343179401250452,0.00017981703945445853,0.000021833761074001058,0.3442084748487876,0.0006581365706071615,10.375499871190515,0.0,1.0,1.0,0.05,2.0,2.0,0.0,0.5,1.0,0.0,1.0
drift_diffusion,32,32,16,10000,10000,6,114.56074023246765,0.0007958412170410156,0.01906895637512207,false,0.007718563387437199,0.021565006349343916,0.002176398882576236,0.2819694253102247,0.015825675346876712,2.0503394935687793,0.0,1.0,1.0,0.05,2.0,2.0,0.0,0.5,1.0,0.0,1.0
drift_diffusion,8,8,16,0,0,1,0.0021288394927978516,0.0001480579376220703,0.004837751388549805,true,0.7670221951996297,2.0623977503414226,0.36057461727242734,0.470096718881234,0.26151842143576154,0.3409528734272118,0.0,1.0,1.0,0.05,2.0,2.0,0.0,0.5,1.0,0.0,1.0
poisson_1d,16,32,16,0,10,3,0.0011699199676513672,0.00002288818359375,0.0003437995910644531,false,0.6754072081521889,0.9864953690841092,0.0024551275247156785,0.0036350330512943925,0.0025081860605056672,0.0037135908978047204,0.0,1.0,1.0,0.05,2.0,2.0,0.0,0.5,1.0,0.0,1.0
wave,8,8,16,0,10000,8,0.0073490142822265625,0.00003075599670410156,0.0037713050842285156,false,0.8313504046678567,1.675844893793569,0.04337636175607222,0.05217578714405276,0.018958173771005418,0.022804071140832168,0.0,1.0,1.0,0.05,2.0,2.0,0.0,0.5,1.0,0.0,1.0
poisson_2d,64,32,64,0,1,4,0.002093791961669922,0.004842042922973633,0.009873151779174805,false,0.49758789739045645,1.0109722359679112,0.00010229653681087137,0.00020558485716263195,0.00010200512199543541,0.00020499920221209105,0.0,1.0,1.0,0.05,2.0,2.0,0.0,0.5,1.0,0.0,1.0
poisson_1d,32,32,16,10000,10,8,6.506143093109131,0.000029087066650390625,0.00035881996154785156,false,0.0001629318422396062,0.0002341073818817865,0.000015254561688021664,0.09362541709667206,0.000595948894502332,3.657657621188428,0.0,1.0,1.0,0.05,2.0,2.0,0.0,0.5,1.0,0.0,1.0
poisson_2d,128,32,128,0,0,1,0.0019121170043945312,0.025709867477416992,0.04318380355834961,false,0.4779105425003459,0.9633472352762875,0.0000248872348893386,0.000052075090788189885,0.000025298111418601268,0.00005293482601627887,0.0,1.0,1.0,0.05,2.0,2.0,0.0,0.5,1.0,0.0,1.0
heat,8,8,16,10000,1000,6,19.479942798614502,0.00012087821960449219,0.0027589797973632812,false,0.0003935221020478857,0.0011109390976608258,0.0005761995817254585,1.46421148577621,0.012171854008336707,30.93054734407899,0.0,1.0,1.0,0.05,2.0,2.0,0.0,0.5,1.0,0.0,1.0
poisson_2d,256,32,256,10000,10000,6,142.72966408729553,0.1300051212310791,0.16708922386169434,false,0.000027314471997273873,0.00005484317514746752,2.1128525613975052e-8,0.0007735286120854336,6.299580846651019e-6,0.23063161708769941,0.0,1.0,1.0,0.05,2.0,2.0,0.0,0.5,1.0,0.0,1.0
poisson_2d,256,32,256,0,1,1,0.002252817153930664,0.14964985847473145,0.19681596755981445,false,0.4797920800418068,0.963347235221196,6.197267840668729e-6,0.000012916569694374128,6.299580846651019e-6,0.00001312981416054659,0.0,1.0,1.0,0.05,2.0,2.0,0.0,0.5,1.0,0.0,1.0
drift_diffusion,16,16,16,10000,1,5,10.5989670753479,0.0003380775451660156,0.009680032730102539,true,0.7151142261459625,1.9696058987209626,0.08545792896525843,0.11950248763169694,0.06769679643284385,0.09466571067630557,0.0,1.0,1.0,0.05,2.0,2.0,0.0,0.5,1.0,0.0,1.0
wave,8,8,16,10000,10,9,10.718196153640747,0.00002574920654296875,0.003364086151123047,false,0.31494696830577995,0.6348734128082554,0.30790371121790694,0.9776366887233063,0.018958173771005418,0.060194812710815,0.0,1.0,1.0,0.05,2.0,2.0,0.0,0.5,1.0,0.0,1.0
heat,256,256,16,0,10000,6,0.0068798065185546875,0.013000965118408203,0.17052793502807617,false,0.44053110868749845,1.2498501886922129,0.000012594905654122082,0.00002859027525126854,9.934186103617024e-6,0.000022550475795488216,0.0,1.0,1.0,0.05,2.0,2.0,0.0,0.5,1.0,0.0,1.0
drift_diffusion,8,8,16,0,1000,7,0.002521038055419922,0.00013017654418945312,0.0042819976806640625,true,0.7724378789016125,2.076959641709668,0.3609794948748928,0.467324952251431,0.26151842143576154,0.33856239909885594,0.0,1.0,1.0,0.05,2.0,2.0,0.0,0.5,1.0,0.0,1.0
wave,128,128,16,0,100,6,0.0020918846130371094,0.0004050731658935547,0.08926796913146973,false,0.8695767543244002,1.7392065858315644,0.0001259981864232085,0.00014489599198301957,0.00006338688741085187,0.0000728939534039166,0.0,1.0,1.0,0.05,2.0,2.0,0.0,0.5,1.0,0.0,1.0
wave,64,64,16,10000,100,4,12.407609224319458,0.0001862049102783203,0.03227806091308594,false,0.025129386513046175,0.05026490925382122,0.00032668003968687904,0.012999921009503295,0.0002556346352812184,0.010172736813471434,0.0,1.0,1.0,0.05,2.0,2.0,0.0,0.5,1.0,0.0,1.0
wave,64,64,16,0,1000,6,0.0028700828552246094,0.0002040863037109375,0.03407001495361328,false,0.86728947287386,1.7347907251204333,0.000513320051575335,0.0005918670382039712,0.0002556346352812184,0.0002947512258325292,0.0,1.0,1.0,0.05,2.0,2.0,0.0,0.5,1.0,0.0,1.0
wave,8,8,16,0,1,3,0.0020592212677001953,0.000030040740966796875,0.003531932830810547,false,0.8269327413745792,1.6669397216411646,0.04335600371307377,0.05242990335707921,0.018958173771005418,0.02292589568952362,0.0,1.0,1.0,0.05,2.0,2.0,0.0,0.5,1.0,0.0,1.0
heat,32,32,16,0,10000,7,0.0071790218353271484,0.0005772113800048828,0.012449026107788086,false,0.44582811145233797,1.2638376756477692,0.0008458829938978294,0.0018973298725875876,0.0006581365706071615,0.0014762114673819095,0.0,1.0,1.0,0.05,2.0,2.0,0.0,0.5,1.0,0.0,1.0
poisson_1d,64,32,16,0,1000,9,0.0015702247619628906,0.000027894973754882812,0.0003628730773925781,false,0.7132504397082184,1.0166623909920063,0.00014721178758554668,0.00020639564925577767,0.00014539741646764722,0.0002038518427372122,0.0,1.0,1.0,0.05,2.0,2.0,0.0,0.5,1.0,0.0,1.0
wave,128,128,16,0,100,7,0.002062082290649414,0.0004379749298095703,0.08660578727722168,false,0.8742203271269698,1.74849401487087,0.00012599876813952786,0.00014412701721728334,0.00006338688741085187,0.00007250676453516699,0.0,1.0,1.0,0.05,2.0,2.0,0.0,0.5,1.0,0.0,1.0
poisson_1d,64,32,16,10000,100,4,7.854598760604858,0.000030040740966796875,0.00047779083251953125,false,0.001119020940996631,0.0015950449408894363,1.9753726313905783e-7,0.0001765268690710185,0.00014539741646764722,0.12993270379564056,0.0,1.0,1.0,0.05,2.0,2.0,0.0,0.5,1.0,0.0,1.0
heat,16,16,16,10000,10,1,7.790333032608032,0.00027871131896972656,0.005990028381347656,false,0.1040860457420948,0.2947214070888491,0.0029341330450641254,0.028189494798700872,0.002749210983530936,0.02641286796832449,0.0,1.0,1.0,0.05,2.0,2.0,0.0,0.5,1.0,0.0,1.0
wave,16,16,16,0,10000,2,0.007330894470214844,0.00007200241088867188,0.008710145950317383,false,0.8509684658700515,1.7052707976809285,0.009203228280248403,0.010815005078759047,0.004322163832073661,0.005079111630364084,0.0,1.0,1.0,0.05,2.0,2.0,0.0,0.5,1.0,0.0,1.0
wave,64,64,16,0,10,9,0.0020558834075927734,0.00021576881408691406,0.0345149040222168,false,0.8644244746091323,1.7290600290004094,0.0005132465530857141,0.0005937436620102517,0.0002556346352812184,0.0002957281321735007,0.0,1.0,1.0,0.05,2.0,2.0,0.0,0.5,1.0,0.0,1.0
poisson_2d,64,32,64,0,10000,2,0.00649714469909668,0.005071878433227539,0.010341882705688477,false,0.5024003989260288,1.020750016865582,0.00010252162466432133,0.00020406358132573084,0.00010200512199543541,0.00020303551154316293,0.0,1.0,1.0,0.05,2.0,2.0,0.0,0.5,1.0,0.0,1.0
heat,128,128,16,10000,1000,2,19.523204803466797,0.004507303237915039,0.0783848762512207,false,0.00008812268503523959,0.00024999014554111053,1.6599900074079686e-6,0.01883726087944628,0.00003992627534176886,0.4530760192538089,0.0,1.0,1.0,0.05,2.0,2.0,0.0,0.5,1.0,0.0,1.0
wave,8,8,16,0,1,2,0.002025127410888672,0.000029802322387695312,0.003815174102783203,false,0.8306597320073215,1.67445262857671,0.0433799227874041,0.05222345698951222,0.018958173771005418,0.022823032152036855,0.0,1.0,1.0,0.05,2.0,2.0,0.0,0.5,1.0,0.0,1.0
heat,64,64,16,0,10,4,0.0014121532440185547,0.0016047954559326172,0.02638697624206543,false,0.4344006243187953,1.2320499405615213,0.00020573292984706802,0.00047360182819646674,0.00016125998597565447,0.00037122411190944777,0.0,1.0,1.0,0.05,2.0,2.0,0.0,0.5,1.0,0.0,1.0
poisson_1d,8,32,16,0,1,9,0.0014951229095458984,0.0000209808349609375,0.00045800209045410156,false,0.6724584158077347,1.0166615630055607,0.01135552097328677,0.01688657723116885,0.011214972573078455,0.016677570403528075,0.0,1.0,1.0,0.05,2.0,2.0,0.0,0.5,1.0,0.0,1.0
poisson_2d,8,32,8,0,100,8,0.0019290447235107422,0.00006389617919921875,0.0007328987121582031,false,0.4391611649818236,1.003796948529882,0.007420564229542657,0.016897132126538976,0.007418007097193637,0.016891309361338126,0.0,1.0,1.0,0.05,2.0,2.0,0.0,0.5,1.0,0.0,1.0
heat,64,64,16,10000,1,7,7.009293079376221,0.0017001628875732422,0.02568817138671875,false,0.433960737074083,1.2308023294316999,0.00020565190978799537,0.0004738951988481109,0.00016125998597565447,0.00037160040574851625,0.0,1.0,1.0,0.05,2.0,2.0,0.0,0.5,1.0,0.0,1.0
wave,128,128,16,0,1000,0,0.0028710365295410156,0.00040411949157714844,0.09225296974182129,false,0.8654947985542127,1.731042425136976,0.00012596419978635966,0.0001455401002949754,0.00006338688741085187,0.0000732377450641391,0.0,1.0,1.0,0.05,2.0,2.0,0.0,0.5,1.0,0.0,1.0
wave,256,256,16,0,1,1,0.0021300315856933594,0.000865936279296875,0.20608186721801758,false,0.8668906926287758,1.7337946131111512,0.00003122422599491042,0.00003601864255829703,0.000015783443300198566,0.00001820695900233575,0.0,1.0,1.0,0.05,2.0,2.0,0.0,0.5,1.0,0.0,1.0
heat,64,64,16,10000,1,0,6.8913280963897705,0.0014948844909667969,0.02553391456604004,false,0.4327356495958246,1.2273277281759172,0.0002056519891435858,0.00047523699361414954,0.00016125998597565447,0.0003726524175354431,0.0,1.0,1.0,0.05,2.0,2.0,0.0,0.5,1.0,0.0,1.0
drift_diffusion,64,64,16,0,1000,7,0.002521038055419922,0.0016388893127441406,0.04008603096008301,false,0.8554423113014339,2.408219796594739,0.0050561546878410794,0.005910573537272032,0.003851464283566381,0.004502307441055757,0.0,1.0,1.0,0.05,2.0,2.0,0.0,0.5,1.0,0.0,1.0
drift_diffusion,64,64,16,0,10000,6,0.006406068801879883,0.0016961097717285156,0.04191017150878906,false,0.8519169591817627,2.3982953134912046,0.005054898288003975,0.0059335575299017795,0.003851464283566381,0.004520938622076007,0.0,1.0,1.0,0.05,2.0,2.0,0.0,0.5,1.0,0.0,1.0
poisson_2d,64,32,64,10000,1,0,9.913221836090088,0.004920005798339844,0.008918046951293945,false,0.2706841472209204,0.5499614419726634,0.00007884082763806852,0.00029126503508800647,0.00010200512199543541,0.0003768418765661342,0.0,1.0,1.0,0.05,2.0,2.0,0.0,0.5,1.0,0.0,1.0
wave,8,8,16,0,100,6,0.0020918846130371094,0.000025033950805664062,0.0033447742462158203,false,0.8326516815416355,1.678468021408699,0.043377055664979534,0.052095079643228376,0.018958173771005418,0.022768432696736757,0.0,1.0,1.0,0.05,2.0,2.0,0.0,0.5,1.0,0.0,1.0
heat,128,128,16,10000,1000,4,19.808025121688843,0.0038640499114990234,0.07173395156860352,false,0.00007449896556529228,0.00021134180417768707,1.616107754822202e-6,0.021693022749472216,0.00003992627534176886,0.5359306003614659,0.0,1.0,1.0,0.05,2.0,2.0,0.0,0.5,1.0,0.0,1.0
poisson_2d,256,32,256,0,10000,8,0.007150888442993164,0.14818191528320312,0.15627312660217285,false,0.49993856051578905,1.0037982077807213,6.301775464490402e-6,0.000012605099830644845,6.299580846651019e-6,0.000012600710055555046,0.0,1.0,1.0,0.05,2.0,2.0,0.0,0.5,1.0,0.0,1.0
drift_diffusion,32,32,16,10000,1000,0,25.139152765274048,0.0006363391876220703,0.017874956130981445,false,0.009980193984349437,0.027883808921032937,0.0028050343795763236,0.28106010604353426,0.015825675346876712,1.5857081908121002,0.0,1.0,1.0,0.05,2.0,2.0,0.0,0.5,1.0,0.0,1.0
heat,16,16,16,10000,1000,6,19.479942798614502,0.0002770423889160156,0.006104230880737305,false,0.0003937196682328868,0.001114823930459133,0.00010059918008717297,0.25550966386480495,0.002749210983530936,6.982661028516534,0.0,1.0,1.0,0.05,2.0,2.0,0.0,0.5,1.0,0.0,1.0
poisson_1d,256,32,16,10000,10000,7,82.76921677589417,0.00005078315734863281,0.0007758140563964844,false,2.7439191888726013e-6,3.888089085415488e-6,9.179231789754506e-9,0.0033452996089113917,8.926404123405047e-6,3.253158532976818,0.0,1.0,1.0,0.05,2.0,2.0,0.0,0.5,1.0,0.0,1.0
poisson_2d,128,32,128,0,1,4,0.002093791961669922,0.025838851928710938,0.04228472709655762,false,0.5015370078848617,1.010972236366335,0.000025370388774851667,0.0000505852776086186,0.000025298111418601268,0.00005044116589778949,0.0,1.0,1.0,0.05,2.0,2.0,0.0,0.5,1.0,0.0,1.0
poisson_2d,256,32,256,0,1,4,0.002093791961669922,0.13950490951538086,0.21513700485229492,false,0.5035115630460162,1.010972236390432,6.317579160860565e-6,0.000012547038885546303,6.299580846651019e-6,0.000012511293302861639,0.0,1.0,1.0,0.05,2.0,2.0,0.0,0.5,1.0,0.0,1.0
poisson_2d,256,32,256,0,1,0,0.0017731189727783203,0.13407015800476074,0.19575023651123047,false,0.4940067326025895,0.9918880278138263,6.269645110606382e-6,0.000012691416324582935,6.299580846651019e-6,0.000012752014154671051,0.0,1.0,1.0,0.05,2.0,2.0,0.0,0.5,1.0,0.0,1.0
wave,128,128,16,0,100,1,0.0022301673889160156,0.00045418739318847656,0.08989787101745605,false,0.8657668740771844,1.7315865927898517,0.00012603987852110687,0.00014558177529655657,0.00006338688741085187,0.00007321472940208708,0.0,1.0,1.0,0.05,2.0,2.0,0.0,0.5,1.0,0.0,1.0
poisson_2d,64,32,64,0,100,7,0.0018939971923828125,0.004199028015136719,0.00783395767211914,false,0.5159678803964446,1.048315693503887,0.00010349915343790574,0.0002005922410487684,0.00010200512199543541,0.00019769665103389696,0.0,1.0,1.0,0.05,2.0,2.0,0.0,0.5,1.0,0.0,1.0
poisson_2d,256,32,256,0,0,1,0.0019121170043945312,0.14170098304748535,0.21985411643981934,false,0.4797920800418068,0.963347235221196,6.197267840668729e-6,0.000012916569694374128,6.299580846651019e-6,0.00001312981416054659,0.0,1.0,1.0,0.05,2.0,2.0,0.0,0.5,1.0,0.0,1.0
poisson_2d,128,32,128,0,100,8,0.0019290447235107422,0.025599956512451172,0.033004045486450195,false,0.4979780171358866,1.0037982077699759,0.00002530692443688859,0.00005081936062648106,0.000025298111418601268,0.00005080166302139799,0.0,1.0,1.0,0.05,2.0,2.0,0.0,0.5,1.0,0.0,1.0
wave,8,8,16,0,10,5,0.0017931461334228516,0.000033855438232421875,0.0037789344787597656,false,0.8291937124091808,1.6714974108442704,0.043365285079893054,0.052298135442799466,0.018958173771005418,0.022863383413657817,0.0,1.0,1.0,0.05,2.0,2.0,0.0,0.5,1.0,0.0,1.0
poisson_2d,64,32,64,0,1000,2,0.003175020217895508,0.004385709762573242,0.008890867233276367,false,0.5024003989260288,1.020750016865582,0.00010252162466432133,0.00020406358132573084,0.00010200512199543541,0.00020303551154316293,0.0,1.0,1.0,0.05,2.0,2.0,0.0,0.5,1.0,0.0,1.0
drift_diffusion,128,128,16,0,1000,1,0.00279998779296875,0.004594326019287109,0.11034393310546875,false,0.8574152169835773,2.4232071462541778,0.0012501283909538885,0.0014580198323886676,0.0009525133211054325,0.001110912545331787,0.0,1.0,1.0,0.05,2.0,2.0,0.0,0.5,1.0,0.0,1.0
heat,64,64,16,10000,1,1,6.849575042724609,0.0016262531280517578,0.027225971221923828,false,0.43371823957811395,1.2301145564204077,0.00020572345542825042,0.0004743251186031778,0.00016125998597565447,0.0003718081723575082,0.0,1.0,1.0,0.05,2.0,2.0,0.0,0.5,1.0,0.0,1.0
heat,64,64,16,10000,1000,0,19.752707958221436,0.0016560554504394531,0.027418851852416992,false,0.00006273710624097489,0.00017793539808190974,5.85061042798168e-6,0.09325598164346319,0.00016125998597565447,2.5704084175638187,0.0,1.0,1.0,0.05,2.0,2.0,0.0,0.5,1.0,0.0,1.0
heat,128,128,16,0,10000,8,0.007058858871459961,0.004384040832519531,0.07742118835449219,false,0.43763053181717576,1.2414887301545547,0.00005073928177341165,0.00011594090924764007,0.00003992627534176886,0.0000912328378369369,0.0,1.0,1.0,0.05,2.0,2.0,0.0,0.5,1.0,0.0,1.0
poisson_2d,16,32,16,0,10000,5,0.008468866348266602,0.00017213821411132812,0.001302957534790039,false,0.4769058913732205,1.0173992349295367,0.0017292052208186203,0.0036258835382374545,0.00171723760469867,0.0036007892453456427,0.0,1.0,1.0,0.05,2.0,2.0,0.0,0.5,1.0,0.0,1.0
poisson_1d,256,32,16,10000,10,5,6.492530107498169,0.000053882598876953125,0.0007297992706298828,false,0.00029501975189677416,0.00041803821409300626,3.5682968213050365e-7,0.0012095111592909057,8.926404123405047e-6,0.03025697115535953,0.0,1.0,1.0,0.05,2.0,2.0,0.0,0.5,1.0,0.0,1.0
poisson_2d,16,32,16,0,10,9,0.00185394287109375,0.00018215179443359375,0.0014798641204833984,false,0.4743051363608075,1.0118509575697223,0.001727734839886519,0.0036426652537285987,0.00171723760469867,0.003620533435236413,0.0,1.0,1.0,0.05,2.0,2.0,0.0,0.5,1.0,0.0,1.0
poisson_1d,8,32,16,10000,100,3,7.830432891845703,0.00002002716064453125,0.0004050731658935547,false,4.76195904787727e-6,7.1994053680898135e-6,8.058872132049106e-6,1.6923438548830572,0.011214972573078455,2355.117391831041,0.0,1.0,1.0,0.05,2.0,2.0,0.0,0.5,1.0,0.0,1.0
poisson_2d,8,32,8,10000,10000,7,144.9688482284546,0.000064849853515625,0.0008289813995361328,false,7.798103237343356e-6,0.000017824235971070518,0.000029527099861667255,3.786446391205748,0.007418007097193637,951.2578727574867,0.0,1.0,1.0,0.05,2.0,2.0,0.0,0.5,1.0,0.0,1.0
poisson_1d,128,32,16,0,10000,9,0.004002809524536133,0.0000438690185546875,0.0008478164672851562,false,0.7160752050627486,1.0166623911102532,0.00003636569666766397,0.00005078474496889931,0.00003591751011898671,0.000050158851842718545,0.0,1.0,1.0,0.05,2.0,2.0,0.0,0.5,1.0,0.0,1.0
poisson_1d,16,32,16,10000,1,2,5.809880971908569,0.00002574920654296875,0.00036525726318359375,false,0.09250244344711991,0.13510846640088936,0.0005765305162677071,0.006232597699943859,0.0025081860605056672,0.027114808723290622,0.0,1.0,1.0,0.05,2.0,2.0,0.0,0.5,1.0,0.0,1.0
poisson_2d,128,32,128,0,10000,4,0.01032400131225586,0.023405075073242188,0.03299713134765625,false,0.5015370078848617,1.010972236366335,0.000025370388774851667,0.0000505852776086186,0.000025298111418601268,0.00005044116589778949,0.0,1.0,1.0,0.05,2.0,2.0,0.0,0.5,1.0,0.0,1.0
drift_diffusion,64,64,16,10000,10,7,11.723608016967773,0.0015439987182617188,0.03728485107421875,false,0.7283594286301174,2.050459244171526,0.005539015383368625,0.007604782976155446,0.003851464283566381,0.005287862190251496,0.0,1.0,1.0,0.05,2.0,2.0,0.0,0.5,1.0,0.0,1.0
heat,16,16,16,10000,100,7,9.068209886550903,0.0002639293670654297,0.0055370330810546875,false,0.0001945919502634482,0.0005509904135652351,0.00012943075028705063,0.6651392830574665,0.002749210983530936,14.128081761899738,0.0,1.0,1.0,0.05,2.0,2.0,0.0,0.5,1.0,0.0,1.0
heat,32,32,16,0,10000,5,0.006636857986450195,0.0006058216094970703,0.012598991394042969,false,0.4306013292264639,1.2206726518154825,0.0008463228874457013,0.00196544420558581,0.0006581365706071615,0.001528412770553783,0.0,1.0,1.0,0.05,2.0,2.0,0.0,0.5,1.0,0.0,1.0
heat,8,8,16,0,1,9,0.002766132354736328,0.00012803077697753906,0.003528118133544922,false,0.4095528586159714,1.1561949908975477,0.016224550152005947,0.0396152775171308,0.012171854008336707,0.02971986094656949,0.0,1.0,1.0,0.05,2.0,2.0,0.0,0.5,1.0,0.0,1.0
heat,8,8,16,0,1000,2,0.002081155776977539,0.0001220703125,0.0027031898498535156,false,0.4115326042369817,1.1617839446116025,0.016221976957046684,0.03941844896377938,0.012171854008336707,0.029576888642649377,0.0,1.0,1.0,0.05,2.0,2.0,0.0,0.5,1.0,0.0,1.0
poisson_2d,8,32,8,0,100,9,0.0020127296447753906,0.00003790855407714844,0.0006186962127685547,false,0.4426839605471254,1.0118490526791433,0.007463519325072183,0.016859701254700554,0.007418007097193637,0.0167568915034227,0.0,1.0,1.0,0.05,2.0,2.0,0.0,0.5,1.0,0.0,1.0
drift_diffusion,256,256,16,10000,1,2,10.610212087631226,0.013604164123535156,0.2371821403503418,false,0.6358627543593506,1.800619390695927,0.00030138920222969447,0.00047398467698167416,0.00023700549940490983,0.0003727305897067354,0.0,1.0,1.0,0.05,2.0,2.0,0.0,0.5,1.0,0.0,1.0
wave,8,8,16,0,10000,4,0.0066339969635009766,0.00003314018249511719,0.003766775131225586,false,0.8298967582848009,1.6729146181182974,0.043365711034681315,0.05225434441304231,0.018958173771005418,0.02284401473044364,0.0,1.0,1.0,0.05,2.0,2.0,0.0,0.5,1.0,0.0,1.0
heat,8,8,16,0,100,8,0.001397848129272461,0.00011682510375976562,0.002727985382080078,false,0.4111631074201681,1.1607408304939373,0.01621917839372627,0.039447066385632376,0.012171854008336707,0.02960346827979941,0.0,1.0,1.0,0.05,2.0,2.0,0.0,0.5,1.0,0.0,1.0
heat,16,16,16,10000,1000,4,19.808025121688843,0.000263214111328125,0.006150960922241211,false,0.00006588680907857452,0.00018655961941667506,0.00009282086295200853,1.408792810730482,0.002749210983530936,41.726273012374016,0.0,1.0,1.0,0.05,2.0,2.0,0.0,0.5,1.0,0.0,1.0
heat,16,16,16,0,10,3,0.0014328956604003906,0.00026488304138183594,0.0055201053619384766,false,0.4198793525516468,1.1888955210979828,0.0035860667227324166,0.008540707469751838,0.002749210983530936,0.006547621279359698,0.0,1.0,1.0,0.05,2.0,2.0,0.0,0.5,1.0,0.0,1.0
poisson_1d,16,32,16,10000,1000,5,17.146459102630615,0.000025033950805664062,0.0003330707550048828,false,6.9747038931390675e-6,0.000010187207077843648,4.729730812717204e-6,0.6781263957745892,0.0025081860605056672,359.61183426539134,0.0,1.0,1.0,0.05,2.0,2.0,0.0,0.5,1.0,0.0,1.0
poisson_1d,256,32,16,10000,100,5,7.724610090255737,0.00005602836608886719,0.0007266998291015625,false,0.00012065108382369505,0.0001709606332652962,2.891224606087327e-8,0.0002396351955121943,8.926404123405047e-6,0.07398527920761673,0.0,1.0,1.0,0.05,2.0,2.0,0.0,0.5,1.0,0.0,1.0
poisson_2d,32,32,32,10000,10000,8,142.34719109535217,0.0006558895111083984,0.002034902572631836,false,8.50821340887696e-6,0.00001756534381187501,1.0358066348419127e-6,0.12174196685628967,0.00041476287710914914,48.74852770753675,0.0,1.0,1.0,0.05,2.0,2.0,0.0,0.5,1.0,0.0,1.0
poisson_2d,256,32,256,10000,1,0,9.913221836090088,0.1531057357788086,0.16203713417053223,false,0.2739066060397239,0.5499614991856415,4.866571333829852e-6,0.000017767265288680425,6.299580846651019e-6,0.00002299901027482852,0.0,1.0,1.0,0.05,2.0,2.0,0.0,0.5,1.0,0.0,1.0
heat,8,8,16,10000,1000,0,19.752707958221436,0.00012111663818359375,0.002768993377685547,false,0.000046992260522977506,0.00013266228054475694,0.0004440220263371742,9.448833092826398,0.012171854008336707,259.0182696650486,0.0,1.0,1.0,0.05,2.0,2.0,0.0,0.5,1.0,0.0,1.0
drift_diffusion,16,16,16,10000,0,1,0.003513813018798828,0.00029087066650390625,0.008729934692382812,true,0.8162964704412724,2.248287454650729,0.08753440592946492,0.10723359600237604,0.06769679643284385,0.08293162948046119,0.0,1.0,1.0,0.05,2.0,2.0,0.0,0.5,1.0,0.0,1.0
drift_diffusion,32,32,16,10000,1000,2,24.995678901672363,0.00067901611328125,0.020420074462890625,false,0.007700576876822177,0.021514753576108058,0.0024625639997439166,0.31978954812540217,0.015825675346876712,2.0551285442665876,0.0,1.0,1.0,0.05,2.0,2.0,0.0,0.5,1.0,0.0,1.0
wave,32,32,16,10000,1000,9,27.98876404762268,0.00009703636169433594,0.016086101531982422,false,0.00018288390195319348,0.00036594653238219163,0.00003923732854135002,0.21454774379961994,0.0010402908397117996,5.688258116766769,0.0,1.0,1.0,0.05,2.0,2.0,0.0,0.5,1.0,0.0,1.0
heat,64,64,16,0,10,5,0.001634836196899414,0.0016508102416992188,0.024596214294433594,false,0.4340732838970091,1.2311215354796055,0.00020570671382607372,0.0004738985822377424,0.00016125998597565447,0.0003715040569368834,0.0,1.0,1.0,0.05,2.0,2.0,0.0,0.5,1.0,0.0,1.0
heat,256,256,16,10000,10,0,7.372603893280029,0.011826038360595703,0.1646890640258789,false,0.14203371376051074,0.4029700977829443,0.000010154864843130107,0.00007149615801958584,9.934186103617024e-6,0.0000699424512715867,0.0,1.0,1.0,0.05,2.0,2.0,0.0,0.5,1.0,0.0,1.0
wave,16,16,16,0,1000,9,0.0025911331176757812,0.000051021575927734375,0.007302284240722656,false,0.8502327949405885,1.7037965736608487,0.009202177828339445,0.010823127363585714,0.004322163832073661,0.005083506373540531,0.0,1.0,1.0,0.05,2.0,2.0,0.0,0.5,1.0,0.0,1.0
drift_diffusion,16,16,16,0,10000,9,0.00599980354309082,0.0002949237823486328,0.010219097137451172,true,0.8124992643060823,2.2378289861584477,0.08755476093470416,0.10775980333899819,0.06769679643284385,0.08331920951419015,0.0,1.0,1.0,0.05,2.0,2.0,0.0,0.5,1.0,0.0,1.0
drift_diffusion,16,16,16,0,10,5,0.0018281936645507812,0.00034999847412109375,0.011118888854980469,true,0.8122264859946698,2.237077685524846,0.08755482850046101,0.10779607659954538,0.06769679643284385,0.08334719145478357,0.0,1.0,1.0,0.05,2.0,2.0,0.0,0.5,1.0,0.0,1.0
poisson_1d,8,32,16,0,10,4,0.0012879371643066406,0.00002002716064453125,0.0003447532653808594,false,0.6628983628173165,1.002208121443706,0.011085319992887461,0.01672250319909507,0.011214972573078455,0.016918087601566618,0.0,1.0,1.0,0.05,2.0,2.0,0.0,0.5,1.0,0.0,1.0
poisson_1d,8,32,16,0,1000,9,0.0015702247619628906,0.00002002716064453125,0.0003457069396972656,false,0.6724584158077347,1.0166615630055607,0.01135552097328677,0.01688657723116885,0.011214972573078455,0.016677570403528075,0.0,1.0,1.0,0.05,2.0,2.0,0.0,0.5,1.0,0.0,1.0
wave,256,256,16,0,1,6,0.0020961761474609375,0.001093149185180664,0.2113661766052246,false,0.8707115022323686,1.7414362906199319,0.00003121391102945786,0.00003584874088539115,0.000015783443300198566,0.000018127064199487748,0.0,1.0,1.0,0.05,2.0,2.0,0.0,0.5,1.0,0.0,1.0
drift_diffusion,8,8,16,10000,10000,1,114.46297287940979,0.00014591217041015625,0.004513978958129883,true,0.004259246895825747,0.011452421156878605,0.03250265476499715,7.6310802261429,0.26151842143576154,61.40015543406398,0.0,1.0,1.0,0.05,2.0,2.0,0.0,0.5,1.0,0.0,1.0
poisson_2d,32,32,32,0,1000,1,0.003052949905395508,0.0007159709930419922,0.002329111099243164,false,0.4666213250742077,0.9633472517661059,0.0004080252333465781,0.0008744247453364651,0.00041476287710914914,0.0008888639563208742,0.0,1.0,1.0,0.05,2.0,2.0,0.0,0.5,1.0,0.0,1.0
poisson_2d,16,32,16,10000,1,5,9.626037120819092,0.00015997886657714844,0.0010650157928466797,false,0.09549760241013473,0.20372821847495404,0.0007325124713853147,0.007670480230900286,0.00171723760469867,0.017981997048717797,0.0,1.0,1.0,0.05,2.0,2.0,0.0,0.5,1.0,0.0,1.0
wave,32,32,16,10000,10,7,10.843138933181763,0.00009489059448242188,0.015046834945678711,false,0.28270594749692673,0.5656881773924539,0.004167775784133079,0.014742441116058887,0.0010402908397117996,0.0036797628381097574,0.0,1.0,1.0,0.05,2.0,2.0,0.0,0.5,1.0,0.0,1.0
poisson_2d,128,32,128,0,10000,1,0.0071430206298828125,0.02369403839111328,0.031597137451171875,false,0.4779105425003459,0.9633472352762875,0.0000248872348893386,0.000052075090788189885,0.000025298111418601268,0.00005293482601627887,0.0,1.0,1.0,0.05,2.0,2.0,0.0,0.5,1.0,0.0,1.0
drift_diffusion,64,64,16,0,100,0,0.0019059181213378906,0.0016069412231445312,0.03789520263671875,false,0.8483757420454889,2.388326167589781,0.00505180265079598,0.005954675977198211,0.003851464283566381,0.00453980953566665,0.0,1.0,1.0,0.05,2.0,2.0,0.0,0.5,1.0,0.0,1.0
heat,16,16,16,10000,10,9,7.7358598709106445,0.00029277801513671875,0.005463123321533203,false,0.09459885873600238,0.26785827588028394,0.02081531726112564,0.22003772074264713,0.002749210983530936,0.029061777491451283,0.0,1.0,1.0,0.05,2.0,2.0,0.0,0.5,1.0,0.0,1.0
drift_diffusion,32,32,16,10000,10,3,11.310987949371338,0.0006279945373535156,0.019314289093017578,false,0.7025421673525593,1.9628427647946223,0.023945601150287567,0.03408421908755102,0.015825675346876712,0.022526299604924433,0.0,1.0,1.0,0.05,2.0,2.0,0.0,0.5,1.0,0.0,1.0
poisson_2d,64,32,64,10000,1000,4,28.352532863616943,0.00439763069152832,0.008744955062866211,false,0.000010755943565165862,0.000021853345656209996,3.109905141693073e-7,0.028913364251332452,0.00010200512199543541,9.483605169223857,0.0,1.0,1.0,0.05,2.0,2.0,0.0,0.5,1.0,0.0,1.0
poisson_1d,128,32,16,0,1000,0,0.0019330978393554688,0.00004315376281738281,0.0006909370422363281,false,0.7070151316135906,1.0037991668688158,0.00003634235119615262,0.000051402508335585424,0.00003591751011898671,0.000050801614439303016,0.0,1.0,1.0,0.05,2.0,2.0,0.0,0.5,1.0,0.0,1.0
heat,64,64,16,0,1,1,0.0024793148040771484,0.0017540454864501953,0.026935100555419922,false,0.4368275045089558,1.238933074301778,0.00020572587534186074,0.00047095449168916263,0.00016125998597565447,0.0003691617041306251,0.0,1.0,1.0,0.05,2.0,2.0,0.0,0.5,1.0,0.0,1.0
poisson_1d,32,32,16,0,100,6,0.00125885009765625,0.00002193450927734375,0.0003180503845214844,false,0.6481801681524192,0.9313327589502478,0.0005741552431556212,0.0008857957576705877,0.000595948894502332,0.0009194185872749425,0.0,1.0,1.0,0.05,2.0,2.0,0.0,0.5,1.0,0.0,1.0
poisson_2d,256,32,256,10000,100,8,12.465276002883911,0.13225293159484863,0.1590120792388916,false,0.00023798440353624178,0.00047783535141394414,4.528344644557115e-8,0.00019027905094905128,6.299580846651019e-6,0.02647056173867727,0.0,1.0,1.0,0.05,2.0,2.0,0.0,0.5,1.0,0.0,1.0
wave,256,256,16,0,1,7,0.002151966094970703,0.0009541511535644531,0.21172785758972168,false,0.8753425443230333,1.7506984454661643,0.0000312142789808559,0.00003565950173825516,0.000015783443300198566,0.000018031162089128273,0.0,1.0,1.0,0.05,2.0,2.0,0.0,0.5,1.0,0.0,1.0
poisson_1d,256,32,16,10000,10,2,6.502956867218018,0.000051975250244140625,0.0008828639984130859,false,0.0004080603541508446,0.0005782149181356015,4.1620927959509303e-7,0.0010199699023961885,8.926404123405047e-6,0.0218752055488907,0.0,1.0,1.0,0.05,2.0,2.0,0.0,0.5,1.0,0.0,1.0
wave,32,32,16,0,1,7,0.002151966094970703,0.0001327991485595703,0.014990091323852539,false,0.8673636784800858,1.7355750126945881,0.002130982914588507,0.0024568505316278737,0.0010402908397117996,0.0011993709968749677,0.0,1.0,1.0,0.05,2.0,2.0,0.0,0.5,1.0,0.0,1.0
wave,128,128,16,10000,10,2,10.43802785873413,0.0004291534423828125,0.09491086006164551,false,0.4152386633154698,0.8305026719478584,0.0000967567028280267,0.00023301467656088078,0.00006338688741085187,0.0001526516989163286,0.0,1.0,1.0,0.05,2.0,2.0,0.0,0.5,1.0,0.0,1.0
poisson_1d,16,32,16,0,1000,2,0.0018932819366455078,0.000029802322387695312,0.0003941059112548828,false,0.6306472328960332,0.9211192407609903,0.002400801828580642,0.0038068855349698036,0.0025081860605056672,0.003977161762825272,0.0,1.0,1.0,0.05,2.0,2.0,0.0,0.5,1.0,0.0,1.0
poisson_1d,32,32,16,0,1000,9,0.0015702247619628906,0.000023126602172851562,0.0003218650817871094,false,0.7075670772925226,1.016662388970607,0.0006033867629486462,0.000852762631717521,0.000595948894502332,0.0008422507400750001,0.0,1.0,1.0,0.05,2.0,2.0,0.0,0.5,1.0,0.0,1.0
drift_diffusion,256,256,16,10000,10,3,11.310987949371338,0.012836217880249023,0.21497869491577148,false,0.712601164355906,2.017925197811786,0.0003465875838643031,0.0004863696569701381,0.00023700549940490983,0.00033259207430446784,0.0,1.0,1.0,0.05,2.0,2.0,0.0,0.5,1.0,0.0,1.0
heat,8,8,16,0,100,4,0.0016529560089111328,0.00014591217041015625,0.0035572052001953125,false,0.4097007689585443,1.1566125516435835,0.016214072381377696,0.039575401390126067,0.012171854008336707,0.0297091314699688,0.0,1.0,1.0,0.05,2.0,2.0,0.0,0.5,1.0,0.0,1.0
poisson_1d,64,32,16,10000,1000,2,17.26138710975647,0.00003075599670410156,0.00046896934509277344,false,3.6279638387280605e-6,5.171275312809748e-6,2.1221164028298025e-7,0.05849331738420273,0.00014539741646764722,40.07686485502978,0.0,1.0,1.0,0.05,2.0,2.0,0.0,0.5,1.0,0.0,1.0
poisson_2d,16,32,16,10000,100,6,12.506900310516357,0.00019598007202148438,0.0014619827270507812,false,0.000015491716735713892,0.00003304899570285629,6.384863903329587e-6,0.4121469564808786,0.00171723760469867,110.84876092065022,0.0,1.0,1.0,0.05,2.0,2.0,0.0,0.5,1.0,0.0,1.0
wave,16,16,16,10000,10000,3,144.66152095794678,0.000051021575927734375,0.007721900939941406,false,0.0001947290343201253,0.00039022096470661184,0.0002644777251075822,1.3581833137048147,0.004322163832073661,22.19578527240067,0.0,1.0,1.0,0.05,2.0,2.0,0.0,0.5,1.0,0.0,1.0
poisson_2d,16,32,16,10000,1,2,9.319634914398193,0.00020599365234375,0.0012059211730957031,false,0.1472829654627665,0.3142036596539018,0.001588023988289706,0.010782129374568855,0.00171723760469867,0.011659444792566935,0.0,1.0,1.0,0.05,2.0,2.0,0.0,0.5,1.0,0.0,1.0
poisson_2d,64,32,64,0,1,6,0.0021669864654541016,0.004366874694824219,0.00947880744934082,false,0.49378541286945254,1.0032465531315857,0.00010196985357067695,0.00020650641131360396,0.00010200512199543541,0.00020657783591189965,0.0,1.0,1.0,0.05,2.0,2.0,0.0,0.5,1.0,0.0,1.0
poisson_2d,64,32,64,0,10000,5,0.008468866348266602,0.00469517707824707,0.008850812911987305,false,0.500751269765354,1.0173994052375444,0.0001027164321722949,0.0002051246564395664,0.00010200512199543541,0.0002037041704222413,0.0,1.0,1.0,0.05,2.0,2.0,0.0,0.5,1.0,0.0,1.0
heat,128,128,16,0,0,0,0.006593942642211914,0.0044748783111572266,0.0727701187133789,false,0.4345581207887809,1.2327727851076762,0.000050696370540610114,0.00011666188736408706,0.00003992627534176886,0.00009187787186969912,0.0,1.0,1.0,0.05,2.0,2.0,0.0,0.5,1.0,0.0,1.0
drift_diffusion,256,256,16,0,1,3,0.002309083938598633,0.013098001480102539,0.27858400344848633,false,0.8541815824737834,2.4188488947229825,0.0003111026308827257,0.00036421135419678055,0.00023700549940490983,0.0002774650077545824,0.0,1.0,1.0,0.05,2.0,2.0,0.0,0.5,1.0,0.0,1.0
heat,64,64,16,0,1000,1,0.002048015594482422,0.001466989517211914,0.024448871612548828,false,0.4368275045089558,1.238933074301778,0.00020572587534186074,0.00047095449168916263,0.00016125998597565447,0.0003691617041306251,0.0,1.0,1.0,0.05,2.0,2.0,0.0,0.5,1.0,0.0,1.0
heat,64,64,16,0,100,9,0.0016620159149169922,0.001477956771850586,0.02472090721130371,false,0.43410849331460605,1.231221396664026,0.00020587274437959942,0.00047424260881806746,0.00016125998597565447,0.00037147392520327054,0.0,1.0,1.0,0.05,2.0,2.0,0.0,0.5,1.0,0.0,1.0
heat,16,16,16,10000,10000,7,94.02420806884766,0.00026702880859375,0.006373167037963867,false,0.0018641357755036585,0.005278332122659462,0.00009613040816939741,0.05156835110007983,0.002749210983530936,1.474791171146317,0.0,1.0,1.0,0.05,2.0,2.0,0.0,0.5,1.0,0.0,1.0
poisson_1d,8,32,16,0,1,5,0.0015048980712890625,0.0000209808349609375,0.00047087669372558594,false,0.6699407314469691,1.0128551820350793,0.011256458224247503,0.016802170245620505,0.011214972573078455,0.01674024588541711,0.0,1.0,1.0,0.05,2.0,2.0,0.0,0.5,1.0,0.0,1.0
heat,32,32,16,0,10,0,0.0015568733215332031,0.0005791187286376953,0.011178016662597656,false,0.4293616673703614,1.217158446859447,0.0008459963546519755,0.0019703583690488854,0.0006581365706071615,0.0015328256354088122,0.0,1.0,1.0,0.05,2.0,2.0,0.0,0.5,1.0,0.0,1.0
wave,8,8,16,10000,1,4,9.316441059112549,0.000026941299438476562,0.0034837722778320312,false,0.827613980391844,1.6683129704206516,0.043362160936333626,0.0523941861347041,0.018958173771005418,0.022907024555130686,0.0,1.0,1.0,0.05,2.0,2.0,0.0,0.5,1.0,0.0,1.0
poisson_1d,64,32,16,10000,1000,0,17.56595492362976,0.000032901763916015625,0.00044727325439453125,false,0.0010554788714910765,0.0015044725013708224,2.1465010723828672e-7,0.00020336750742819693,0.00014539741646764722,0.13775492849253373,0.0,1.0,1.0,0.05,2.0,2.0,0.0,0.5,1.0,0.0,1.0
poisson_1d,256,32,16,0,10,5,0.0011930465698242188,0.000057220458984375,0.0008871555328369141,false,0.7147977496871863,1.0128568436376562,8.959546746179332e-6,0.000012534380179708533,8.926404123405047e-6,0.000012488013745582532,0.0,1.0,1.0,0.05,2.0,2.0,0.0,0.5,1.0,0.0,1.0
wave,64,64,16,10000,10,2,10.43802785873413,0.00020074844360351562,0.037599802017211914,false,0.4158011531730554,0.8317038388910645,0.00039344890878381943,0.0009462429475756333,0.0002556346352812184,0.0006148002075762013,0.0,1.0,1.0,0.05,2.0,2.0,0.0,0.5,1.0,0.0,1.0
poisson_2d,128,32,128,10000,100,2,12.32990312576294,0.02288222312927246,0.03055119514465332,false,0.0001384553999600652,0.00027909119991950145,1.984992226235653e-7,0.00143366905646638,0.000025298111418601268,0.18271668295985385,0.0,1.0,1.0,0.05,2.0,2.0,0.0,0.5,1.0,0.0,1.0
heat,128,128,16,0,1,4,0.0023589134216308594,0.004270076751708984,0.0744791030883789,false,0.43613340119916805,1.2372416069428627,0.000050722855722153943,0.0001163012408191833,0.00003992627534176886,0.00009154601604002305,0.0,1.0,1.0,0.05,2.0,2.0,0.0,0.5,1.0,0.0,1.0
poisson_2d,8,32,8,0,1000,1,0.003052949905395508,0.00004601478576660156,0.0006892681121826172,false,0.421467241973415,0.9633536959392338,0.007297020410249868,0.017313374999403018,0.007418007097193637,0.01760043571230037,0.0,1.0,1.0,0.05,2.0,2.0,0.0,0.5,1.0,0.0,1.0
poisson_1d,256,32,16,10000,10,1,6.621852159500122,0.00005698204040527344,0.0007901191711425781,false,0.0002132558714304296,0.00030218011866818106,2.548841909825814e-7,0.00119520362685823,8.926404123405047e-6,0.0418577179775935,0.0,1.0,1.0,0.05,2.0,2.0,0.0,0.5,1.0,0.0,1.0
drift_diffusion,64,64,16,10000,1,6,10.608177900314331,0.0016770362854003906,0.04026436805725098,false,0.7436121523600205,2.0933983304816954,0.004917252002861397,0.006612656863198632,0.003851464283566381,0.005179399329802359,0.0,1.0,1.0,0.05,2.0,2.0,0.0,0.5,1.0,0.0,1.0
poisson_2d,16,32,16,0,10000,9,0.007002830505371094,0.00017380714416503906,0.0014150142669677734,false,0.4743051363608075,1.0118509575697223,0.001727734839886519,0.0036426652537285987,0.00171723760469867,0.003620533435236413,0.0,1.0,1.0,0.05,2.0,2.0,0.0,0.5,1.0,0.0,1.0
poisson_2d,128,32,128,10000,1000,0,28.324959993362427,0.025616884231567383,0.03270292282104492,false,0.000014683031285635529,0.000029597291410414914,1.310048846951486e-7,0.00892219611507734,0.000025298111418601268,1.722948819374799,0.0,1.0,1.0,0.05,2.0,2.0,0.0,0.5,1.0,0.0,1.0
poisson_2d,256,32,256,0,10,6,0.001959085464477539,0.1393139362335205,0.1662590503692627,false,0.4996638107504343,1.0032465533498913,6.297406753454148e-6,0.000012603287686567109,6.299580846651019e-6,0.000012607638798554999,0.0,1.0,1.0,0.05,2.0,2.0,0.0,0.5,1.0,0.0,1.0
drift_diffusion,128,128,16,10000,1,8,10.438159942626953,0.004189968109130859,0.10169768333435059,false,0.616021023345595,1.7409844337325884,0.0012194037737908925,0.001979484023399624,0.0009525133211054325,0.0015462350877772902,0.0,1.0,1.0,0.05,2.0,2.0,0.0,0.5,1.0,0.0,1.0
heat,64,64,16,0,100,3,0.0014603137969970703,0.0014922618865966797,0.023916006088256836,false,0.4302900561975142,1.2203915199102153,0.0002056740600897474,0.0004779893402773353,0.00016125998597565447,0.0003747704220746202,0.0,1.0,1.0,0.05,2.0,2.0,0.0,0.5,1.0,0.0,1.0
wave,16,16,16,0,10000,7,0.00733494758605957,0.000050067901611328125,0.007227897644042969,false,0.85788514152836,1.719131246675457,0.009202217658634321,0.010726631355615001,0.004322163832073661,0.005038161430763955,0.0,1.0,1.0,0.05,2.0,2.0,0.0,0.5,1.0,0.0,1.0
heat,128,128,16,10000,10,3,7.890196800231934,0.00460505485534668,0.07620096206665039,false,0.10066251523965943,0.28556366417153056,0.00003283719941875642,0.00032621079793781127,0.00003992627534176886,0.0003966349861883692,0.0,1.0,1.0,0.05,2.0,2.0,0.0,0.5,1.0,0.0,1.0
poisson_1d,256,32,16,10000,0,0,0.0021538734436035156,0.000051021575927734375,0.0006148815155029297,false,0.7084055265207946,1.003799166857095,9.031985267117693e-6,0.000012749738573436392,8.926404123405047e-6,0.000012600698031317546,0.0,1.0,1.0,0.05,2.0,2.0,0.0,0.5,1.0,0.0,1.0
heat,128,128,16,10000,10000,6,93.10778307914734,0.004583835601806641,0.07351517677307129,false,0.00015915329203224142,0.00045149276400936354,1.7553726473174018e-6,0.011029446044764779,0.00003992627534176886,0.25086678906808585,0.0,1.0,1.0,0.05,2.0,2.0,0.0,0.5,1.0,0.0,1.0
poisson_2d,64,32,64,0,10,6,0.001959085464477539,0.00426793098449707,0.008864164352416992,false,0.49378541286945254,1.0032465531315857,0.00010196985357067695,0.00020650641131360396,0.00010200512199543541,0.00020657783591189965,0.0,1.0,1.0,0.05,2.0,2.0,0.0,0.5,1.0,0.0,1.0
drift_diffusion,16,16,16,0,1000,8,0.002511739730834961,0.00032520294189453125,0.009533882141113281,true,0.8147342938784675,2.2439848243009926,0.08758418555352415,0.10750030557396534,0.06769679643284385,0.0830906430985978,0.0,1.0,1.0,0.05,2.0,2.0,0.0,0.5,1.0,0.0,1.0
wave,8,8,16,10000,10,5,10.62522006034851,0.000027894973754882812,0.0037631988525390625,false,0.33600299219584107,0.6773183673323975,0.24997539452778866,0.743967763186136,0.018958173771005418,0.0564226337602242,0.0,1.0,1.0,0.05,2.0,2.0,0.0,0.5,1.0,0.0,1.0
heat,16,16,16,10000,100,1,9.324801683425903,0.00030303001403808594,0.005875110626220703,false,0.0002243790218116819,0.0006353330127788131,0.0002123975398439454,0.9466015946094681,0.002749210983530936,12.25253128091932,0.0,1.0,1.0,0.05,2.0,2.0,0.0,0.5,1.0,0.0,1.0
drift_diffusion,256,256,16,0,10,3,0.001990079879760742,0.012638092041015625,0.23826122283935547,false,0.8541815824737834,2.4188488947229825,0.0003111026308827257,0.00036421135419678055,0.00023700549940490983,0.0002774650077545824,0.0,1.0,1.0,0.05,2.0,2.0,0.0,0.5,1.0,0.0,1.0
drift_diffusion,8,8,16,0,1,4,0.0020148754119873047,0.00014519691467285156,0.004909992218017578,true,0.7642315281948454,2.0548941013093094,0.3607045288637471,0.4719833133759214,0.26151842143576154,0.34219789656346894,0.0,1.0,1.0,0.05,2.0,2.0,0.0,0.5,1.0,0.0,1.0
poisson_1d,8,32,16,0,0,0,0.001726388931274414,0.000031948089599609375,0.0004429817199707031,false,0.6639516617155716,1.0038005596957067,0.011349082303586909,0.017093235785060373,0.011214972573078455,0.016891248594965942,0.0,1.0,1.0,0.05,2.0,2.0,0.0,0.5,1.0,0.0,1.0
drift_diffusion,8,8,16,10000,10000,5,112.24504208564758,0.00014281272888183594,0.00548100471496582,true,0.004257886759412537,0.011448763971602457,0.030238291465994806,7.101713402581447,0.26151842143576154,61.419769057417874,0.0,1.0,1.0,0.05,2.0,2.0,0.0,0.5,1.0,0.0,1.0
drift_diffusion,64,64,16,0,10,3,0.001990079879760742,0.0015480518341064453,0.037603139877319336,false,0.8454084174706576,2.379972629671883,0.005050248664883527,0.005973738326373844,0.003851464283566381,0.004555743950467653,0.0,1.0,1.0,0.05,2.0,2.0,0.0,0.5,1.0,0.0,1.0
heat,32,32,16,10000,10,3,7.890196800231934,0.0005948543548583984,0.011281013488769531,false,0.09998097498590433,0.28342699751155503,0.0005466721904892332,0.00546776214741159,0.0006581365706071615,0.006582618050083501,0.0,1.0,1.0,0.05,2.0,2.0,0.0,0.5,1.0,0.0,1.0
poisson_2d,32,32,32,0,1,2,0.001962900161743164,0.0007321834564208984,0.002418041229248047,false,0.4944257829590684,1.020750003528399,0.00041686287793830614,0.0008431252825114432,0.00041476287710914914,0.0008388779295182623,0.0,1.0,1.0,0.05,2.0,2.0,0.0,0.5,1.0,0.0,1.0
poisson_2d,8,32,8,0,10000,3,0.006891965866088867,0.00004506111145019531,0.0007369518280029297,false,0.43915201466832715,1.0037760335276045,0.0074327366509285685,0.01692520221395818,0.007418007097193637,0.016891661314126363,0.0,1.0,1.0,0.05,2.0,2.0,0.0,0.5,1.0,0.0,1.0
poisson_2d,16,32,16,0,1000,7,0.0026369094848632812,0.00016617774963378906,0.0010318756103515625,false,0.49139771648705266,1.048315128505712,0.0017423642113248044,0.003545731192608649,0.00171723760469867,0.003494598259379407,0.0,1.0,1.0,0.05,2.0,2.0,0.0,0.5,1.0,0.0,1.0
wave,8,8,16,10000,10000,5,143.17898321151733,0.00003123283386230469,0.003629922866821289,false,0.00024897264825975553,0.0005018816842304543,0.0009131773842856228,3.6677819458004453,0.018958173771005418,76.14560837710397,0.0,1.0,1.0,0.05,2.0,2.0,0.0,0.5,1.0,0.0,1.0
poisson_2d,64,32,64,10000,1,1,9.617444038391113,0.004746913909912109,0.009213924407958984,false,0.2845190673515104,0.578070486047513,0.00008991355583063387,0.0003160194382317081,0.00010200512199543541,0.00035851770127382247,0.0,1.0,1.0,0.05,2.0,2.0,0.0,0.5,1.0,0.0,1.0
poisson_1d,256,32,16,10000,1,0,6.092587947845459,0.000055789947509765625,0.0006418228149414062,false,0.10800840839618794,0.15304616678265254,2.2990562988952014e-6,0.00002128590109819952,8.926404123405047e-6,0.00008264545562658332,0.0,1.0,1.0,0.05,2.0,2.0,0.0,0.5,1.0,0.0,1.0
poisson_1d,256,32,16,10000,100,4,7.854598760604858,0.000049114227294921875,0.0006361007690429688,false,0.0011256622951314854,0.001595045255455474,1.2204785685349783e-8,0.000010842315442326416,8.926404123405047e-6,0.007929913049420907,0.0,1.0,1.0,0.05,2.0,2.0,0.0,0.5,1.0,0.0,1.0
drift_diffusion,8,8,16,0,1,8,0.0022280216217041016,0.00014901161193847656,0.004736661911010742,true,0.7657637457022017,2.0590139846190527,0.3607784608931201,0.47113546824064895,0.26151842143576154,0.34151319242196604,0.0,1.0,1.0,0.05,2.0,2.0,0.0,0.5,1.0,0.0,1.0
heat,8,8,16,10000,10,0,7.372603893280029,0.0001270771026611328,0.0031948089599609375,false,0.1357530201008538,0.3832398151736412,0.014649278353760266,0.10791125194030302,0.012171854008336707,0.08966175484931362,0.0,1.0,1.0,0.05,2.0,2.0,0.0,0.5,1.0,0.0,1.0
heat,32,32,16,0,10,6,0.0016682147979736328,0.0006740093231201172,0.012282848358154297,false,0.4344126521979041,1.2314770256125416,0.0008465372441645967,0.0019486938050297439,0.0006581365706071615,0.0015150032285600559,0.0,1.0,1.0,0.05,2.0,2.0,0.0,0.5,1.0,0.0,1.0
poisson_2d,128,32,128,0,10000,0,0.007238864898681641,0.02332782745361328,0.03223776817321777,false,0.49206945130276947,0.9918880278229051,0.00002517789269402141,0.00005116735580183272,0.000025298111418601268,0.00005141166831556747,0.0,1.0,1.0,0.05,2.0,2.0,0.0,0.5,1.0,0.0,1.0
wave,32,32,16,10000,10000,4,143.357971906662,0.00009489059448242188,0.015325069427490234,false,0.00030940928960678687,0.0006191209582099787,0.00003526624699410912,0.113979276572193,0.0010402908397117996,3.3621836016414313,0.0,1.0,1.0,0.05,2.0,2.0,0.0,0.5,1.0,0.0,1.0
drift_diffusion,16,16,16,10000,10,6,11.220563888549805,0.0003037452697753906,0.009884119033813477,true,0.7182469539620195,1.9782342254413623,0.21353621415936416,0.29730194187590775,0.06769679643284385,0.09425281382595825,0.0,1.0,1.0,0.05,2.0,2.0,0.0,0.5,1.0,0.0,1.0
drift_diffusion,8,8,16,0,1000,5,0.002458810806274414,0.0001552104949951172,0.004567623138427734,true,0.7635759491012499,2.053131355907333,0.3606507081840155,0.47231805638785684,0.26151842143576154,0.34249169548042463,0.0,1.0,1.0,0.05,2.0,2.0,0.0,0.5,1.0,0.0,1.0
wave,32,32,16,10000,1000,6,27.90100598335266,0.00009393692016601562,0.01611614227294922,false,0.00027673341600884926,0.0005537372775906509,0.000049667124138757756,0.1794764248389561,0.0010402908397117996,3.7591804224978658,0.0,1.0,1.0,0.05,2.0,2.0,0.0,0.5,1.0,0.0,1.0
drift_diffusion,8,8,16,0,1,9,0.0021390914916992188,0.00014781951904296875,0.004608154296875,true,0.7638067095822806,2.0537518332545646,0.36063678339808236,0.47215712938069304,0.26151842143576154,0.3423882222490343,0.0,1.0,1.0,0.05,2.0,2.0,0.0,0.5,1.0,0.0,1.0
wave,128,128,16,0,10,4,0.002064228057861328,0.0003972053527832031,0.0861351490020752,false,0.8668130679112591,1.7336790443155283,0.00012595788119160363,0.00014531147009022558,0.00006338688741085187,0.00007312636340796509,0.0,1.0,1.0,0.05,2.0,2.0,0.0,0.5,1.0,0.0,1.0
poisson_1d,64,32,16,0,1,3,0.0012662410736083984,0.00004100799560546875,0.0004649162292480469,false,0.6920864856782221,0.9864954329235568,0.0001423256966492362,0.00020564727038378978,0.00014539741646764722,0.0002100856171539927,0.0,1.0,1.0,0.05,2.0,2.0,0.0,0.5,1.0,0.0,1.0
poisson_1d,32,32,16,0,100,9,0.0012431144714355469,0.000022172927856445312,0.00030732154846191406,false,0.7075670772925226,1.016662388970607,0.0006033867629486462,0.000852762631717521,0.000595948894502332,0.0008422507400750001,0.0,1.0,1.0,0.05,2.0,2.0,0.0,0.5,1.0,0.0,1.0
poisson_2d,256,32,256,0,10,7,0.0019440650939941406,0.1398448944091797,0.1613140106201172,false,0.5221103560640048,1.048315695312825,6.391853659413845e-6,0.000012242342227416526,6.299580846651019e-6,0.000012065611749479953,0.0,1.0,1.0,0.05,2.0,2.0,0.0,0.5,1.0,0.0,1.0
heat,32,32,16,0,10000,8,0.007058858871459961,0.0005900859832763672,0.012470006942749023,false,0.43241487041193943,1.2258136952303458,0.0008467085472892815,0.0019580930380184787,0.0006581365706071615,0.0015220026313623035,0.0,1.0,1.0,0.05,2.0,2.0,0.0,0.5,1.0,0.0,1.0
heat,256,256,16,10000,100,2,9.018018007278442,0.011816978454589844,0.1562187671661377,false,0.00024489132005931196,0.000694791937616237,7.858624025755745e-7,0.003209025139743295,9.934186103617024e-6,0.040565692982531744,0.0,1.0,1.0,0.05,2.0,2.0,0.0,0.5,1.0,0.0,1.0
poisson_1d,16,32,16,0,1,6,0.0014350414276123047,0.00002384185791015625,0.00041174888610839844,false,0.6376400413843791,0.931332891292672,0.002416430173663213,0.0037896462217411964,0.0025081860605056672,0.0039335454138986455,0.0,1.0,1.0,0.05,2.0,2.0,0.0,0.5,1.0,0.0,1.0
heat,16,16,16,10000,10000,8,94.29605984687805,0.0002560615539550781,0.0059278011322021484,false,0.00007324143489337736,0.0002073843673768529,0.00007719006554056623,1.053912524417794,0.002749210983530936,37.53627966914356,0.0,1.0,1.0,0.05,2.0,2.0,0.0,0.5,1.0,0.0,1.0
poisson_1d,16,32,16,0,1,5,0.0015048980712890625,0.000024080276489257812,0.00035691261291503906,false,0.6934556226678216,1.012856765770551,0.0025174912813061166,0.0036303567222095226,0.0025081860605056672,0.0036169380974319905,0.0,1.0,1.0,0.05,2.0,2.0,0.0,0.5,1.0,0.0,1.0
drift_diffusion,32,32,16,0,10000,7,0.006392955780029297,0.0006759166717529297,0.019402027130126953,false,0.8438141813007277,2.3575446963399944,0.020703173729422014,0.02453522847590492,0.015825675346876712,0.018754929340582607,0.0,1.0,1.0,0.05,2.0,2.0,0.0,0.5,1.0,0.0,1.0
poisson_1d,64,32,16,10000,10000,2,83.28573513031006,0.000030040740966796875,0.00038933753967285156,false,7.491346491433603e-6,0.000010678115023449746,2.0674527842319748e-7,0.02759787958771525,0.00014539741646764722,19.408715994109887,0.0,1.0,1.0,0.05,2.0,2.0,0.0,0.5,1.0,0.0,1.0
poisson_2d,128,32,128,10000,10000,2,142.6684319972992,0.025254011154174805,0.033638954162597656,false,0.0001580520740894692,0.0003185931572197173,9.918857284169167e-8,0.0006275689415216458,0.000025298111418601268,0.16006187558326285,0.0,1.0,1.0,0.05,2.0,2.0,0.0,0.5,1.0,0.0,1.0
drift_diffusion,256,256,16,0,1000,5,0.002458810806274414,0.013365030288696289,0.23237967491149902,false,0.8560901915172072,2.4242536435139526,0.0003111963378156724,0.0003635088229011877,0.00023700549940490983,0.00027684641379300987,0.0,1.0,1.0,0.05,2.0,2.0,0.0,0.5,1.0,0.0,1.0
poisson_2d,16,32,16,10000,1000,8,27.736825704574585,0.0001690387725830078,0.0010492801666259766,false,8.007981991547085e-6,0.000017083694915300442,3.0092693081095885e-6,0.3757837256937488,0.00171723760469867,214.4407425603448,0.0,1.0,1.0,0.05,2.0,2.0,0.0,0.5,1.0,0.0,1.0
poisson_2d,16,32,16,0,1,8,0.0018620491027832031,0.00016880035400390625,0.0010528564453125,false,0.4705303822284892,1.0037981487541099,0.0017178344640401228,0.00365084706306158,0.00171723760469867,0.003649578581016646,0.0,1.0,1.0,0.05,2.0,2.0,0.0,0.5,1.0,0.0,1.0
drift_diffusion,16,16,16,10000,10000,9,113.34191489219666,0.0003001689910888672,0.010165929794311523,true,0.00839448415474644,0.023120537815358062,0.01132802337470013,1.3494603320318213,0.06769679643284385,8.064437931491677,0.0,1.0,1.0,0.05,2.0,2.0,0.0,0.5,1.0,0.0,1.0
poisson_2d,64,32,64,0,0,0,0.0019729137420654297,0.004488945007324219,0.009086847305297852,false,0.4881948887679619,0.9918880279730017,0.00010152035914872651,0.00020795047528033198,0.00010200512199543541,0.00020894344521480278,0.0,1.0,1.0,0.05,2.0,2.0,0.0,0.5,1.0,0.0,1.0
wave,8,8,16,10000,10,0,12.484607934951782,0.000027894973754882812,0.0037779808044433594,false,0.41667045885222764,0.8399286954591738,0.07927247436910437,0.19025220695383727,0.018958173771005418,0.04549920295100387,0.0,1.0,1.0,0.05,2.0,2.0,0.0,0.5,1.0,0.0,1.0
poisson_2d,128,32,128,10000,100,8,12.465276002883911,0.02545785903930664,0.032919883728027344,false,0.0002370511353338511,0.000477835359413117,1.8126278679167838e-7,0.000764656902133459,0.000025298111418601268,0.10672006013791914,0.0,1.0,1.0,0.05,2.0,2.0,0.0,0.5,1.0,0.0,1.0
drift_diffusion,16,16,16,0,1000,5,0.002458810806274414,0.00036215782165527344,0.010616064071655273,true,0.8122264859946698,2.237077685524846,0.08755482850046101,0.10779607659954538,0.06769679643284385,0.08334719145478357,0.0,1.0,1.0,0.05,2.0,2.0,0.0,0.5,1.0,0.0,1.0
poisson_1d,16,32,16,10000,1,6,5.882675886154175,0.0000209808349609375,0.00031495094299316406,false,0.10284483529430752,0.15021449656958846,0.0005858258365467959,0.005696210557101461,0.0025081860605056672,0.02438806045367349,0.0,1.0,1.0,0.05,2.0,2.0,0.0,0.5,1.0,0.0,1.0
poisson_1d,8,32,16,0,1,8,0.0013718605041503906,0.000022172927856445312,0.00047898292541503906,false,0.6558805349003162,0.9915981629224321,0.011172407645162245,0.017034211339814007,0.011214972573078455,0.017099108719216615,0.0,1.0,1.0,0.05,2.0,2.0,0.0,0.5,1.0,0.0,1.0
wave,128,128,16,0,1,9,0.0023207664489746094,0.0005960464477539062,0.1075897216796875,false,0.866705221416364,1.733463344743009,0.00012597875915493678,0.00014535364047889675,0.00006338688741085187,0.00007313546272083769,0.0,1.0,1.0,0.05,2.0,2.0,0.0,0.5,1.0,0.0,1.0
poisson_2d,8,32,8,10000,0,0,0.003144979476928711,0.00005078315734863281,0.0007190704345703125,false,0.4339514756439407,0.9918890871861497,0.00738254208657274,0.0170123677436925,0.007418007097193637,0.017094093495559733,0.0,1.0,1.0,0.05,2.0,2.0,0.0,0.5,1.0,0.0,1.0
drift_diffusion,8,8,16,10000,1,2,10.610212087631226,0.00015807151794433594,0.004884958267211914,true,0.5784719549669669,1.555416865412832,0.3552138160438609,0.6140553798569975,0.26151842143576154,0.45208487497150185,0.0,1.0,1.0,0.05,2.0,2.0,0.0,0.5,1.0,0.0,1.0
poisson_2d,8,32,8,0,1000,2,0.003175020217895508,0.00004887580871582031,0.0008950233459472656,false,0.44657571350806974,1.0207444880184446,0.007455497724026479,0.016694812320759478,0.007418007097193637,0.016610860986867326,0.0,1.0,1.0,0.05,2.0,2.0,0.0,0.5,1.0,0.0,1.0
drift_diffusion,256,256,16,10000,1000,8,23.956300735473633,0.012637853622436523,0.21220827102661133,false,0.007403243821429678,0.02096431075342173,0.00003882926848049412,0.005244899319416861,0.00023700549940490983,0.03201373683234133,0.0,1.0,1.0,0.05,2.0,2.0,0.0,0.5,1.0,0.0,1.0
poisson_2d,8,32,8,10000,10,6,10.595207214355469,0.0000400543212890625,0.0006427764892578125,false,0.08795861953085037,0.20104827321337215,0.006208388492831374,0.07058305969267577,0.007418007097193637,0.08433519235248862,0.0,1.0,1.0,0.05,2.0,2.0,0.0,0.5,1.0,0.0,1.0
wave,32,32,16,0,1,5,0.0021131038665771484,0.00011277198791503906,0.015881061553955078,false,0.8591836738669444,1.7192070093269896,0.0021304431281889457,0.0024796131409252917,0.0010402908397117996,0.0012107898128810369,0.0,1.0,1.0,0.05,2.0,2.0,0.0,0.5,1.0,0.0,1.0
poisson_1d,8,32,16,0,1,1,0.0014216899871826172,0.00006103515625,0.0005140304565429688,false,0.6901872614759494,1.0434650582457556,0.01155048862603169,0.016735296738643417,0.011214972573078455,0.016249173520090032,0.0,1.0,1.0,0.05,2.0,2.0,0.0,0.5,1.0,0.0,1.0
drift_diffusion,512,512,16,0,10000,0,0.006006956100463867,0.041380882263183594,0.5179572105407715,false,0.8586401717800313,2.4338982335820627,0.00007763195248180637,0.00009041267230820214,0.00005912145529867017,0.00006885475108403855,0.0,1.0,1.0,0.05,2.0,2.0,0.0,0.5,1.0,0.0,1.0
heat,128,128,16,10000,100,5,9.205987930297852,0.004338264465332031,0.07090306282043457,false,0.0002315924719068706,0.0006569912813604356,2.358121746779734e-6,0.010182203796878935,0.00003992627534176886,0.17239884791163257,0.0,1.0,1.0,0.05,2.0,2.0,0.0,0.5,1.0,0.0,1.0
heat,32,32,16,0,1000,1,0.002048015594482422,0.0006079673767089844,0.012269020080566406,false,0.4334418429208511,1.2287249664473825,0.0008464145007025325,0.0019527752443067484,0.0006581365706071615,0.0015183964846867373,0.0,1.0,1.0,0.05,2.0,2.0,0.0,0.5,1.0,0.0,1.0
heat,64,64,16,10000,1,3,7.042046070098877,0.00148773193359375,0.02505803108215332,false,0.4303341352864574,1.2205165373155142,0.0002056761129005478,0.00047794515014161455,0.00016125998597565447,0.00037473203437210403,0.0,1.0,1.0,0.05,2.0,2.0,0.0,0.5,1.0,0.0,1.0
heat,8,8,16,10000,10,7,7.647174119949341,0.00011992454528808594,0.0027151107788085938,false,0.11236584146054768,0.31721625258265707,0.03408024661310313,0.30329721354926964,0.012171854008336707,0.10832343575347414,0.0,1.0,1.0,0.05,2.0,2.0,0.0,0.5,1.0,0.0,1.0
wave,16,16,16,0,100,1,0.0022301673889160156,0.000051975250244140625,0.007208824157714844,false,0.8494105060651777,1.7021487744030204,0.009205969679536762,0.010838069006448526,0.004322163832073661,0.0050884275638356765,0.0,1.0,1.0,0.05,2.0,2.0,0.0,0.5,1.0,0.0,1.0
poisson_1d,64,32,16,10000,100,0,7.921542167663574,0.000029087066650390625,0.0004680156707763672,false,4.852838487359498e-6,6.917203418304587e-6,2.5818549708276077e-7,0.053202985788616895,0.00014539741646764722,29.961313743158186,0.0,1.0,1.0,0.05,2.0,2.0,0.0,0.5,1.0,0.0,1.0
poisson_2d,256,32,256,0,1000,9,0.0024368762969970703,0.13789796829223633,0.15768194198608398,false,0.5039492541715126,1.0118510515129975,6.33805210946511e-6,0.000012576766523615163,6.299580846651019e-6,0.00001250042696661485,0.0,1.0,1.0,0.05,2.0,2.0,0.0,0.5,1.0,0.0,1.0
wave,8,8,16,0,100,8,0.0020859241485595703,0.00002574920654296875,0.0035369396209716797,false,0.8313504046678567,1.675844893793569,0.04337636175607222,0.05217578714405276,0.018958173771005418,0.022804071140832168,0.0,1.0,1.0,0.05,2.0,2.0,0.0,0.5,1.0,0.0,1.0
poisson_2d,64,32,64,10000,100,4,12.445755004882812,0.004731893539428711,0.009518861770629883,false,0.00001548224361105317,0.00003145598701928262,7.016726142473218e-7,0.045321119591597674,0.00010200512199543541,6.588523250076784,0.0,1.0,1.0,0.05,2.0,2.0,0.0,0.5,1.0,0.0,1.0
poisson_2d,16,32,16,0,1000,5,0.0028820037841796875,0.000141143798828125,0.0010097026824951172,false,0.4769058913732205,1.0173992349295367,0.0017292052208186203,0.0036258835382374545,0.00171723760469867,0.0036007892453456427,0.0,1.0,1.0,0.05,2.0,2.0,0.0,0.5,1.0,0.0,1.0
heat,32,32,16,0,10000,2,0.006754875183105469,0.0006158351898193359,0.012914896011352539,false,0.4325832218824425,1.2262909395442572,0.0008468495516664562,0.001957656952068736,0.0006581365706071615,0.0015214103028388245,0.0,1.0,1.0,0.05,2.0,2.0,0.0,0.5,1.0,0.0,1.0
wave,16,16,16,10000,100,3,12.55115294456482,0.00004887580871582031,0.007930278778076172,false,0.03091501971561392,0.06195115617693998,0.011953152480527045,0.38664547493365997,0.004322163832073661,0.13980789505661217,0.0,1.0,1.0,0.05,2.0,2.0,0.0,0.5,1.0,0.0,1.0
poisson_2d,16,32,16,10000,10000,3,142.39120817184448,0.00014019012451171875,0.001255035400390625,false,0.000022283264217867525,0.000047537630331450707,3.0528536895396384e-6,0.13700208639441835,0.00171723760469867,77.06400587908573,0.0,1.0,1.0,0.05,2.0,2.0,0.0,0.5,1.0,0.0,1.0
poisson_1d,32,32,16,10000,1,1,5.950311899185181,0.000027179718017578125,0.00044798851013183594,false,0.11220377583640745,0.16121914438114004,0.00021005453534916194,0.0018720808081843898,0.000595948894502332,0.005311308733239263,0.0,1.0,1.0,0.05,2.0,2.0,0.0,0.5,1.0,0.0,1.0
drift_diffusion,16,16,16,0,100,9,0.001920938491821289,0.0002989768981933594,0.00863790512084961,true,0.8124992643060823,2.2378289861584477,0.08755476093470416,0.10775980333899819,0.06769679643284385,0.08331920951419015,0.0,1.0,1.0,0.05,2.0,2.0,0.0,0.5,1.0,0.0,1.0
poisson_1d,256,32,16,0,1000,0,0.0019330978393554688,0.00006175041198730469,0.0007748603820800781,false,0.7084055265207946,1.003799166857095,9.031985267117693e-6,0.000012749738573436392,8.926404123405047e-6,0.000012600698031317546,0.0,1.0,1.0,0.05,2.0,2.0,0.0,0.5,1.0,0.0,1.0
poisson_2d,256,32,256,10000,10000,1,142.62743616104126,0.14146208763122559,0.1521599292755127,false,0.00003326850804311249,0.0000667979455610729,2.651825781090866e-8,0.0007970978974008716,6.299580846651019e-6,0.18935567649948382,0.0,1.0,1.0,0.05,2.0,2.0,0.0,0.5,1.0,0.0,1.0
heat,256,256,16,0,10000,0,0.006740093231201172,0.013014793395996094,0.17938780784606934,false,0.43542091667678384,1.2353518381265192,0.000012586761227654844,0.000028907112050839042,9.934186103617024e-6,0.000022815132950976818,0.0,1.0,1.0,0.05,2.0,2.0,0.0,0.5,1.0,0.0,1.0
poisson_2d,8,32,8,0,100,4,0.002156972885131836,0.000057220458984375,0.000993967056274414,false,0.44229911531843497,1.0109694064421366,0.00743906959288553,0.01681909218274095,0.007418007097193637,0.016771471703833304,0.0,1.0,1.0,0.05,2.0,2.0,0.0,0.5,1.0,0.0,1.0
poisson_1d,16,32,16,10000,1000,0,17.56595492362976,0.000026941299438476562,0.0005059242248535156,false,0.0010300021508085572,0.0015044144327378257,2.6976674027334888e-6,0.0026190890966737725,0.0025081860605056672,2.435127012634376,0.0,1.0,1.0,0.05,2.0,2.0,0.0,0.5,1.0,0.0,1.0
drift_diffusion,256,256,16,0,100,7,0.0023040771484375,0.012727737426757812,0.23680710792541504,false,0.864175224770329,2.4471486276126204,0.0003114665225119129,0.0003604205647005108,0.00023700549940490983,0.0002742562996617943,0.0,1.0,1.0,0.05,2.0,2.0,0.0,0.5,1.0,0.0,1.0
drift_diffusion,8,8,16,0,10,6,0.0022039413452148438,0.00014209747314453125,0.005061149597167969,true,0.7675037332079018,2.0636925276127713,0.36089106098609325,0.47021407893052536,0.26151842143576154,0.3407389568552382,0.0,1.0,1.0,0.05,2.0,2.0,0.0,0.5,1.0,0.0,1.0
wave,128,128,16,10000,10000,7,144.45493721961975,0.0003859996795654297,0.08939790725708008,false,0.0008906450862541499,0.0017813445356588623,2.968992010136813e-6,0.0033335298829563894,0.00006338688741085187,0.0711696369172546,0.0,1.0,1.0,0.05,2.0,2.0,0.0,0.5,1.0,0.0,1.0
heat,64,64,16,10000,1000,1,19.832440853118896,0.0014581680297851562,0.024664878845214844,false,0.00007800538950101561,0.00022123940463693838,5.929225673295169e-6,0.0760104617285498,0.00016125998597565447,2.0672928756204487,0.0,1.0,1.0,0.05,2.0,2.0,0.0,0.5,1.0,0.0,1.0
drift_diffusion,16,16,16,10000,10000,3,115.92550992965698,0.0002880096435546875,0.008793115615844727,true,0.007811601704199717,0.021515131754503907,0.011318835315800623,1.448977526557093,0.06769679643284385,8.666186397656123,0.0,1.0,1.0,0.05,2.0,2.0,0.0,0.5,1.0,0.0,1.0
poisson_1d,32,32,16,0,10,6,0.0011892318725585938,0.000023126602172851562,0.0003178119659423828,false,0.6481801681524192,0.9313327589502478,0.0005741552431556212,0.0008857957576705877,0.000595948894502332,0.0009194185872749425,0.0,1.0,1.0,0.05,2.0,2.0,0.0,0.5,1.0,0.0,1.0
poisson_1d,128,32,16,10000,10000,4,82.76934385299683,0.00004506111145019531,0.0007770061492919922,false,4.689011875105563e-6,6.657320336167004e-6,5.518196488592438e-8,0.011768356821127745,0.00003591751011898671,7.659931575117224,0.0,1.0,1.0,0.05,2.0,2.0,0.0,0.5,1.0,0.0,1.0
poisson_1d,128,32,16,10000,1,9,5.765926837921143,0.00003719329833984375,0.0004649162292480469,false,0.10164324328686454,0.14431006971002389,9.222621731523841e-6,0.00009073521695382266,0.00003591751011898671,0.000353368398700323,0.0,1.0,1.0,0.05,2.0,2.0,0.0,0.5,1.0,0.0,1.0
poisson_2d,128,32,128,10000,10000,6,142.72966408729553,0.025235891342163086,0.03362274169921875,false,0.00002720735660876726,0.00005484317552633399,8.45325460082605e-8,0.0031069738682629002,0.000025298111418601268,0.929826141594228,0.0,1.0,1.0,0.05,2.0,2.0,0.0,0.5,1.0,0.0,1.0
poisson_2d,256,32,256,0,100,4,0.002156972885131836,0.1303269863128662,0.1638178825378418,false,0.5035115630460162,1.010972236390432,6.317579160860565e-6,0.000012547038885546303,6.299580846651019e-6,0.000012511293302861639,0.0,1.0,1.0,0.05,2.0,2.0,0.0,0.5,1.0,0.0,1.0
wave,32,32,16,10000,100,0,14.675817966461182,0.00009584426879882812,0.014715909957885742,false,0.0833989471261869,0.16687939823683817,0.018481059223432936,0.22159823187539912,0.0010402908397117996,0.012473668739939664,0.0,1.0,1.0,0.05,2.0,2.0,0.0,0.5,1.0,0.0,1.0
poisson_2d,32,32,32,10000,100,5,12.581224918365479,0.0006952285766601562,0.001986980438232422,false,0.000010741604945600664,0.000022176216661885233,1.8702948210616234e-6,0.17411688760814187,0.00041476287710914914,38.61274727620273,0.0,1.0,1.0,0.05,2.0,2.0,0.0,0.5,1.0,0.0,1.0
poisson_2d,128,32,128,0,10000,3,0.006891965866088867,0.02508687973022461,0.03455710411071777,false,0.49796732502108165,1.003776655160605,0.000025348118285287407,0.00005090317579414328,0.000025298111418601268,0.00005080275381026306,0.0,1.0,1.0,0.05,2.0,2.0,0.0,0.5,1.0,0.0,1.0
drift_diffusion,16,16,16,10000,1,2,10.610212087631226,0.0005533695220947266,0.009982109069824219,true,0.6095011868708097,1.678720809971894,0.08517820010002966,0.13975067142581968,0.06769679643284385,0.11106917901243217,0.0,1.0,1.0,0.05,2.0,2.0,0.0,0.5,1.0,0.0,1.0
heat,64,64,16,10000,100,6,9.302517890930176,0.0019178390502929688,0.028280019760131836,false,0.0004904396446253053,0.0013909881827568016,0.00001222717567549372,0.024931050761266983,0.00016125998597565447,0.3288069954027143,0.0,1.0,1.0,0.05,2.0,2.0,0.0,0.5,1.0,0.0,1.0
heat,128,128,16,0,1000,9,0.0026628971099853516,0.004092693328857422,0.069061279296875,false,0.4358313579460238,1.236384757917177,0.00005075742474379847,0.00011646115824021224,0.00003992627534176886,0.00009160945997537327,0.0,1.0,1.0,0.05,2.0,2.0,0.0,0.5,1.0,0.0,1.0
poisson_2d,128,32,128,0,1,6,0.0021669864654541016,0.025155067443847656,0.040358781814575195,false,0.49770434481974646,1.0032465533374413,0.00002528937744320452,0.000050812048772376234,0.000025298111418601268,0.00005082959729387831,0.0,1.0,1.0,0.05,2.0,2.0,0.0,0.5,1.0,0.0,1.0
poisson_2d,8,32,8,0,1,5,0.002051115036010742,0.00006103515625,0.0008587837219238281,false,0.44511064311566406,1.0173957556929458,0.007469581771253386,0.016781404549143477,0.007418007097193637,0.016665535214501783,0.0,1.0,1.0,0.05,2.0,2.0,0.0,0.5,1.0,0.0,1.0
heat,8,8,16,10000,1,7,7.009293079376221,0.0001201629638671875,0.002729177474975586,false,0.40926583554657947,1.1553847056605593,0.016207419111343286,0.039601202210534085,0.012171854008336707,0.02974070384370356,0.0,1.0,1.0,0.05,2.0,2.0,0.0,0.5,1.0,0.0,1.0
poisson_1d,32,32,16,0,1,7,0.001271963119506836,0.00003123283386230469,0.00039076805114746094,false,0.6586326087342733,0.9463512689312145,0.0005859543317298757,0.0008896527805629498,0.000595948894502332,0.000904827496542566,0.0,1.0,1.0,0.05,2.0,2.0,0.0,0.5,1.0,0.0,1.0
wave,64,64,16,0,100,2,0.0022118091583251953,0.0002028942108154297,0.0362548828125,false,0.8651402975940691,1.7304918497637602,0.0005133171999622692,0.0005933340538982982,0.0002556346352812184,0.0002954834446992368,0.0,1.0,1.0,0.05,2.0,2.0,0.0,0.5,1.0,0.0,1.0
poisson_2d,16,32,16,10000,1000,6,27.721116065979004,0.00016927719116210938,0.001177072525024414,false,0.000010924441260044475,0.000023305474688094873,3.803171095185196e-6,0.3481341520925436,0.00171723760469867,157.1922594305715,0.0,1.0,1.0,0.05,2.0,2.0,0.0,0.5,1.0,0.0,1.0
poisson_2d,256,32,256,10000,1000,6,27.721116065979004,0.14388418197631836,0.15311980247497559,false,0.000011572939613848521,0.00002323664738153114,2.123371218613981e-8,0.001834772572436777,6.299580846651019e-6,0.5443371396372206,0.0,1.0,1.0,0.05,2.0,2.0,0.0,0.5,1.0,0.0,1.0
poisson_1d,8,32,16,10000,10000,3,83.93416595458984,0.00002002716064453125,0.0003421306610107422,false,0.0008910269594669494,0.0013471061406877581,0.000014548141052406426,0.016327385942517515,0.011214972573078455,12.586569299526554,0.0,1.0,1.0,0.05,2.0,2.0,0.0,0.5,1.0,0.0,1.0
poisson_2d,64,32,64,10000,10000,4,141.3628957271576,0.0047948360443115234,0.009130001068115234,false,0.000010795638355889083,0.00002193399538974289,3.037285943860745e-7,0.028134380234919164,0.00010200512199543541,9.448734630763742,0.0,1.0,1.0,0.05,2.0,2.0,0.0,0.5,1.0,0.0,1.0
wave,8,8,16,10000,100,4,12.407609224319458,0.000027179718017578125,0.003401041030883789,false,0.022511601937859844,0.04537912406952903,0.07304063766402775,3.244577523431961,0.018958173771005418,0.8421512526446027,0.0,1.0,1.0,0.05,2.0,2.0,0.0,0.5,1.0,0.0,1.0
poisson_1d,16,32,16,10000,10000,4,82.76934385299683,0.000030279159545898438,0.0005240440368652344,false,4.583430861644839e-6,6.694529263168581e-6,2.5396978385298725e-6,0.5541041013026321,0.0025081860605056672,547.2289505749937,0.0,1.0,1.0,0.05,2.0,2.0,0.0,0.5,1.0,0.0,1.0
heat,8,8,16,0,10,2,0.0015568733215332031,0.00012493133544921875,0.002805948257446289,false,0.4115326042369817,1.1617839446116025,0.016221976957046684,0.03941844896377938,0.012171854008336707,0.029576888642649377,0.0,1.0,1.0,0.05,2.0,2.0,0.0,0.5,1.0,0.0,1.0
poisson_2d,128,32,128,10000,10000,5,141.91124296188354,0.02715301513671875,0.0338590145111084,false,0.000010134286125536114,0.000020428167308167278,7.415479892148688e-8,0.007317219782644758,0.000025298111418601268,2.496289438148594,0.0,1.0,1.0,0.05,2.0,2.0,0.0,0.5,1.0,0.0,1.0
drift_diffusion,64,64,16,10000,1000,7,24.57579493522644,0.001561880111694336,0.03709220886230469,false,0.005831888002413627,0.016417785224545626,0.000535262044997619,0.0917819486204266,0.003851464283566381,0.660414651648372,0.0,1.0,1.0,0.05,2.0,2.0,0.0,0.5,1.0,0.0,1.0
poisson_2d,16,32,16,0,1,7,0.001962900161743164,0.0001621246337890625,0.0010440349578857422,false,0.49139771648705266,1.048315128505712,0.0017423642113248044,0.003545731192608649,0.00171723760469867,0.003494598259379407,0.0,1.0,1.0,0.05,2.0,2.0,0.0,0.5,1.0,0.0,1.0
wave,256,256,16,0,1000,4,0.002785205841064453,0.0010190010070800781,0.20822715759277344,false,0.8679478519817011,1.735908947948158,0.000031203860580288007,0.00003595130802967397,0.000015783443300198566,0.000018184782949991476,0.0,1.0,1.0,0.05,2.0,2.0,0.0,0.5,1.0,0.0,1.0
heat,256,256,16,10000,10000,1,96.57632112503052,0.011670112609863281,0.15819907188415527,false,0.00007945065422267788,0.00022541294635874536,3.566844221782097e-7,0.004489383072643737,9.934186103617024e-6,0.12503592576798406,0.0,1.0,1.0,0.05,2.0,2.0,0.0,0.5,1.0,0.0,1.0
heat,256,256,16,0,10000,4,0.006983757019042969,0.011783123016357422,0.17109012603759766,false,0.43699838857629175,1.2398273530501547,0.00001259335453994713,0.000028817851207587606,9.934186103617024e-6,0.000022732775139015642,0.0,1.0,1.0,0.05,2.0,2.0,0.0,0.5,1.0,0.0,1.0
poisson_1d,64,32,16,0,1,4,0.0016210079193115234,0.00004410743713378906,0.0006232261657714844,false,0.703111564272516,1.0022105059757866,0.00014372040407308268,0.00020440625837492084,0.00014539741646764722,0.0002067913882458819,0.0,1.0,1.0,0.05,2.0,2.0,0.0,0.5,1.0,0.0,1.0
wave,8,8,16,10000,1,1,9.787418842315674,0.000030279159545898438,0.0038390159606933594,false,0.8271494613516938,1.667376588051515,0.04336284820202711,0.05242444108125915,0.018958173771005418,0.02291988891587349,0.0,1.0,1.0,0.05,2.0,2.0,0.0,0.5,1.0,0.0,1.0
wave,32,32,16,10000,1000,7,27.49932074546814,0.00009083747863769531,0.014583110809326172,false,0.0021334671666328174,0.004269019324513083,0.000051828203804610496,0.024292946530977952,0.0010402908397117996,0.4876057414811817,0.0,1.0,1.0,0.05,2.0,2.0,0.0,0.5,1.0,0.0,1.0
heat,8,8,16,10000,100,5,9.205987930297852,0.0001480579376220703,0.003651857376098633,false,0.00019963457025020637,0.0005635816849460809,0.0005831586365440707,2.921130522699015,0.012171854008336707,60.97067252968942,0.0,1.0,1.0,0.05,2.0,2.0,0.0,0.5,1.0,0.0,1.0
poisson_2d,16,32,16,10000,1000,1,28.089892148971558,0.00016307830810546875,0.001094818115234375,false,0.000010742672927859352,0.000022917702246099942,4.541585274005717e-6,0.42276119774489157,0.00171723760469867,159.85198620627386,0.0,1.0,1.0,0.05,2.0,2.0,0.0,0.5,1.0,0.0,1.0
poisson_2d,128,32,128,10000,10000,4,141.3628957271576,0.023434162139892578,0.031281232833862305,false,0.00001088141949779475,0.00002193419993256264,7.687027938621593e-8,0.007064361354792743,0.000025298111418601268,2.324890739070922,0.0,1.0,1.0,0.05,2.0,2.0,0.0,0.5,1.0,0.0,1.0
wave,128,128,16,0,10,9,0.0020558834075927734,0.0004010200500488281,0.08814692497253418,false,0.866705221416364,1.733463344743009,0.00012597875915493678,0.00014535364047889675,0.00006338688741085187,0.00007313546272083769,0.0,1.0,1.0,0.05,2.0,2.0,0.0,0.5,1.0,0.0,1.0
heat,64,64,16,10000,10000,9,94.48318481445312,0.001756906509399414,0.031167984008789062,false,0.00007951926822430519,0.00022553307754307462,7.094191899265749e-6,0.08921349576867052,0.00016125998597565447,2.0279359905648917,0.0,1.0,1.0,0.05,2.0,2.0,0.0,0.5,1.0,0.0,1.0
heat,256,256,16,10000,1,0,6.8913280963897705,0.012874126434326172,0.1652989387512207,false,0.4353322384792714,1.2351002453111466,0.00001258837056352517,0.000028916697296528314,9.934186103617024e-6,0.000022819780447043654,0.0,1.0,1.0,0.05,2.0,2.0,0.0,0.5,1.0,0.0,1.0
poisson_2d,16,32,16,10000,10,7,10.735282182693481,0.00015497207641601562,0.0012359619140625,false,0.09180700623586892,0.19585494663652028,0.0013434677779343067,0.01463360840329214,0.00171723760469867,0.018704864422730134,0.0,1.0,1.0,0.05,2.0,2.0,0.0,0.5,1.0,0.0,1.0
wave,64,64,16,10000,100,8,12.932720184326172,0.00018167495727539062,0.0327608585357666,false,0.07412358526725951,0.14826527042721016,0.0013944626588318885,0.018812671483766218,0.0002556346352812184,0.003448762419673893,0.0,1.0,1.0,0.05,2.0,2.0,0.0,0.5,1.0,0.0,1.0
heat,256,256,16,10000,1,3,7.042046070098877,0.011718034744262695,0.15312886238098145,false,0.4329155962855476,1.228243883428268,0.000012589907986190766,0.00002908166879228477,9.934186103617024e-6,0.000022947166119338685,0.0,1.0,1.0,0.05,2.0,2.0,0.0,0.5,1.0,0.0,1.0
heat,8,8,16,0,10000,5,0.006636857986450195,0.00012087821960449219,0.004108905792236328,false,0.40941282352252856,1.155799662504198,0.016211917063866533,0.0395979708803001,0.012171854008336707,0.029730026293782977,0.0,1.0,1.0,0.05,2.0,2.0,0.0,0.5,1.0,0.0,1.0
heat,8,8,16,10000,100,8,9.306427955627441,0.00011801719665527344,0.0027360916137695312,false,0.0002986608917378418,0.000843139584402406,0.001292483699133524,4.327596062585944,0.012171854008336707,40.75476349617555,0.0,1.0,1.0,0.05,2.0,2.0,0.0,0.5,1.0,0.0,1.0
heat,32,32,16,0,100,6,0.0018148422241210938,0.0006198883056640625,0.01201486587524414,false,0.4344126521979041,1.2314770256125416,0.0008465372441645967,0.0019486938050297439,0.0006581365706071615,0.0015150032285600559,0.0,1.0,1.0,0.05,2.0,2.0,0.0,0.5,1.0,0.0,1.0
poisson_2d,64,32,64,10000,100,8,12.465276002883911,0.004518747329711914,0.009016036987304688,false,0.00023518465768695865,0.0004778354949830269,7.211775642462069e-7,0.003066431166635963,0.00010200512199543541,0.43372353876571934,0.0,1.0,1.0,0.05,2.0,2.0,0.0,0.5,1.0,0.0,1.0
poisson_1d,16,32,16,0,100,2,0.0012001991271972656,0.000025033950805664062,0.00041294097900390625,false,0.6306472328960332,0.9211192407609903,0.002400801828580642,0.0038068855349698036,0.0025081860605056672,0.003977161762825272,0.0,1.0,1.0,0.05,2.0,2.0,0.0,0.5,1.0,0.0,1.0
poisson_2d,256,32,256,0,1000,7,0.0026369094848632812,0.1334221363067627,0.16789913177490234,false,0.5221103560640048,1.048315695312825,6.391853659413845e-6,0.000012242342227416526,6.299580846651019e-6,0.000012065611749479953,0.0,1.0,1.0,0.05,2.0,2.0,0.0,0.5,1.0,0.0,1.0
drift_diffusion,32,32,16,0,100,9,0.001920938491821289,0.0006189346313476562,0.017288923263549805,false,0.835912745245843,2.3354687593891033,0.020685253150578408,0.02474570853025437,0.015825675346876712,0.01893220965571276,0.0,1.0,1.0,0.05,2.0,2.0,0.0,0.5,1.0,0.0,1.0
poisson_1d,32,32,16,0,100,5,0.0012021064758300781,0.00003314018249511719,0.00040411949157714844,false,0.7049185268691891,1.0128568393808794,0.0005981611748903054,0.000848553630086822,0.000595948894502332,0.0008454152810384589,0.0,1.0,1.0,0.05,2.0,2.0,0.0,0.5,1.0,0.0,1.0
poisson_2d,64,32,64,10000,10000,3,142.39120817184448,0.004369258880615234,0.008970975875854492,false,0.000023400658899778766,0.000047544195859867954,2.8332588924612607e-7,0.012107603057604242,0.00010200512199543541,4.359070504461901,0.0,1.0,1.0,0.05,2.0,2.0,0.0,0.5,1.0,0.0,1.0
poisson_2d,8,32,8,10000,1000,0,28.324959993362427,0.000051021575927734375,0.0007979869842529297,false,0.000012187084753318857,0.00002785619372187166,0.00003385795762006584,2.778183487282931,0.007418007097193637,608.677731162299,0.0,1.0,1.0,0.05,2.0,2.0,0.0,0.5,1.0,0.0,1.0
poisson_2d,16,32,16,0,10,4,0.0020720958709716797,0.0001647472381591797,0.001149892807006836,false,0.47389317373123163,1.0109721039599604,0.0017221373797515454,0.003634020229057477,0.00171723760469867,0.0036236808206749995,0.0,1.0,1.0,0.05,2.0,2.0,0.0,0.5,1.0,0.0,1.0
wave,64,64,16,10000,0,1,0.002831697463989258,0.00018310546875,0.03204798698425293,false,0.8635017226596783,1.7272142997790052,0.0005134902463963732,0.0005946603613189883,0.0002556346352812184,0.00029604415205314956,0.0,1.0,1.0,0.05,2.0,2.0,0.0,0.5,1.0,0.0,1.0
poisson_1d,16,32,16,10000,100,6,7.740281105041504,0.000022172927856445312,0.00030493736267089844,false,3.927104928265217e-6,5.735903879734843e-6,2.5114758668261992e-6,0.6395234944414081,0.0025081860605056672,638.6857764836398,0.0,1.0,1.0,0.05,2.0,2.0,0.0,0.5,1.0,0.0,1.0
drift_diffusion,16,16,16,10000,1000,9,23.997740983963013,0.0002918243408203125,0.008661031723022461,true,0.008737684925392892,0.024065799757570994,0.009026638584600852,1.0330698190281637,0.06769679643284385,7.747681108997996,0.0,1.0,1.0,0.05,2.0,2.0,0.0,0.5,1.0,0.0,1.0
poisson_2d,16,32,16,10000,10,1,10.727699995040894,0.00018787384033203125,0.0013060569763183594,false,0.16199620398281295,0.3455919018300008,0.0017635391071007206,0.010886298960979498,0.00171723760469867,0.010600480520400711,0.0,1.0,1.0,0.05,2.0,2.0,0.0,0.5,1.0,0.0,1.0
heat,64,64,16,10000,100,8,9.306427955627441,0.0014791488647460938,0.02426767349243164,false,0.0004013293754084836,0.001138253044394211,0.000021410516984689833,0.05334899037204119,0.00016125998597565447,0.4018145589554206,0.0,1.0,1.0,0.05,2.0,2.0,0.0,0.5,1.0,0.0,1.0
heat,32,32,16,0,1000,4,0.0026540756225585938,0.0005931854248046875,0.01277017593383789,false,0.4309236628285877,1.2215864061078359,0.0008464319363056714,0.001964227099411721,0.0006581365706071615,0.001527269508216712,0.0,1.0,1.0,0.05,2.0,2.0,0.0,0.5,1.0,0.0,1.0
drift_diffusion,128,128,16,0,10000,5,0.005910158157348633,0.004261016845703125,0.09933805465698242,false,0.8531667436150674,2.411200208631282,0.0012504379090505244,0.0014656430509142045,0.0009525133211054325,0.0011164445030632702,0.0,1.0,1.0,0.05,2.0,2.0,0.0,0.5,1.0,0.0,1.0
heat,16,16,16,0,10000,4,0.006983757019042969,0.00025916099548339844,0.0057830810546875,false,0.42392204704533065,1.2003424792479838,0.0035871236082081026,0.008461752893509039,0.002749210983530936,0.006485180477619646,0.0,1.0,1.0,0.05,2.0,2.0,0.0,0.5,1.0,0.0,1.0
heat,128,128,16,10000,1,8,6.9454638957977295,0.004143714904785156,0.07032084465026855,false,0.43739888307832375,1.2408315792527538,0.000050733922950018864,0.00011599006058946445,0.00003992627534176886,0.00009128115522558242,0.0,1.0,1.0,0.05,2.0,2.0,0.0,0.5,1.0,0.0,1.0
wave,64,64,16,10000,10000,4,143.357971906662,0.0002028942108154297,0.03449416160583496,false,0.0003129790251821251,0.0006260344752531697,8.227395501465766e-6,0.026287370205321417,0.0002556346352812184,0.8167788085236087,0.0,1.0,1.0,0.05,2.0,2.0,0.0,0.5,1.0,0.0,1.0
wave,16,16,16,0,0,1,0.002187013626098633,0.00004887580871582031,0.007142305374145508,false,0.8494105060651777,1.7021487744030204,0.009205969679536762,0.010838069006448526,0.004322163832073661,0.0050884275638356765,0.0,1.0,1.0,0.05,2.0,2.0,0.0,0.5,1.0,0.0,1.0
drift_diffusion,8,8,16,0,100,3,0.002122163772583008,0.00013709068298339844,0.004321098327636719,true,0.7614612094579487,2.047445165455221,0.360536462225699,0.47347974886645805,0.26151842143576154,0.3434428677226055,0.0,1.0,1.0,0.05,2.0,2.0,0.0,0.5,1.0,0.0,1.0
heat,256,256,16,0,100,7,0.0015289783477783203,0.01168203353881836,0.16179394721984863,false,0.45189704658994734,1.2820969911356628,0.000012585418019543506,0.000027850188697877344,9.934186103617024e-6,0.000021983295041605638,0.0,1.0,1.0,0.05,2.0,2.0,0.0,0.5,1.0,0.0,1.0
wave,32,32,16,10000,10000,0,162.21640992164612,0.00009512901306152344,0.016242027282714844,false,0.0002722729980783819,0.0005448120826598928,0.000044332651970855,0.16282426933160754,0.0010402908397117996,3.820763891584794,0.0,1.0,1.0,0.05,2.0,2.0,0.0,0.5,1.0,0.0,1.0
wave,64,64,16,0,1000,7,0.0028791427612304688,0.00019407272338867188,0.03383302688598633,false,0.8719583690178,1.7441296574842944,0.0005133153008762402,0.0005886924411935559,0.0002556346352812184,0.0002931729820646975,0.0,1.0,1.0,0.05,2.0,2.0,0.0,0.5,1.0,0.0,1.0
drift_diffusion,16,16,16,0,10000,0,0.006006956100463867,0.0003058910369873047,0.009568929672241211,true,0.8130949398971672,2.239469627772093,0.08755592824651669,0.10768229385069097,0.06769679643284385,0.08325816963195652,0.0,1.0,1.0,0.05,2.0,2.0,0.0,0.5,1.0,0.0,1.0
wave,32,32,16,10000,10000,6,142.982764005661,0.00009489059448242188,0.015886783599853516,false,0.000269347337750502,0.0005389579028196693,0.000028601279574879705,0.10618734832776634,0.0010402908397117996,3.8622651643768635,0.0,1.0,1.0,0.05,2.0,2.0,0.0,0.5,1.0,0.0,1.0
poisson_1d,128,32,16,0,10,5,0.0011930465698242188,0.000041961669921875,0.0005650520324707031,false,0.7133948086786644,1.0128568436234813,0.000036050866240156274,0.00005053424247217184,0.00003591751011898671,0.00005034731074860553,0.0,1.0,1.0,0.05,2.0,2.0,0.0,0.5,1.0,0.0,1.0
heat,32,32,16,10000,1000,2,19.523204803466797,0.0005800724029541016,0.011471271514892578,false,0.00008600370271719437,0.00024380409612376102,0.000025760742560080523,0.2995306218937982,0.0006581365706071615,7.6524213471429725,0.0,1.0,1.0,0.05,2.0,2.0,0.0,0.5,1.0,0.0,1.0
wave,8,8,16,10000,10,7,10.843138933181763,0.00002574920654296875,0.003378152847290039,false,0.31585635374490234,0.636706561545643,0.2592741743892663,0.8208610379852164,0.018958173771005418,0.060021505175472126,0.0,1.0,1.0,0.05,2.0,2.0,0.0,0.5,1.0,0.0,1.0
wave,256,256,16,0,1000,0,0.0028710365295410156,0.0008518695831298828,0.2106790542602539,false,0.8666310231559833,1.7332752702032792,0.00003120545030809984,0.00003600776971318187,0.000015783443300198566,0.000018212414370674717,0.0,1.0,1.0,0.05,2.0,2.0,0.0,0.5,1.0,0.0,1.0
drift_diffusion,32,32,16,0,1,4,0.0020148754119873047,0.0006222724914550781,0.017689228057861328,false,0.8364808190730291,2.3370559091053447,0.020688035926587,0.024732229902788512,0.015825675346876712,0.018919352346195337,0.0,1.0,1.0,0.05,2.0,2.0,0.0,0.5,1.0,0.0,1.0
poisson_1d,128,32,16,0,10000,8,0.003877878189086914,0.0000400543212890625,0.0006692409515380859,false,0.6984209541328192,0.991597407939792,0.00003578041509073003,0.00005123044330071122,0.00003591751011898671,0.00005142673613448924,0.0,1.0,1.0,0.05,2.0,2.0,0.0,0.5,1.0,0.0,1.0
poisson_1d,64,32,16,10000,10000,0,86.14034485816956,0.000031948089599609375,0.0004398822784423828,false,4.406011599264045e-6,6.280299370132563e-6,2.0310805870847834e-7,0.04609794008209024,0.00014539741646764722,32.99978068342662,0.0,1.0,1.0,0.05,2.0,2.0,0.0,0.5,1.0,0.0,1.0
wave,64,64,16,0,1000,8,0.00263214111328125,0.00019693374633789062,0.03324437141418457,false,0.8659381027525055,1.732087654892955,0.0005132651813182683,0.0005927273319961126,0.0002556346352812184,0.0002952112102108082,0.0,1.0,1.0,0.05,2.0,2.0,0.0,0.5,1.0,0.0,1.0
poisson_2d,32,32,32,0,1,6,0.0021669864654541016,0.0007836818695068359,0.0021791458129882812,false,0.48594754746731195,1.003246549609934,0.00041461859381802975,0.0008532167637823497,0.00041476287710914914,0.0008535136750269303,0.0,1.0,1.0,0.05,2.0,2.0,0.0,0.5,1.0,0.0,1.0
drift_diffusion,8,8,16,10000,10,2,11.313962936401367,0.0001659393310546875,0.005061149597167969,true,0.7053797884916908,1.896651359016989,1.0121632055446634,1.434919488845811,0.26151842143576154,0.3707483907285814,0.0,1.0,1.0,0.05,2.0,2.0,0.0,0.5,1.0,0.0,1.0
poisson_2d,16,32,16,10000,100,9,12.67064094543457,0.00017523765563964844,0.0013010501861572266,false,0.000015496795292736186,0.00003305982995783719,0.000012261622848271753,0.7912360340682838,0.00171723760469867,110.8124339419073,0.0,1.0,1.0,0.05,2.0,2.0,0.0,0.5,1.0,0.0,1.0
poisson_1d,256,32,16,10000,1000,4,17.658069849014282,0.00005221366882324219,0.0007727146148681641,false,0.00005392826128275906,0.00007641547350929122,1.3779150940931144e-8,0.0002555089041098161,8.926404123405047e-6,0.1655236774014496,0.0,1.0,1.0,0.05,2.0,2.0,0.0,0.5,1.0,0.0,1.0
drift_diffusion,32,32,16,10000,10000,3,115.92550992965698,0.0006151199340820312,0.017252683639526367,false,0.008900280172986181,0.024866622039249064,0.0028279879412200157,0.31774145153355887,0.015825675346876712,1.7781097942186213,0.0,1.0,1.0,0.05,2.0,2.0,0.0,0.5,1.0,0.0,1.0
poisson_2d,32,32,32,10000,1000,2,27.887205123901367,0.0007140636444091797,0.002244710922241211,false,0.000026140720672409008,0.000053967939452715355,1.32864724829781e-6,0.050826726047192995,0.00041476287710914914,15.86654332546142,0.0,1.0,1.0,0.05,2.0,2.0,0.0,0.5,1.0,0.0,1.0
poisson_1d,64,32,16,10000,100,9,7.738913059234619,0.000030994415283203125,0.00042819976806640625,false,0.00008885082762780801,0.00012664737352935845,3.0784730517623554e-7,0.0034647657584625674,0.00014539741646764722,1.6364216333082073,0.0,1.0,1.0,0.05,2.0,2.0,0.0,0.5,1.0,0.0,1.0
heat,16,16,16,10000,10000,2,94.07847285270691,0.00035500526428222656,0.006711006164550781,false,0.00008048868921511821,0.00022790509113003118,0.00008691503793633164,1.0798416371762503,0.002749210983530936,34.15648844994652,0.0,1.0,1.0,0.05,2.0,2.0,0.0,0.5,1.0,0.0,1.0
wave,128,128,16,0,0,2,0.0020380020141601562,0.0003898143768310547,0.09566020965576172,false,0.867417999088299,1.7348889435933672,0.00012599661323926605,0.00014525478301314357,0.00006338688741085187,0.00007307536559937048,0.0,1.0,1.0,0.05,2.0,2.0,0.0,0.5,1.0,0.0,1.0
heat,32,32,16,0,1000,8,0.002287149429321289,0.0006489753723144531,0.011827945709228516,false,0.43241487041193943,1.2258136952303458,0.0008467085472892815,0.0019580930380184787,0.0006581365706071615,0.0015220026313623035,0.0,1.0,1.0,0.05,2.0,2.0,0.0,0.5,1.0,0.0,1.0
wave,8,8,16,0,10,3,0.0021619796752929688,0.000027894973754882812,0.003511190414428711,false,0.8269327413745792,1.6669397216411646,0.04335600371307377,0.05242990335707921,0.018958173771005418,0.02292589568952362,0.0,1.0,1.0,0.05,2.0,2.0,0.0,0.5,1.0,0.0,1.0
drift_diffusion,256,256,16,0,10,8,0.001984119415283203,0.012727975845336914,0.22145485877990723,false,0.8587672072618118,2.4318343461512533,0.0003112989335592351,0.00036249513363675705,0.00023700549940490983,0.00027598340667968016,0.0,1.0,1.0,0.05,2.0,2.0,0.0,0.5,1.0,0.0,1.0
drift_diffusion,128,128,16,10000,100,2,12.696424961090088,0.004117012023925781,0.09585785865783691,false,0.10951304247033664,0.30950323934738366,0.001650693812003968,0.01507303399456812,0.0009525133211054325,0.008697715811917427,0.0,1.0,1.0,0.05,2.0,2.0,0.0,0.5,1.0,0.0,1.0
drift_diffusion,16,16,16,0,100,3,0.002122163772583008,0.00033283233642578125,0.010542869567871094,true,0.8102666108468605,2.231679692434027,0.08752900995990678,0.108024949798221,0.06769679643284385,0.08354879187492333,0.0,1.0,1.0,0.05,2.0,2.0,0.0,0.5,1.0,0.0,1.0
drift_diffusion,256,256,16,10000,1,9,10.654066801071167,0.012981176376342773,0.21153473854064941,false,0.6145211734511745,1.7401848643018074,0.00030490868114564645,0.0004961727834913605,0.00023700549940490983,0.00038567507458510793,0.0,1.0,1.0,0.05,2.0,2.0,0.0,0.5,1.0,0.0,1.0
heat,16,16,16,10000,1,4,6.8093249797821045,0.00035309791564941406,0.006125926971435547,false,0.42153812343783376,1.1935923590471003,0.0035866621130169305,0.008508511836998467,0.002749210983530936,0.006521856104282759,0.0,1.0,1.0,0.05,2.0,2.0,0.0,0.5,1.0,0.0,1.0
wave,128,128,16,0,10,8,0.0017621517181396484,0.00038695335388183594,0.08482980728149414,false,0.8682222571819727,1.7364975088709802,0.00012598362510015215,0.0001451052700596075,0.00006338688741085187,0.00007300767388363146,0.0,1.0,1.0,0.05,2.0,2.0,0.0,0.5,1.0,0.0,1.0
drift_diffusion,8,8,16,10000,100,5,12.740617990493774,0.00017380714416503906,0.004570960998535156,true,0.1227948959537716,0.3301754743910048,0.3162008785809453,2.575032749732405,0.26151842143576154,2.1297173584007494,0.0,1.0,1.0,0.05,2.0,2.0,0.0,0.5,1.0,0.0,1.0
poisson_1d,256,32,16,10000,1000,7,17.20917510986328,0.000057697296142578125,0.0008919239044189453,false,4.948387833076617e-6,7.011785479037036e-6,9.636922990160606e-9,0.0019474874070196284,8.926404123405047e-6,1.8039014774787254,0.0,1.0,1.0,0.05,2.0,2.0,0.0,0.5,1.0,0.0,1.0
heat,16,16,16,0,100,3,0.0014603137969970703,0.00025725364685058594,0.00556492805480957,false,0.4198793525516468,1.1888955210979828,0.0035860667227324166,0.008540707469751838,0.002749210983530936,0.006547621279359698,0.0,1.0,1.0,0.05,2.0,2.0,0.0,0.5,1.0,0.0,1.0
poisson_1d,16,32,16,10000,10000,3,83.93416595458984,0.00002193450927734375,0.00034880638122558594,false,0.0009231368651442602,0.0013483276925443087,1.594348094585212e-6,0.0017270982828054297,0.0025081860605056672,2.717025129435641,0.0,1.0,1.0,0.05,2.0,2.0,0.0,0.5,1.0,0.0,1.0
drift_diffusion,1024,1024,16,0,10000,0,0.006006956100463867,0.14681792259216309,1.2626948356628418,false,0.8593732561991123,2.437194339582039,0.000019387604914622502,0.000022560167860437224,0.000014764764867249851,0.000017180852162600845,0.0,1.0,1.0,0.05,2.0,2.0,0.0,0.5,1.0,0.0,1.0
poisson_1d,16,32,16,10000,10,2,6.502956867218018,0.0000247955322265625,0.00036716461181640625,false,0.0003933642132219496,0.0005745452077251565,0.00011253272973873205,0.28607770090973833,0.0025081860605056672,6.376243634267322,0.0,1.0,1.0,0.05,2.0,2.0,0.0,0.5,1.0,0.0,1.0
poisson_2d,64,32,64,0,100,6,0.002140045166015625,0.004881143569946289,0.008749723434448242,false,0.49378541286945254,1.0032465531315857,0.00010196985357067695,0.00020650641131360396,0.00010200512199543541,0.00020657783591189965,0.0,1.0,1.0,0.05,2.0,2.0,0.0,0.5,1.0,0.0,1.0
drift_diffusion,256,256,16,10000,10,2,11.313962936401367,0.01196599006652832,0.23781132698059082,false,0.7525676759591707,2.131101312119375,0.00036576218833813144,0.0004860189987192264,0.00023700549940490983,0.00031492915119273355,0.0,1.0,1.0,0.05,2.0,2.0,0.0,0.5,1.0,0.0,1.0
poisson_2d,128,32,128,10000,10,4,10.305903196334839,0.025079011917114258,0.03341102600097656,false,0.08866525819587513,0.1787268196704254,0.000018207685312717484,0.0002053530963897257,0.000025298111418601268,0.0002853215784102702,0.0,1.0,1.0,0.05,2.0,2.0,0.0,0.5,1.0,0.0,1.0
wave,64,64,16,0,1,1,0.0021300315856933594,0.00019598007202148438,0.03423619270324707,false,0.8635017226596783,1.7272142997790052,0.0005134902463963732,0.0005946603613189883,0.0002556346352812184,0.00029604415205314956,0.0,1.0,1.0,0.05,2.0,2.0,0.0,0.5,1.0,0.0,1.0
poisson_1d,128,32,16,0,100,2,0.0012001991271972656,0.00003886222839355469,0.0006740093231201172,false,0.6487803221431463,0.9211191072556864,0.00003437973495109136,0.00005299133432025677,0.00003591751011898671,0.00005536158988351977,0.0,1.0,1.0,0.05,2.0,2.0,0.0,0.5,1.0,0.0,1.0
heat,32,32,16,10000,100,5,9.205987930297852,0.0005638599395751953,0.011050939559936523,false,0.0002283204953988301,0.0006472450632769342,0.00003740018947086591,0.16380566013365952,0.0006581365706071615,2.8825120121487156,0.0,1.0,1.0,0.05,2.0,2.0,0.0,0.5,1.0,0.0,1.0
heat,256,256,16,0,1,4,0.0023589134216308594,0.011690139770507812,0.18544697761535645,false,0.43699838857629175,1.2398273530501547,0.00001259335453994713,0.000028817851207587606,9.934186103617024e-6,0.000022732775139015642,0.0,1.0,1.0,0.05,2.0,2.0,0.0,0.5,1.0,0.0,1.0
heat,32,32,16,10000,100,1,9.324801683425903,0.0005970001220703125,0.011574745178222656,false,0.00023093241919212615,0.0006546493691317958,0.00005505581541547997,0.23840661093863996,0.0006581365706071615,2.8499098260402076,0.0,1.0,1.0,0.05,2.0,2.0,0.0,0.5,1.0,0.0,1.0
wave,128,128,16,10000,1,4,9.316441059112549,0.0004496574401855469,0.09649014472961426,false,0.8645643796015493,1.7291815304407832,0.0001259449571299168,0.0001456744692488498,0.00006338688741085187,0.0000733165613879037,0.0,1.0,1.0,0.05,2.0,2.0,0.0,0.5,1.0,0.0,1.0
wave,64,64,16,0,1,3,0.0020592212677001953,0.0001957416534423828,0.03541088104248047,false,0.8615842967213295,1.7233789796950076,0.0005130337230707849,0.0005954538923505011,0.0002556346352812184,0.00029670298803496036,0.0,1.0,1.0,0.05,2.0,2.0,0.0,0.5,1.0,0.0,1.0
poisson_2d,32,32,32,0,10000,9,0.007002830505371094,0.0007231235504150391,0.00273895263671875,false,0.49011535058764294,1.0118510463744883,0.00041729637750031014,0.0008514248268289827,0.00041476287710914914,0.0008462556347436434,0.0,1.0,1.0,0.05,2.0,2.0,0.0,0.5,1.0,0.0,1.0
wave,256,256,16,10000,100,3,12.55115294456482,0.0008568763732910156,0.19707918167114258,false,0.028944789178579716,0.057890020024646445,0.000023233813649154484,0.0008026941742712135,0.000015783443300198566,0.000545294809467083,0.0,1.0,1.0,0.05,2.0,2.0,0.0,0.5,1.0,0.0,1.0
poisson_1d,128,32,16,0,10000,0,0.004194974899291992,0.00004291534423828125,0.0006132125854492188,false,0.7070151316135906,1.0037991668688158,0.00003634235119615262,0.000051402508335585424,0.00003591751011898671,0.000050801614439303016,0.0,1.0,1.0,0.05,2.0,2.0,0.0,0.5,1.0,0.0,1.0
poisson_1d,16,32,16,0,1000,0,0.0019330978393554688,0.00002288818359375,0.00042700767517089844,false,0.6872543528252469,1.0037992314293387,0.0025379212851637844,0.003692841339935637,0.0025081860605056672,0.0036495746446635327,0.0,1.0,1.0,0.05,2.0,2.0,0.0,0.5,1.0,0.0,1.0
poisson_2d,8,32,8,0,10,9,0.00185394287109375,0.00004100799560546875,0.0006461143493652344,false,0.4426839605471254,1.0118490526791433,0.007463519325072183,0.016859701254700554,0.007418007097193637,0.0167568915034227,0.0,1.0,1.0,0.05,2.0,2.0,0.0,0.5,1.0,0.0,1.0
heat,128,128,16,10000,1000,5,19.93030095100403,0.004426002502441406,0.07966208457946777,false,0.00014027949344354567,0.00039795077701458624,1.3839455923866896e-6,0.009865630096124211,0.00003992627534176886,0.2846194718960003,0.0,1.0,1.0,0.05,2.0,2.0,0.0,0.5,1.0,0.0,1.0
drift_diffusion,32,32,16,10000,1000,1,24.87624716758728,0.0006308555603027344,0.017717838287353516,false,0.007043621229204514,0.019679275650880287,0.002689863317848399,0.3818864232357574,0.015825675346876712,2.2468095361601086,0.0,1.0,1.0,0.05,2.0,2.0,0.0,0.5,1.0,0.0,1.0
wave,128,128,16,0,1,1,0.0021300315856933594,0.0011830329895019531,0.11353492736816406,false,0.8657668740771844,1.7315865927898517,0.00012603987852110687,0.00014558177529655657,0.00006338688741085187,0.00007321472940208708,0.0,1.0,1.0,0.05,2.0,2.0,0.0,0.5,1.0,0.0,1.0
poisson_2d,128,32,128,0,10000,7,0.006856203079223633,0.023553848266601562,0.03540992736816406,false,0.5200628644204152,1.0483156952096555,0.000025668660216811193,0.00004935684120691383,0.000025298111418601268,0.00004864433350147925,0.0,1.0,1.0,0.05,2.0,2.0,0.0,0.5,1.0,0.0,1.0
drift_diffusion,256,256,16,0,1000,0,0.0028009414672851562,0.01226806640625,0.23642611503601074,false,0.8571739734425506,2.427322668608881,0.0003111979831126793,0.0003630511340222538,0.00023700549940490983,0.00027649637850418746,0.0,1.0,1.0,0.05,2.0,2.0,0.0,0.5,1.0,0.0,1.0
heat,8,8,16,10000,1000,7,19.53375792503357,0.0001220703125,0.0027599334716796875,false,0.000054269895615947926,0.00015320752901038312,0.0005074024597990378,9.349611861958252,0.012171854008336707,224.2837188125606,0.0,1.0,1.0,0.05,2.0,2.0,0.0,0.5,1.0,0.0,1.0
heat,32,32,16,10000,10,6,7.90585994720459,0.0006258487701416016,0.013370037078857422,false,0.11008574950071569,0.3120721062601748,0.0006326786212401249,0.005747143695796986,0.0006581365706071615,0.005978399325908048,0.0,1.0,1.0,0.05,2.0,2.0,0.0,0.5,1.0,0.0,1.0
drift_diffusion,128,128,16,10000,10000,6,114.56074023246765,0.004599094390869141,0.11400699615478516,false,0.007906455209753383,0.02234504168612153,0.00013766727587963224,0.017412009835938172,0.0009525133211054325,0.12047286626380965,0.0,1.0,1.0,0.05,2.0,2.0,0.0,0.5,1.0,0.0,1.0
wave,64,64,16,0,0,2,0.0020380020141601562,0.00019025802612304688,0.03653407096862793,false,0.8651402975940691,1.7304918497637602,0.0005133171999622692,0.0005933340538982982,0.0002556346352812184,0.0002954834446992368,0.0,1.0,1.0,0.05,2.0,2.0,0.0,0.5,1.0,0.0,1.0
drift_diffusion,128,128,16,0,10,9,0.0018732547760009766,0.0043489933013916016,0.10425591468811035,false,0.8534444757491265,2.4119851287944254,0.00125043488500692,0.001465162550743946,0.0009525133211054325,0.0011160811841559421,0.0,1.0,1.0,0.05,2.0,2.0,0.0,0.5,1.0,0.0,1.0
drift_diffusion,32,32,16,0,10000,6,0.006406068801879883,0.0006258487701416016,0.019959688186645508,false,0.8401662089749431,2.3473525734773624,0.020698057615927964,0.02463567017433482,0.015825675346876712,0.018836362588522875,0.0,1.0,1.0,0.05,2.0,2.0,0.0,0.5,1.0,0.0,1.0
poisson_2d,32,32,32,0,10,0,0.001832723617553711,0.000827789306640625,0.002537965774536133,false,0.4804457647926603,0.9918880305396854,0.000412791342849829,0.0008591840600946329,0.00041476287710914914,0.0008632876122617978,0.0,1.0,1.0,0.05,2.0,2.0,0.0,0.5,1.0,0.0,1.0
poisson_2d,128,32,128,0,10,9,0.00185394287109375,0.023945093154907227,0.031033992767333984,false,0.5019729825780364,1.011851051495884,0.000025452607424737807,0.000050705134156858647,0.000025298111418601268,0.00005039735662400603,0.0,1.0,1.0,0.05,2.0,2.0,0.0,0.5,1.0,0.0,1.0
heat,32,32,16,0,1000,9,0.0026628971099853516,0.0005660057067871094,0.011153936386108398,false,0.43065144786139303,1.220814728587782,0.0008470038815533246,0.0019667967813867334,0.0006581365706071615,0.001528234895936041,0.0,1.0,1.0,0.05,2.0,2.0,0.0,0.5,1.0,0.0,1.0
poisson_2d,8,32,8,10000,10,9,10.495101928710938,0.00003790855407714844,0.0006237030029296875,false,0.08091554644191405,0.1849498204386606,0.008343878979239949,0.10311836657038047,0.007418007097193637,0.09167591919457295,0.0,1.0,1.0,0.05,2.0,2.0,0.0,0.5,1.0,0.0,1.0
poisson_1d,8,32,16,0,1,7,0.001271963119506836,0.00002193450927734375,0.00046896934509277344,false,0.6259556456209414,0.9463559828970787,0.011029421910141168,0.017620133291073835,0.011214972573078455,0.01791656110386754,0.0,1.0,1.0,0.05,2.0,2.0,0.0,0.5,1.0,0.0,1.0
poisson_1d,8,32,16,0,10000,4,0.003951072692871094,0.000018835067749023438,0.0004658699035644531,false,0.6628983628173165,1.002208121443706,0.011085319992887461,0.01672250319909507,0.011214972573078455,0.016918087601566618,0.0,1.0,1.0,0.05,2.0,2.0,0.0,0.5,1.0,0.0,1.0
drift_diffusion,8,8,16,10000,10000,4,113.64341831207275,0.0001418590545654297,0.004912853240966797,true,0.003816641091703279,0.010262326241212368,0.030510761854196784,7.994139642975895,0.26151842143576154,68.52056956685047,0.0,1.0,1.0,0.05,2.0,2.0,0.0,0.5,1.0,0.0,1.0
poisson_2d,128,32,128,10000,1,6,9.572857141494751,0.022955894470214844,0.03148388862609863,false,0.10614908917338181,0.21396981754634437,0.000014712876005659956,0.00013860576779540918,0.000025298111418601268,0.00023832622225594243,0.0,1.0,1.0,0.05,2.0,2.0,0.0,0.5,1.0,0.0,1.0
poisson_1d,64,32,16,10000,10000,1,84.49351096153259,0.000029087066650390625,0.0004169940948486328,false,5.6550000964951835e-6,8.060599193622305e-6,3.039303629499716e-7,0.053745421354274577,0.00014539741646764722,25.711302207614374,0.0,1.0,1.0,0.05,2.0,2.0,0.0,0.5,1.0,0.0,1.0
poisson_2d,64,32,64,0,0,1,0.0019121170043945312,0.0047109127044677734,0.009454011917114258,false,0.47414746781086364,0.9633472361871512,0.00010034835407670289,0.00021163954442277356,0.00010200512199543541,0.00021513374829647936,0.0,1.0,1.0,0.05,2.0,2.0,0.0,0.5,1.0,0.0,1.0
poisson_2d,256,32,256,10000,1000,1,28.089892148971558,0.13522005081176758,0.160689115524292,false,0.00001139649973980105,0.000022882383791286805,2.6757019624273693e-8,0.0023478278624964903,6.299580846651019e-6,0.5527645321304342,0.0,1.0,1.0,0.05,2.0,2.0,0.0,0.5,1.0,0.0,1.0
drift_diffusion,8,8,16,10000,1000,3,24.582820177078247,0.0001380443572998047,0.0044248104095458984,true,0.005114878852853372,0.013753076124020361,0.038292835127834685,7.486557595879716,0.26151842143576154,51.12895709931947,0.0,1.0,1.0,0.05,2.0,2.0,0.0,0.5,1.0,0.0,1.0
wave,16,16,16,10000,10,8,10.855016946792603,0.00004792213439941406,0.0070230960845947266,false,0.44753906876236016,0.8968314754195741,0.027264476564423375,0.06092088594593872,0.004322163832073661,0.00965762350989003,0.0,1.0,1.0,0.05,2.0,2.0,0.0,0.5,1.0,0.0,1.0
poisson_2d,8,32,8,0,10000,1,0.0071430206298828125,0.00004506111145019531,0.0008060932159423828,false,0.421467241973415,0.9633536959392338,0.007297020410249868,0.017313374999403018,0.007418007097193637,0.01760043571230037,0.0,1.0,1.0,0.05,2.0,2.0,0.0,0.5,1.0,0.0,1.0
wave,32,32,16,0,0,1,0.002187013626098633,0.000095367431640625,0.015053033828735352,false,0.8589007148917549,1.7186408148469337,0.0021317652123859993,0.0024819693073077254,0.0010402908397117996,0.00121118869931655,0.0,1.0,1.0,0.05,2.0,2.0,0.0,0.5,1.0,0.0,1.0
wave,32,32,16,0,1,4,0.0022211074829101562,0.00008988380432128906,0.015153169631958008,false,0.8598792812907126,1.7205989039765932,0.0021304022180709363,0.0024775596579942227,0.0010402908397117996,0.0012098103330856886,0.0,1.0,1.0,0.05,2.0,2.0,0.0,0.5,1.0,0.0,1.0
heat,256,256,16,10000,1000,5,19.93030095100403,0.012089729309082031,0.1664888858795166,false,0.00014047099087742047,0.00039853642794263896,3.4526586068271913e-7,0.0024579157484819307,9.934186103617024e-6,0.07072055263195834,0.0,1.0,1.0,0.05,2.0,2.0,0.0,0.5,1.0,0.0,1.0
poisson_1d,8,32,16,10000,1000,7,17.20917510986328,0.00002288818359375,0.0003590583801269531,false,4.52636193092898e-6,6.843216007490399e-6,0.000010355211520569262,2.2877559678960995,0.011214972573078455,2477.701240857014,0.0,1.0,1.0,0.05,2.0,2.0,0.0,0.5,1.0,0.0,1.0
poisson_2d,32,32,32,0,1000,3,0.002557992935180664,0.0007407665252685547,0.002402067184448242,false,0.48620431657194224,1.0037766535678805,0.0004155829189242737,0.0008547495461463699,0.00041476287710914914,0.0008530629263711561,0.0,1.0,1.0,0.05,2.0,2.0,0.0,0.5,1.0,0.0,1.0
heat,32,32,16,0,1000,6,0.0023431777954101562,0.0006022453308105469,0.01159977912902832,false,0.4344126521979041,1.2314770256125416,0.0008465372441645967,0.0019486938050297439,0.0006581365706071615,0.0015150032285600559,0.0,1.0,1.0,0.05,2.0,2.0,0.0,0.5,1.0,0.0,1.0
poisson_1d,256,32,16,0,10000,4,0.003951072692871094,0.000051975250244140625,0.0006680488586425781,false,0.7072843700853502,1.0022105063318971,8.823449759826718e-6,0.000012475109210687016,8.926404123405047e-6,0.000012620672110042344,0.0,1.0,1.0,0.05,2.0,2.0,0.0,0.5,1.0,0.0,1.0
poisson_2d,8,32,8,0,1000,9,0.0024368762969970703,0.00004100799560546875,0.0006299018859863281,false,0.4426839605471254,1.0118490526791433,0.007463519325072183,0.016859701254700554,0.007418007097193637,0.0167568915034227,0.0,1.0,1.0,0.05,2.0,2.0,0.0,0.5,1.0,0.0,1.0
heat,64,64,16,0,10000,6,0.0068798065185546875,0.0016300678253173828,0.026163101196289062,false,0.4379146534220049,1.242016453281272,0.0002057584628710025,0.0004698597346837794,0.00016125998597565447,0.0003682452384626032,0.0,1.0,1.0,0.05,2.0,2.0,0.0,0.5,1.0,0.0,1.0
wave,8,8,16,0,10,2,0.0019478797912597656,0.000029087066650390625,0.0034079551696777344,false,0.8306597320073215,1.67445262857671,0.0433799227874041,0.05222345698951222,0.018958173771005418,0.022823032152036855,0.0,1.0,1.0,0.05,2.0,2.0,0.0,0.5,1.0,0.0,1.0
poisson_2d,16,32,16,0,1000,4,0.002780914306640625,0.0001621246337890625,0.0011608600616455078,false,0.47389317373123163,1.0109721039599604,0.0017221373797515454,0.003634020229057477,0.00171723760469867,0.0036236808206749995,0.0,1.0,1.0,0.05,2.0,2.0,0.0,0.5,1.0,0.0,1.0
drift_diffusion,16,16,16,10000,100,5,12.740617990493774,0.0003230571746826172,0.009768247604370117,true,0.13091708823319087,0.3605788555167611,0.09365591750151135,0.7153834443269192,0.06769679643284385,0.5170967162992623,0.0,1.0,1.0,0.05,2.0,2.0,0.0,0.5,1.0,0.0,1.0
heat,8,8,16,0,100,1,0.0015609264373779297,0.00011920928955078125,0.0028090476989746094,false,0.41280660707779604,1.165380539463648,0.016214461605863723,0.0392785903322715,0.012171854008336707,0.029485608514116735,0.0,1.0,1.0,0.05,2.0,2.0,0.0,0.5,1.0,0.0,1.0
wave,16,16,16,10000,0,2,0.0029900074005126953,0.00004887580871582031,0.007083892822265625,false,0.8509684658700515,1.7052707976809285,0.009203228280248403,0.010815005078759047,0.004322163832073661,0.005079111630364084,0.0,1.0,1.0,0.05,2.0,2.0,0.0,0.5,1.0,0.0,1.0
poisson_1d,128,32,16,0,1000,9,0.0015702247619628906,0.00003695487976074219,0.00047898292541503906,false,0.7160752050627486,1.0166623911102532,0.00003636569666766397,0.00005078474496889931,0.00003591751011898671,0.000050158851842718545,0.0,1.0,1.0,0.05,2.0,2.0,0.0,0.5,1.0,0.0,1.0
heat,8,8,16,0,100,6,0.0018148422241210938,0.00011992454528808594,0.002811908721923828,false,0.4130267179980919,1.1660019272482383,0.016215654180568154,0.039260545320564624,0.012171854008336707,0.029469894992102997,0.0,1.0,1.0,0.05,2.0,2.0,0.0,0.5,1.0,0.0,1.0
heat,128,128,16,0,0,2,0.002547025680541992,0.004021883010864258,0.07164597511291504,false,0.43775268317211496,1.2418352542645166,0.00005074771182802626,0.00011592781444602439,0.00003992627534176886,0.00009120738004950319,0.0,1.0,1.0,0.05,2.0,2.0,0.0,0.5,1.0,0.0,1.0
poisson_1d,64,32,16,10000,1000,8,17.064255952835083,0.000029802322387695312,0.0004069805145263672,false,0.00013040021943356038,0.00018587159782115198,1.2954769249820901e-7,0.0009934622277542634,0.00014539741646764722,1.1150089861744175,0.0,1.0,1.0,0.05,2.0,2.0,0.0,0.5,1.0,0.0,1.0
poisson_1d,128,32,16,10000,10000,9,84.43089294433594,0.0000400543212890625,0.0008630752563476562,false,0.00002075290051773635,0.00002946435418188541,5.66498014571633e-8,0.002729729341133539,0.00003591751011898671,1.7307224157951773,0.0,1.0,1.0,0.05,2.0,2.0,0.0,0.5,1.0,0.0,1.0
poisson_1d,64,32,16,0,1000,5,0.0018768310546875,0.000035762786865234375,0.0004000663757324219,false,0.7105806168396468,1.012856843389123,0.00014593723620991305,0.00020537745155360177,0.00014539741646764722,0.00020461776330785888,0.0,1.0,1.0,0.05,2.0,2.0,0.0,0.5,1.0,0.0,1.0
poisson_1d,64,32,16,10000,1,8,5.730218172073364,0.000032901763916015625,0.0004010200500488281,false,0.12795442187080042,0.1823853743860074,0.00006227112719167229,0.00048666647296135917,0.00014539741646764722,0.0011363219366850755,0.0,1.0,1.0,0.05,2.0,2.0,0.0,0.5,1.0,0.0,1.0
drift_diffusion,128,128,16,0,10,8,0.001984119415283203,0.004239082336425781,0.09609699249267578,false,0.8558356310693186,2.41874295690958,0.0012508510702975725,0.0014615552623518423,0.0009525133211054325,0.001112962917792194,0.0,1.0,1.0,0.05,2.0,2.0,0.0,0.5,1.0,0.0,1.0
poisson_2d,256,32,256,10000,100,6,12.506900310516357,0.13849925994873047,0.17049598693847656,false,0.00001680258512259059,0.000033736955226534824,3.119525516845677e-8,0.0018565747437476149,6.299580846651019e-6,0.3749173594808291,0.0,1.0,1.0,0.05,2.0,2.0,0.0,0.5,1.0,0.0,1.0
poisson_2d,16,32,16,10000,10,4,10.305903196334839,0.0001442432403564453,0.0012049674987792969,false,0.08377776054359745,0.1787258891596745,0.0013047282177538059,0.015573682195465604,0.00171723760469867,0.020497535307177704,0.0,1.0,1.0,0.05,2.0,2.0,0.0,0.5,1.0,0.0,1.0
wave,256,256,16,0,1000,3,0.002979278564453125,0.0009179115295410156,0.21642303466796875,false,0.865009597604522,1.730032394359083,0.00003119623983165626,0.00003606461699158975,0.000015783443300198566,0.000018246552805781322,0.0,1.0,1.0,0.05,2.0,2.0,0.0,0.5,1.0,0.0,1.0
drift_diffusion,64,64,16,0,10000,7,0.006392955780029297,0.0017368793487548828,0.04049491882324219,false,0.8554423113014339,2.408219796594739,0.0050561546878410794,0.005910573537272032,0.003851464283566381,0.004502307441055757,0.0,1.0,1.0,0.05,2.0,2.0,0.0,0.5,1.0,0.0,1.0
wave,64,64,16,10000,1,5,9.546691656112671,0.00019788742065429688,0.035021066665649414,false,0.8614249823607442,1.723060312071606,0.0005131088479401087,0.0005956512272652327,0.0002556346352812184,0.0002967578611205923,0.0,1.0,1.0,0.05,2.0,2.0,0.0,0.5,1.0,0.0,1.0
drift_diffusion,256,256,16,0,10,4,0.001827239990234375,0.011554718017578125,0.2169017791748047,false,0.8569674020929335,2.4267377053048778,0.0003112371937835202,0.0003631844023744653,0.00023700549940490983,0.0002765630277488756,0.0,1.0,1.0,0.05,2.0,2.0,0.0,0.5,1.0,0.0,1.0
poisson_2d,128,32,128,0,10,6,0.001959085464477539,0.026168107986450195,0.033512115478515625,false,0.49770434481974646,1.0032465533374413,0.00002528937744320452,0.000050812048772376234,0.000025298111418601268,0.00005082959729387831,0.0,1.0,1.0,0.05,2.0,2.0,0.0,0.5,1.0,0.0,1.0
poisson_2d,8,32,8,10000,1000,1,28.089892148971558,0.00004792213439941406,0.0006835460662841797,false,8.445967861996084e-6,0.000019305069398848182,0.00003148530857360825,3.7278508618187374,0.007418007097193637,878.2897612580623,0.0,1.0,1.0,0.05,2.0,2.0,0.0,0.5,1.0,0.0,1.0
poisson_1d,16,32,16,10000,10000,6,84.3865258693695,0.000027894973754882812,0.000576019287109375,false,4.879746874629713e-6,7.127326501733405e-6,1.7618206435453683e-6,0.3610475479105573,0.0025081860605056672,513.9992144868364,0.0,1.0,1.0,0.05,2.0,2.0,0.0,0.5,1.0,0.0,1.0
drift_diffusion,8,8,16,10000,1000,5,24.850924968719482,0.00013899803161621094,0.0045318603515625,true,0.004189173904161785,0.01126400629578083,0.029080022206062452,6.941708048255495,0.26151842143576154,62.42720579729256,0.0,1.0,1.0,0.05,2.0,2.0,0.0,0.5,1.0,0.0,1.0
poisson_1d,64,32,16,10000,100,8,7.8015642166137695,0.00003314018249511719,0.0005228519439697266,false,3.754319049272772e-6,5.351381182101937e-6,2.0263595894626261e-7,0.05397409124834947,0.00014539741646764722,38.728039507441046,0.0,1.0,1.0,0.05,2.0,2.0,0.0,0.5,1.0,0.0,1.0
drift_diffusion,16,16,16,10000,1000,1,24.87624716758728,0.0002911090850830078,0.008801937103271484,true,0.006020415641205373,0.016581751175021003,0.01062852080634096,1.7654131275582166,0.06769679643284385,11.24453866100329,0.0,1.0,1.0,0.05,2.0,2.0,0.0,0.5,1.0,0.0,1.0
wave,16,16,16,0,100,2,0.0022118091583251953,0.00004887580871582031,0.007395029067993164,false,0.8509684658700515,1.7052707976809285,0.009203228280248403,0.010815005078759047,0.004322163832073661,0.005079111630364084,0.0,1.0,1.0,0.05,2.0,2.0,0.0,0.5,1.0,0.0,1.0
poisson_2d,16,32,16,10000,10000,1,142.62743616104126,0.00016617774963378906,0.0012669563293457031,false,0.00003128833976767522,0.00006674845817104045,4.534266922868759e-6,0.1449187446992229,0.00171723760469867,54.88426734828876,0.0,1.0,1.0,0.05,2.0,2.0,0.0,0.5,1.0,0.0,1.0
drift_diffusion,128,128,16,10000,10,9,11.143492698669434,0.004117012023925781,0.10769200325012207,false,0.6574510869479828,1.8580731256551088,0.0013265224434544068,0.002017674728643897,0.0009525133211054325,0.0014487972413692195,0.0,1.0,1.0,0.05,2.0,2.0,0.0,0.5,1.0,0.0,1.0
poisson_1d,8,32,16,10000,10000,1,84.49351096153259,0.00002002716064453125,0.0003368854522705078,false,3.392494929350519e-6,5.128970232633777e-6,0.000012091354214854064,3.5641480580819898,0.011214972573078455,3305.818521855518,0.0,1.0,1.0,0.05,2.0,2.0,0.0,0.5,1.0,0.0,1.0
wave,128,128,16,0,10000,8,0.0073490142822265625,0.000476837158203125,0.09138107299804688,false,0.8682222571819727,1.7364975088709802,0.00012598362510015215,0.0001451052700596075,0.00006338688741085187,0.00007300767388363146,0.0,1.0,1.0,0.05,2.0,2.0,0.0,0.5,1.0,0.0,1.0
poisson_2d,8,32,8,0,10,1,0.0018918514251708984,0.000041961669921875,0.0006549358367919922,false,0.421467241973415,0.9633536959392338,0.007297020410249868,0.017313374999403018,0.007418007097193637,0.01760043571230037,0.0,1.0,1.0,0.05,2.0,2.0,0.0,0.5,1.0,0.0,1.0
poisson_2d,32,32,32,10000,1,8,9.519500970840454,0.0007448196411132812,0.0021147727966308594,false,0.2754716281948893,0.5687156194991261,0.0003448386515440483,0.0012518118610025547,0.00041476287710914914,0.001505646442891442,0.0,1.0,1.0,0.05,2.0,2.0,0.0,0.5,1.0,0.0,1.0
wave,64,64,16,10000,10,1,10.730316877365112,0.0001900196075439453,0.03404116630554199,false,0.3239213980946102,0.6479218930451635,0.000377110139218211,0.0011642026165497887,0.0002556346352812184,0.0007891872435255208,0.0,1.0,1.0,0.05,2.0,2.0,0.0,0.5,1.0,0.0,1.0
heat,16,16,16,0,0,0,0.006593942642211914,0.00026607513427734375,0.0059092044830322266,false,0.4223782890444346,1.1959713022378002,0.0035853054200926182,0.008488375262383432,0.002749210983530936,0.00650888328031869,0.0,1.0,1.0,0.05,2.0,2.0,0.0,0.5,1.0,0.0,1.0
wave,8,8,16,0,1,4,0.0022211074829101562,0.000031948089599609375,0.0037136077880859375,false,0.8298967582848009,1.6729146181182974,0.043365711034681315,0.05225434441304231,0.018958173771005418,0.02284401473044364,0.0,1.0,1.0,0.05,2.0,2.0,0.0,0.5,1.0,0.0,1.0
poisson_1d,32,32,16,0,10,8,0.0011990070343017578,0.000024080276489257812,0.00032711029052734375,false,0.6901225901090229,0.9915974098562498,0.0005936748011121175,0.0008602454254081597,0.000595948894502332,0.0008635406274821206,0.0,1.0,1.0,0.05,2.0,2.0,0.0,0.5,1.0,0.0,1.0
drift_diffusion,16,16,16,0,100,2,0.0020017623901367188,0.00030803680419921875,0.01018214225769043,true,0.8130163787142802,2.2392532503549374,0.08756141362352252,0.10769944605789346,0.06769679643284385,0.0832662148084899,0.0,1.0,1.0,0.05,2.0,2.0,0.0,0.5,1.0,0.0,1.0
heat,128,128,16,0,10,3,0.0014328956604003906,0.004290103912353516,0.07407784461975098,false,0.432011688516226,1.225548958754995,0.000050708442616609207,0.00011737747835196506,0.00003992627534176886,0.0000924194330919573,0.0,1.0,1.0,0.05,2.0,2.0,0.0,0.5,1.0,0.0,1.0
poisson_2d,8,32,8,10000,100,0,12.79129695892334,0.00004506111145019531,0.0008921623229980469,false,0.00001835500030533833,0.000041954286412201876,0.00002154010893790818,1.1735281165604854,0.007418007097193637,404.1409410925362,0.0,1.0,1.0,0.05,2.0,2.0,0.0,0.5,1.0,0.0,1.0
poisson_2d,16,32,16,0,10000,4,0.01032400131225586,0.00024318695068359375,0.0017390251159667969,false,0.47389317373123163,1.0109721039599604,0.0017221373797515454,0.003634020229057477,0.00171723760469867,0.0036236808206749995,0.0,1.0,1.0,0.05,2.0,2.0,0.0,0.5,1.0,0.0,1.0
wave,16,16,16,10000,100,4,12.407609224319458,0.00004696846008300781,0.007378101348876953,false,0.02507050088941751,0.05023922126920028,0.00998042071087955,0.39809418866028073,0.004322163832073661,0.1724003780833142,0.0,1.0,1.0,0.05,2.0,2.0,0.0,0.5,1.0,0.0,1.0
heat,128,128,16,10000,100,7,9.068209886550903,0.004563808441162109,0.0751500129699707,false,0.00019843853205376777,0.0005629387880004791,2.240783148668108e-6,0.011292076823365277,0.00003992627534176886,0.20120223087989053,0.0,1.0,1.0,0.05,2.0,2.0,0.0,0.5,1.0,0.0,1.0
poisson_1d,128,32,16,0,100,9,0.0012431144714355469,0.00004124641418457031,0.0004951953887939453,false,0.7160752050627486,1.0166623911102532,0.00003636569666766397,0.00005078474496889931,0.00003591751011898671,0.000050158851842718545,0.0,1.0,1.0,0.05,2.0,2.0,0.0,0.5,1.0,0.0,1.0
heat,64,64,16,0,10000,5,0.006636857986450195,0.0015459060668945312,0.027974843978881836,false,0.4340732838970091,1.2311215354796055,0.00020570671382607372,0.0004738985822377424,0.00016125998597565447,0.0003715040569368834,0.0,1.0,1.0,0.05,2.0,2.0,0.0,0.5,1.0,0.0,1.0
wave,64,64,16,10000,1000,9,27.98876404762268,0.00021409988403320312,0.03436875343322754,false,0.00018512155195526058,0.00037028830787917867,9.552748553528794e-6,0.05160257383663413,0.0002556346352812184,1.3809015351322305,0.0,1.0,1.0,0.05,2.0,2.0,0.0,0.5,1.0,0.0,1.0
wave,32,32,16,10000,1000,3,28.13703417778015,0.00009918212890625,0.016628026962280273,false,0.0003349603292122683,0.0006702480078984693,0.000027766316819541825,0.08289434418945084,0.0010402908397117996,3.1057135695978024,0.0,1.0,1.0,0.05,2.0,2.0,0.0,0.5,1.0,0.0,1.0
poisson_1d,8,32,16,10000,1,9,5.765926837921143,0.00002002716064453125,0.0003299713134765625,false,0.09510055149727278,0.1437785193182143,0.002954209405551573,0.031064061764523924,0.011214972573078455,0.11792752404175129,0.0,1.0,1.0,0.05,2.0,2.0,0.0,0.5,1.0,0.0,1.0
wave,8,8,16,10000,1000,6,27.90100598335266,0.000027894973754882812,0.003403902053833008,false,0.00024938515509863773,0.0005027132198569653,0.000928931036841056,3.7248850536964366,0.018958173771005418,76.01965627625032,0.0,1.0,1.0,0.05,2.0,2.0,0.0,0.5,1.0,0.0,1.0
heat,32,32,16,10000,1,4,6.8093249797821045,0.0005826950073242188,0.017090797424316406,false,0.42851662126545687,1.2147629023040385,0.0008463228457361227,0.001975005877804314,0.0006581365706071615,0.0015358484080818416,0.0,1.0,1.0,0.05,2.0,2.0,0.0,0.5,1.0,0.0,1.0
drift_diffusion,32,32,16,10000,100,0,12.665422916412354,0.0006380081176757812,0.018795013427734375,false,0.16926368801190633,0.4729082762514045,0.0371597071204374,0.21953738310265042,0.015825675346876712,0.09349716724690232,0.0,1.0,1.0,0.05,2.0,2.0,0.0,0.5,1.0,0.0,1.0
poisson_1d,8,32,16,0,10000,1,0.003793954849243164,0.0000209808349609375,0.0004220008850097656,false,0.6901872614759494,1.0434650582457556,0.01155048862603169,0.016735296738643417,0.011214972573078455,0.016249173520090032,0.0,1.0,1.0,0.05,2.0,2.0,0.0,0.5,1.0,0.0,1.0
wave,16,16,16,0,100,8,0.0020859241485595703,0.0000476837158203125,0.007217884063720703,false,0.8517249237426413,1.7067866770249231,0.009202382551520564,0.010804406792610393,0.004322163832073661,0.005074600627020811,0.0,1.0,1.0,0.05,2.0,2.0,0.0,0.5,1.0,0.0,1.0
heat,8,8,16,0,100,3,0.0014603137969970703,0.00011897087097167969,0.00292205810546875,false,0.40575897358237184,1.1454846008230835,0.01620930705426827,0.03994811725581632,0.012171854008336707,0.029997744475922808,0.0,1.0,1.0,0.05,2.0,2.0,0.0,0.5,1.0,0.0,1.0
drift_diffusion,128,128,16,10000,10,3,11.310987949371338,0.004717111587524414,0.11407208442687988,false,0.7111718481724869,2.0098975042326193,0.001395452573437688,0.0019621875880261727,0.0009525133211054325,0.001339357461284675,0.0,1.0,1.0,0.05,2.0,2.0,0.0,0.5,1.0,0.0,1.0
heat,64,64,16,0,0,2,0.002547025680541992,0.0014710426330566406,0.023601770401000977,false,0.43603322351733187,1.2366803292693462,0.00020583400598953448,0.00047206037266871875,0.00016125998597565447,0.000369834171522126,0.0,1.0,1.0,0.05,2.0,2.0,0.0,0.5,1.0,0.0,1.0
drift_diffusion,16,16,16,10000,1000,0,25.139152765274048,0.0002837181091308594,0.008888721466064453,true,0.00923610186017893,0.02543856637146944,0.011297104175588829,1.2231463388570563,0.06769679643284385,7.329585300993164,0.0,1.0,1.0,0.05,2.0,2.0,0.0,0.5,1.0,0.0,1.0
poisson_1d,128,32,16,0,10000,7,0.003520965576171875,0.0000457763671875,0.0006451606750488281,false,0.6665523151064683,0.9463512570817681,0.00003531474847451822,0.00005298121043788948,0.00003591751011898671,0.00005388550801635069,0.0,1.0,1.0,0.05,2.0,2.0,0.0,0.5,1.0,0.0,1.0
drift_diffusion,64,64,16,0,10000,1,0.0058498382568359375,0.0017902851104736328,0.04080700874328613,false,0.8515617030136636,2.397295205213211,0.00505052668417155,0.005930899271653262,0.003851464283566381,0.004522824676046502,0.0,1.0,1.0,0.05,2.0,2.0,0.0,0.5,1.0,0.0,1.0
heat,32,32,16,0,0,2,0.002547025680541992,0.0005619525909423828,0.011345148086547852,false,0.4325832218824425,1.2262909395442572,0.0008468495516664562,0.001957656952068736,0.0006581365706071615,0.0015214103028388245,0.0,1.0,1.0,0.05,2.0,2.0,0.0,0.5,1.0,0.0,1.0
heat,32,32,16,0,10,9,0.0016367435455322266,0.0005781650543212891,0.011072874069213867,false,0.43065144786139303,1.220814728587782,0.0008470038815533246,0.0019667967813867334,0.0006581365706071615,0.001528234895936041,0.0,1.0,1.0,0.05,2.0,2.0,0.0,0.5,1.0,0.0,1.0
poisson_2d,256,32,256,10000,10,8,10.46821403503418,0.14531612396240234,0.1627511978149414,false,0.20145880311048536,0.4044976752649744,6.117493264244285e-6,0.00003036597641697139,6.299580846651019e-6,0.00003126982166768934,0.0,1.0,1.0,0.05,2.0,2.0,0.0,0.5,1.0,0.0,1.0
poisson_2d,64,32,64,10000,100,0,12.79129695892334,0.004602193832397461,0.008096933364868164,false,0.00002282500038514542,0.00004637460395712084,9.68557835817481e-7,0.04243407752332736,0.00010200512199543541,4.469008555258284,0.0,1.0,1.0,0.05,2.0,2.0,0.0,0.5,1.0,0.0,1.0
wave,8,8,16,10000,1,7,9.643846273422241,0.000027894973754882812,0.003596067428588867,false,0.8295705398578146,1.6722570235804746,0.04336674965357633,0.05227614478813246,0.018958173771005418,0.022852997858692978,0.0,1.0,1.0,0.05,2.0,2.0,0.0,0.5,1.0,0.0,1.0
poisson_2d,16,32,16,10000,10000,5,141.91124296188354,0.00023984909057617188,0.001234292984008789,false,9.571845632369156e-6,0.000020419937349054192,2.84194384626159e-6,0.2969065690551135,0.00171723760469867,179.40506675886402,0.0,1.0,1.0,0.05,2.0,2.0,0.0,0.5,1.0,0.0,1.0
poisson_2d,8,32,8,0,10000,0,0.007238864898681641,0.000057697296142578125,0.0008502006530761719,false,0.4339514756439407,0.9918890871861497,0.00738254208657274,0.0170123677436925,0.007418007097193637,0.017094093495559733,0.0,1.0,1.0,0.05,2.0,2.0,0.0,0.5,1.0,0.0,1.0
drift_diffusion,128,128,16,0,100,2,0.0020017623901367188,0.0048182010650634766,0.11272287368774414,false,0.8538539750027128,2.413142446157146,0.001250530151798733,0.001464571447119819,0.0009525133211054325,0.0011155459235314869,0.0,1.0,1.0,0.05,2.0,2.0,0.0,0.5,1.0,0.0,1.0
wave,128,128,16,10000,10000,3,144.66152095794678,0.0003941059112548828,0.08713197708129883,false,0.00020257545125684442,0.0004051632673040267,3.3595027075818133e-6,0.01658395766484389,0.00006338688741085187,0.31290507816987484,0.0,1.0,1.0,0.05,2.0,2.0,0.0,0.5,1.0,0.0,1.0
drift_diffusion,128,128,16,0,1,2,0.0022430419921875,0.004743099212646484,0.11293220520019531,false,0.8538539750027128,2.413142446157146,0.001250530151798733,0.001464571447119819,0.0009525133211054325,0.0011155459235314869,0.0,1.0,1.0,0.05,2.0,2.0,0.0,0.5,1.0,0.0,1.0
wave,8,8,16,10000,1,0,10.029694318771362,0.000028848648071289062,0.003522157669067383,false,0.8284670261874851,1.6700325491118635,0.04336344225884417,0.05234178414848687,0.018958173771005418,0.022883437930232252,0.0,1.0,1.0,0.05,2.0,2.0,0.0,0.5,1.0,0.0,1.0
poisson_2d,128,32,128,10000,1,0,9.913221836090088,0.02478313446044922,0.033387184143066406,false,0.2728324608678588,0.5499614959226128,0.000019545301741357737,0.00007163847615194193,0.000025298111418601268,0.00009272397917069669,0.0,1.0,1.0,0.05,2.0,2.0,0.0,0.5,1.0,0.0,1.0
heat,32,32,16,10000,10000,9,94.48318481445312,0.0006299018859863281,0.012837886810302734,false,0.00007820395454485657,0.0002216932974828835,0.0000278420216943437,0.3560180793458258,0.0006581365706071615,8.415643101894842,0.0,1.0,1.0,0.05,2.0,2.0,0.0,0.5,1.0,0.0,1.0
wave,32,32,16,10000,1000,4,28.517894744873047,0.00009512901306152344,0.01470804214477539,false,0.00039115970654466666,0.0007827016849973596,0.00004687209459824327,0.11982853503056032,0.0010402908397117996,2.659504090799655,0.0,1.0,1.0,0.05,2.0,2.0,0.0,0.5,1.0,0.0,1.0
wave,256,256,16,10000,1000,0,28.052139043807983,0.000946044921875,0.20005393028259277,false,0.0012143801702040062,0.002428778870590932,6.729137238804587e-7,0.0005541211396488458,0.000015783443300198566,0.012997118766807411,0.0,1.0,1.0,0.05,2.0,2.0,0.0,0.5,1.0,0.0,1.0
poisson_2d,8,32,8,10000,100,7,12.446485996246338,0.00003600120544433594,0.0006258487701416016,false,0.000016888944004466324,0.000038603300581637295,0.000024691614236389248,1.4619987033951494,0.007418007097193637,439.22267106741566,0.0,1.0,1.0,0.05,2.0,2.0,0.0,0.5,1.0,0.0,1.0
heat,16,16,16,0,10000,1,0.006993770599365234,0.00026702880859375,0.0055980682373046875,false,0.42662719686357026,1.208002156922676,0.0035871305534621607,0.00840811504712691,0.002749210983530936,0.0064440593655122665,0.0,1.0,1.0,0.05,2.0,2.0,0.0,0.5,1.0,0.0,1.0
wave,16,16,16,0,1,4,0.0022211074829101562,0.00006723403930664062,0.008336067199707031,false,0.8502935491519292,1.7039183201022159,0.009200254841591106,0.010820092485433188,0.004322163832073661,0.005083143152602446,0.0,1.0,1.0,0.05,2.0,2.0,0.0,0.5,1.0,0.0,1.0
drift_diffusion,128,128,16,10000,1000,7,24.57579493522644,0.004678010940551758,0.10435771942138672,false,0.005873341358472431,0.01659910212733397,0.00013333438688588816,0.022701623956106,0.0009525133211054325,0.16217571276210496,0.0,1.0,1.0,0.05,2.0,2.0,0.0,0.5,1.0,0.0,1.0
drift_diffusion,32,32,16,0,10000,0,0.006006956100463867,0.0007240772247314453,0.020142078399658203,false,0.8366391426703357,2.3374982517032854,0.020685464243710015,0.024724475808874255,0.015825675346876712,0.018915772093049878,0.0,1.0,1.0,0.05,2.0,2.0,0.0,0.5,1.0,0.0,1.0
heat,128,128,16,0,1000,0,0.0020809173583984375,0.0043027400970458984,0.07207918167114258,false,0.4345581207887809,1.2327727851076762,0.000050696370540610114,0.00011666188736408706,0.00003992627534176886,0.00009187787186969912,0.0,1.0,1.0,0.05,2.0,2.0,0.0,0.5,1.0,0.0,1.0
wave,256,256,16,0,10000,9,0.008026123046875,0.0009489059448242188,0.21714210510253906,false,0.8678367236477328,1.7356866895845182,0.000031208923494872035,0.00003596174561926026,0.000015783443300198566,0.000018187111550035404,0.0,1.0,1.0,0.05,2.0,2.0,0.0,0.5,1.0,0.0,1.0
poisson_2d,256,32,256,0,100,9,0.0020127296447753906,0.14422297477722168,0.15769290924072266,false,0.5039492541715126,1.0118510515129975,6.33805210946511e-6,0.000012576766523615163,6.299580846651019e-6,0.00001250042696661485,0.0,1.0,1.0,0.05,2.0,2.0,0.0,0.5,1.0,0.0,1.0
drift_diffusion,16,16,16,10000,10000,7,115.06130599975586,0.0003170967102050781,0.010410070419311523,true,0.004997503133426071,0.013764390765264119,0.009395562084597702,1.8800512643513492,0.06769679643284385,13.546123859342638,0.0,1.0,1.0,0.05,2.0,2.0,0.0,0.5,1.0,0.0,1.0
poisson_1d,8,32,16,10000,100,8,7.8015642166137695,0.000019788742065429688,0.00033020973205566406,false,3.4218060621875443e-6,5.173284500137976e-6,3.384683925670145e-6,0.9891513031593081,0.011214972573078455,3277.5009363274744,0.0,1.0,1.0,0.05,2.0,2.0,0.0,0.5,1.0,0.0,1.0
wave,32,32,16,10000,1,7,9.643846273422241,0.00009202957153320312,0.014765262603759766,false,0.8595614795982564,1.7199629900109707,0.0021304212577457193,0.0024784978251252486,0.0010402908397117996,0.0012102576306676897,0.0,1.0,1.0,0.05,2.0,2.0,0.0,0.5,1.0,0.0,1.0
poisson_1d,32,32,16,10000,10000,0,86.14034485816956,0.000024080276489257812,0.0003819465637207031,false,4.371609558060788e-6,6.28131404014915e-6,7.869849716843969e-7,0.18002178859163606,0.000595948894502332,136.3225344289571,0.0,1.0,1.0,0.05,2.0,2.0,0.0,0.5,1.0,0.0,1.0
wave,32,32,16,0,100,9,0.0020918846130371094,0.0001010894775390625,0.01625204086303711,false,0.8597913397574626,1.7204229349667377,0.002130797739070233,0.0024782730885278595,0.0010402908397117996,0.0012099340754063116,0.0,1.0,1.0,0.05,2.0,2.0,0.0,0.5,1.0,0.0,1.0
wave,8,8,16,10000,100,9,12.390563011169434,0.000026226043701171875,0.003490924835205078,false,0.26189652844872613,0.5279337779097005,0.22865394227664254,0.8730697716041246,0.018958173771005418,0.07238803004873363,0.0,1.0,1.0,0.05,2.0,2.0,0.0,0.5,1.0,0.0,1.0
poisson_2d,128,32,128,0,1000,5,0.0028820037841796875,0.023096084594726562,0.03114604949951172,false,0.5047254864470827,1.0173994057515994,0.000025474526949145015,0.00005047204397873388,0.000025298111418601268,0.000050122516294317566,0.0,1.0,1.0,0.05,2.0,2.0,0.0,0.5,1.0,0.0,1.0
poisson_1d,32,32,16,0,1000,4,0.001767873764038086,0.000030994415283203125,0.0006279945373535156,false,0.6975089884058483,1.0022105002321808,0.0005890746248414319,0.0008445405502053208,0.000595948894502332,0.0008543960069451848,0.0,1.0,1.0,0.05,2.0,2.0,0.0,0.5,1.0,0.0,1.0
drift_diffusion,256,256,16,0,10,1,0.0024662017822265625,0.011742830276489258,0.2252027988433838,false,0.8603406820919218,2.436290070708863,0.00031111910411388115,0.00036162314602791273,0.00023700549940490983,0.00027547866134683993,0.0,1.0,1.0,0.05,2.0,2.0,0.0,0.5,1.0,0.0,1.0
heat,64,64,16,10000,1,2,6.941212177276611,0.0014917850494384766,0.02451014518737793,false,0.43069310890617396,1.2215346606838415,0.00020572308853508464,0.000477655862796498,0.00016125998597565447,0.0003744197031273717,0.0,1.0,1.0,0.05,2.0,2.0,0.0,0.5,1.0,0.0,1.0
poisson_2d,64,32,64,10000,100,2,12.32990312576294,0.00476384162902832,0.009028196334838867,false,0.00013736460836091956,0.000279089997939646,7.912012912027494e-7,0.005759862752444402,0.00010200512199543541,0.7425866328490314,0.0,1.0,1.0,0.05,2.0,2.0,0.0,0.5,1.0,0.0,1.0
wave,64,64,16,10000,1,1,9.787418842315674,0.00018787384033203125,0.03376483917236328,false,0.8618455720770761,1.7239015942061118,0.0005131252966521042,0.0005953796286444395,0.0002556346352812184,0.0002966130401588425,0.0,1.0,1.0,0.05,2.0,2.0,0.0,0.5,1.0,0.0,1.0
wave,256,256,16,10000,100,1,12.769665718078613,0.0008931159973144531,0.19331693649291992,false,0.07844410469941275,0.15688940637457058,0.000039357741558397875,0.0005017297566109192,0.000015783443300198566,0.00020120623927927505,0.0,1.0,1.0,0.05,2.0,2.0,0.0,0.5,1.0,0.0,1.0
heat,128,128,16,0,1,6,0.003011941909790039,0.004430055618286133,0.07757115364074707,false,0.4396598981397311,1.2472457220361453,0.00005072912237985006,0.00011538264598270797,0.00003992627534176886,0.00009081172858999214,0.0,1.0,1.0,0.05,2.0,2.0,0.0,0.5,1.0,0.0,1.0
poisson_1d,64,32,16,10000,10,4,6.544991970062256,0.000027179718017578125,0.0003490447998046875,false,0.00030140698897582777,0.00042962349970540863,5.593658889260087e-6,0.018558490990090583,0.00014539741646764722,0.4823956370807963,0.0,1.0,1.0,0.05,2.0,2.0,0.0,0.5,1.0,0.0,1.0
drift_diffusion,8,8,16,10000,10000,3,115.92550992965698,0.00014281272888183594,0.004454135894775391,true,0.005339944102544271,0.014358239921818587,0.03699349148846753,6.927692645853897,0.26151842143576154,48.973999804820714,0.0,1.0,1.0,0.05,2.0,2.0,0.0,0.5,1.0,0.0,1.0
poisson_1d,16,32,16,0,100,7,0.0012197494506835938,0.000024080276489257812,0.00041174888610839844,false,0.6479225628817052,0.9463514752183183,0.0024662183537875137,0.0038063473863585518,0.0025081860605056672,0.0038711201063136923,0.0,1.0,1.0,0.05,2.0,2.0,0.0,0.5,1.0,0.0,1.0
poisson_2d,8,32,8,0,1,2,0.001962900161743164,0.00004601478576660156,0.0007901191711425781,false,0.44657571350806974,1.0207444880184446,0.007455497724026479,0.016694812320759478,0.007418007097193637,0.016610860986867326,0.0,1.0,1.0,0.05,2.0,2.0,0.0,0.5,1.0,0.0,1.0
poisson_1d,256,32,16,0,0,0,0.001726388931274414,0.000051975250244140625,0.0005810260772705078,false,0.7084055265207946,1.003799166857095,9.031985267117693e-6,0.000012749738573436392,8.926404123405047e-6,0.000012600698031317546,0.0,1.0,1.0,0.05,2.0,2.0,0.0,0.5,1.0,0.0,1.0
heat,256,256,16,0,1000,6,0.0023431777954101562,0.012708187103271484,0.16716742515563965,false,0.44053110868749845,1.2498501886922129,0.000012594905654122082,0.00002859027525126854,9.934186103617024e-6,0.000022550475795488216,0.0,1.0,1.0,0.05,2.0,2.0,0.0,0.5,1.0,0.0,1.0
heat,256,256,16,10000,1000,0,19.752707958221436,0.012248992919921875,0.15764784812927246,false,0.00006344303283840064,0.00017999701950794728,3.6370481655056444e-7,0.005732777899764098,9.934186103617024e-6,0.15658435070254753,0.0,1.0,1.0,0.05,2.0,2.0,0.0,0.5,1.0,0.0,1.0
poisson_1d,128,32,16,10000,100,6,7.740281105041504,0.00003886222839355469,0.0005669593811035156,false,4.018238433644053e-6,5.704976048768094e-6,5.608793654036701e-8,0.013958339572225495,0.00003591751011898671,8.938620918400813,0.0,1.0,1.0,0.05,2.0,2.0,0.0,0.5,1.0,0.0,1.0
poisson_1d,64,32,16,0,100,7,0.0012197494506835938,0.00003409385681152344,0.0003650188446044922,false,0.6639229076231498,0.9463512577358442,0.0001429576911985475,0.00021532272731835287,0.00014539741646764722,0.00021899743900714513,0.0,1.0,1.0,0.05,2.0,2.0,0.0,0.5,1.0,0.0,1.0
wave,128,128,16,0,100,8,0.0020859241485595703,0.0004067420959472656,0.08488225936889648,false,0.8682222571819727,1.7364975088709802,0.00012598362510015215,0.0001451052700596075,0.00006338688741085187,0.00007300767388363146,0.0,1.0,1.0,0.05,2.0,2.0,0.0,0.5,1.0,0.0,1.0
poisson_2d,16,32,16,0,10,8,0.001953601837158203,0.00017523765563964844,0.001132965087890625,false,0.4705303822284892,1.0037981487541099,0.0017178344640401228,0.00365084706306158,0.00171723760469867,0.003649578581016646,0.0,1.0,1.0,0.05,2.0,2.0,0.0,0.5,1.0,0.0,1.0
heat,32,32,16,10000,10,5,7.720088005065918,0.0005612373352050781,0.011027097702026367,false,0.0862461727936862,0.24449145255108298,0.0005177300881525552,0.006002934059358701,0.0006581365706071615,0.007630907543938469,0.0,1.0,1.0,0.05,2.0,2.0,0.0,0.5,1.0,0.0,1.0
wave,16,16,16,0,1,7,0.002151966094970703,0.000051021575927734375,0.007036924362182617,false,0.85788514152836,1.719131246675457,0.009202217658634321,0.010726631355615001,0.004322163832073661,0.005038161430763955,0.0,1.0,1.0,0.05,2.0,2.0,0.0,0.5,1.0,0.0,1.0
drift_diffusion,32,32,16,10000,10,8,11.110510110855103,0.0006620883941650391,0.01985478401184082,false,0.7553901487959354,2.1104955076912275,0.024830253608145995,0.032870767043658856,0.015825675346876712,0.020950333244486,0.0,1.0,1.0,0.05,2.0,2.0,0.0,0.5,1.0,0.0,1.0
poisson_2d,64,32,64,10000,1,6,9.572857141494751,0.004170894622802734,0.008168935775756836,false,0.10531313540498549,0.2139695449498117,0.00005936559757205001,0.0005637055372414598,0.00010200512199543541,0.0009685887862247279,0.0,1.0,1.0,0.05,2.0,2.0,0.0,0.5,1.0,0.0,1.0
wave,64,64,16,10000,10000,1,146.8099720478058,0.000186920166015625,0.0332942008972168,false,0.0002229906953129921,0.0004460358416841964,8.792487013276212e-6,0.03942983809674678,0.0002556346352812184,1.1463914892156926,0.0,1.0,1.0,0.05,2.0,2.0,0.0,0.5,1.0,0.0,1.0
drift_diffusion,16,16,16,0,10,9,0.0018732547760009766,0.00029015541076660156,0.008803129196166992,true,0.8124992643060823,2.2378289861584477,0.08755476093470416,0.10775980333899819,0.06769679643284385,0.08331920951419015,0.0,1.0,1.0,0.05,2.0,2.0,0.0,0.5,1.0,0.0,1.0
poisson_1d,32,32,16,0,1,6,0.0014350414276123047,0.000022649765014648438,0.00034880638122558594,false,0.6481801681524192,0.9313327589502478,0.0005741552431556212,0.0008857957576705877,0.000595948894502332,0.0009194185872749425,0.0,1.0,1.0,0.05,2.0,2.0,0.0,0.5,1.0,0.0,1.0
drift_diffusion,8,8,16,0,100,7,0.0023040771484375,0.00013327598571777344,0.004282951354980469,true,0.7724378789016125,2.076959641709668,0.3609794948748928,0.467324952251431,0.26151842143576154,0.33856239909885594,0.0,1.0,1.0,0.05,2.0,2.0,0.0,0.5,1.0,0.0,1.0
heat,128,128,16,10000,1,6,7.055966138839722,0.003973245620727539,0.0672152042388916,false,0.43853138790538176,1.2440443166588941,0.00005072757464045589,0.00011567604061992693,0.00003992627534176886,0.00009104542215888868,0.0,1.0,1.0,0.05,2.0,2.0,0.0,0.5,1.0,0.0,1.0
drift_diffusion,128,128,16,0,1000,0,0.0028009414672851562,0.004469156265258789,0.10460495948791504,false,0.8542414493821303,2.4142375173275625,0.0012504450678217853,0.0014638075320815062,0.0009525133211054325,0.0011150399243614107,0.0,1.0,1.0,0.05,2.0,2.0,0.0,0.5,1.0,0.0,1.0
wave,32,32,16,10000,100,2,13.22167420387268,0.00009799003601074219,0.016076087951660156,false,0.10035711035566959,0.2008122975413853,0.011576323053306976,0.11535129909858918,0.0010402908397117996,0.010365890727871363,0.0,1.0,1.0,0.05,2.0,2.0,0.0,0.5,1.0,0.0,1.0
poisson_2d,256,32,256,10000,0,1,0.0029222965240478516,0.13251209259033203,0.16890907287597656,false,0.4797920800418068,0.963347235221196,6.197267840668729e-6,0.000012916569694374128,6.299580846651019e-6,0.00001312981416054659,0.0,1.0,1.0,0.05,2.0,2.0,0.0,0.5,1.0,0.0,1.0
drift_diffusion,8,8,16,0,1,3,0.002309083938598633,0.0001461505889892578,0.0046079158782958984,true,0.7614612094579487,2.047445165455221,0.360536462225699,0.47347974886645805,0.26151842143576154,0.3434428677226055,0.0,1.0,1.0,0.05,2.0,2.0,0.0,0.5,1.0,0.0,1.0
poisson_2d,128,32,128,0,100,3,0.002023935317993164,0.02532792091369629,0.03411412239074707,false,0.49796732502108165,1.003776655160605,0.000025348118285287407,0.00005090317579414328,0.000025298111418601268,0.00005080275381026306,0.0,1.0,1.0,0.05,2.0,2.0,0.0,0.5,1.0,0.0,1.0
poisson_2d,256,32,256,10000,100,3,12.48266887664795,0.14462709426879883,0.16092324256896973,false,0.000013524075824092581,0.000027154222831119213,3.3123518299038144e-8,0.0024492260121601094,6.299580846651019e-6,0.4658049044195683,0.0,1.0,1.0,0.05,2.0,2.0,0.0,0.5,1.0,0.0,1.0
poisson_1d,8,32,16,10000,10000,0,86.14034485816956,0.000027894973754882812,0.0003991127014160156,false,3.6201453511050665e-6,5.47314531938892e-6,9.583679893050513e-6,2.6473190889587674,0.011214972573078455,3097.9343327596607,0.0,1.0,1.0,0.05,2.0,2.0,0.0,0.5,1.0,0.0,1.0
poisson_1d,16,32,16,10000,10,7,6.535207033157349,0.000028848648071289062,0.00037097930908203125,false,0.00045983500267284065,0.000671632009851635,0.00013611016710340988,0.2959978390340562,0.0025081860605056672,5.454534878654342,0.0,1.0,1.0,0.05,2.0,2.0,0.0,0.5,1.0,0.0,1.0
drift_diffusion,256,256,16,0,10000,0,0.006006956100463867,0.013400793075561523,0.22669506072998047,false,0.8571739734425506,2.427322668608881,0.0003111979831126793,0.0003630511340222538,0.00023700549940490983,0.00027649637850418746,0.0,1.0,1.0,0.05,2.0,2.0,0.0,0.5,1.0,0.0,1.0
wave,16,16,16,0,1000,7,0.0028791427612304688,0.00004792213439941406,0.007009029388427734,false,0.85788514152836,1.719131246675457,0.009202217658634321,0.010726631355615001,0.004322163832073661,0.005038161430763955,0.0,1.0,1.0,0.05,2.0,2.0,0.0,0.5,1.0,0.0,1.0
heat,32,32,16,10000,1,0,6.8913280963897705,0.000579833984375,0.011483907699584961,false,0.42926022815371206,1.2168708860249093,0.0008461012722247271,0.0019710684026421144,0.0006581365706071615,0.0015331878600490605,0.0,1.0,1.0,0.05,2.0,2.0,0.0,0.5,1.0,0.0,1.0
wave,256,256,16,0,100,2,0.0022118091583251953,0.0008459091186523438,0.199476957321167,false,0.8685480065398609,1.737109266222214,0.00003121341066423258,0.000035937461636209604,0.000015783443300198566,0.00001817221751861128,0.0,1.0,1.0,0.05,2.0,2.0,0.0,0.5,1.0,0.0,1.0
drift_diffusion,128,128,16,0,10000,0,0.006006956100463867,0.004950046539306641,0.10748791694641113,false,0.8542414493821303,2.4142375173275625,0.0012504450678217853,0.0014638075320815062,0.0009525133211054325,0.0011150399243614107,0.0,1.0,1.0,0.05,2.0,2.0,0.0,0.5,1.0,0.0,1.0
drift_diffusion,256,256,16,10000,10000,6,114.56074023246765,0.01243901252746582,0.21331024169921875,false,0.007932234131182448,0.022462291571925187,0.00003430675655438198,0.004324980325469475,0.00023700549940490983,0.029878782633660953,0.0,1.0,1.0,0.05,2.0,2.0,0.0,0.5,1.0,0.0,1.0
heat,256,256,16,10000,10000,2,94.07847285270691,0.01273488998413086,0.1569652557373047,false,0.00008992391110118057,0.00025512708419754283,4.015499245121936e-7,0.0044654410556045675,9.934186103617024e-6,0.11047324323369599,0.0,1.0,1.0,0.05,2.0,2.0,0.0,0.5,1.0,0.0,1.0
poisson_1d,16,32,16,10000,10,4,6.544991970062256,0.0000209808349609375,0.00033593177795410156,false,0.0002921362739599854,0.00042669233896904814,0.00009168752557205359,0.3138519031860482,0.0025081860605056672,8.585671428288158,0.0,1.0,1.0,0.05,2.0,2.0,0.0,0.5,1.0,0.0,1.0
heat,32,32,16,0,1000,7,0.002293825149536133,0.0005950927734375,0.011647939682006836,false,0.44582811145233797,1.2638376756477692,0.0008458829938978294,0.0018973298725875876,0.0006581365706071615,0.0014762114673819095,0.0,1.0,1.0,0.05,2.0,2.0,0.0,0.5,1.0,0.0,1.0
drift_diffusion,16,16,16,10000,1000,3,24.582820177078247,0.0003390312194824219,0.01050710678100586,true,0.007664358625280842,0.021109586981122128,0.011566798713505671,1.5091672087671502,0.06769679643284385,8.832675993206461,0.0,1.0,1.0,0.05,2.0,2.0,0.0,0.5,1.0,0.0,1.0
drift_diffusion,64,64,16,0,1000,8,0.002511739730834961,0.0015769004821777344,0.03742504119873047,false,0.8499726839357225,2.392821838452987,0.005053444265193955,0.0059454196125391144,0.003851464283566381,0.004531280070945951,0.0,1.0,1.0,0.05,2.0,2.0,0.0,0.5,1.0,0.0,1.0
poisson_1d,16,32,16,10000,10,5,6.492530107498169,0.0000209808349609375,0.00033593177795410156,false,0.0002839601971633094,0.0004147504144532241,0.00009587277877681642,0.3376275257396194,0.0025081860605056672,8.832878993467846,0.0,1.0,1.0,0.05,2.0,2.0,0.0,0.5,1.0,0.0,1.0
poisson_2d,64,32,64,0,10,8,0.001953601837158203,0.004488229751586914,0.009725093841552734,false,0.4940569302993428,1.003798207592315,0.00010204065364136004,0.00020653622565224394,0.00010200512199543541,0.00020646430753158706,0.0,1.0,1.0,0.05,2.0,2.0,0.0,0.5,1.0,0.0,1.0
heat,8,8,16,10000,100,3,9.242278099060059,0.00012111663818359375,0.002986907958984375,false,0.00017712014238946378,0.0005000219559199346,0.0007923025406920105,4.473249230736246,0.012171854008336707,68.72089105238825,0.0,1.0,1.0,0.05,2.0,2.0,0.0,0.5,1.0,0.0,1.0
poisson_2d,16,32,16,0,1,3,0.0018448829650878906,0.00022602081298828125,0.0011777877807617188,false,0.47052029341434126,1.0037766259505942,0.0017206353845877688,0.0036568781594985807,0.00171723760469867,0.0036496568346446774,0.0,1.0,1.0,0.05,2.0,2.0,0.0,0.5,1.0,0.0,1.0
drift_diffusion,32,32,16,10000,10000,8,114.13912391662598,0.0007641315460205078,0.01897120475769043,false,0.015403044698661482,0.043034790290962764,0.0023745753309026285,0.15416272414693197,0.015825675346876712,1.0274381238568926,0.0,1.0,1.0,0.05,2.0,2.0,0.0,0.5,1.0,0.0,1.0
poisson_1d,32,32,16,10000,0,0,0.0021538734436035156,0.000024080276489257812,0.00035500526428222656,false,0.6986146560344731,1.003799170379224,0.0006030014944655201,0.0008631389124990886,0.000595948894502332,0.0008530437908146674,0.0,1.0,1.0,0.05,2.0,2.0,0.0,0.5,1.0,0.0,1.0
drift_diffusion,16,16,16,10000,10,9,11.143492698669434,0.0002899169921875,0.008671045303344727,true,0.6357073272741514,1.7508991653086485,0.11677950286545907,0.18370010515089977,0.06769679643284385,0.1064905083336397,0.0,1.0,1.0,0.05,2.0,2.0,0.0,0.5,1.0,0.0,1.0
heat,32,32,16,10000,100,7,9.068209886550903,0.000591278076171875,0.011678934097290039,false,0.00019785360547061384,0.0005608772404277694,0.00003560708769897103,0.1799668376740376,0.0006581365706071615,3.3263814881785336,0.0,1.0,1.0,0.05,2.0,2.0,0.0,0.5,1.0,0.0,1.0
poisson_2d,64,32,64,10000,10,5,10.653813123703003,0.004393815994262695,0.00855565071105957,false,0.18325876810174727,0.37233527487339113,0.00009676457134378443,0.0005280215093995372,0.00010200512199543541,0.0005566179618690932,0.0,1.0,1.0,0.05,2.0,2.0,0.0,0.5,1.0,0.0,1.0
heat,128,128,16,0,1000,8,0.002287149429321289,0.004113912582397461,0.06712913513183594,false,0.43763053181717576,1.2414887301545547,0.00005073928177341165,0.00011594090924764007,0.00003992627534176886,0.0000912328378369369,0.0,1.0,1.0,0.05,2.0,2.0,0.0,0.5,1.0,0.0,1.0
wave,32,32,16,0,10000,6,0.0074689388275146484,0.00010395050048828125,0.016184091567993164,false,0.8626430793175465,1.726129201030204,0.0021310576426651546,0.0024703816604557645,0.0010402908397117996,0.0012059342556075376,0.0,1.0,1.0,0.05,2.0,2.0,0.0,0.5,1.0,0.0,1.0
wave,32,32,16,10000,0,0,0.0032138824462890625,0.00009298324584960938,0.014552116394042969,false,0.8585523740768571,1.7179437927912053,0.002130498523585927,0.0024815009403202763,0.0010402908397117996,0.0012116801154156184,0.0,1.0,1.0,0.05,2.0,2.0,0.0,0.5,1.0,0.0,1.0
heat,32,32,16,10000,100,3,9.242278099060059,0.0005922317504882812,0.011097908020019531,false,0.0002063650619478034,0.0005850055963886932,0.00004345705838422378,0.2105834096819861,0.0006581365706071615,3.1891860201282873,0.0,1.0,1.0,0.05,2.0,2.0,0.0,0.5,1.0,0.0,1.0
heat,8,8,16,10000,10,8,7.756907224655151,0.00011706352233886719,0.002931833267211914,false,0.08728926514931926,0.24642340787420666,0.01158016593510339,0.132664261926069,0.012171854008336707,0.13944273660129006,0.0,1.0,1.0,0.05,2.0,2.0,0.0,0.5,1.0,0.0,1.0
poisson_2d,64,32,64,0,1,7,0.001962900161743164,0.004297971725463867,0.00896000862121582,false,0.5159678803964446,1.048315693503887,0.00010349915343790574,0.0002005922410487684,0.00010200512199543541,0.00019769665103389696,0.0,1.0,1.0,0.05,2.0,2.0,0.0,0.5,1.0,0.0,1.0
wave,32,32,16,0,10,2,0.0019478797912597656,0.00009918212890625,0.017885923385620117,false,0.8605134783336124,1.721867917849425,0.002131073962213568,0.002476514332280304,0.0010402908397117996,0.0012089187048253173,0.0,1.0,1.0,0.05,2.0,2.0,0.0,0.5,1.0,0.0,1.0
drift_diffusion,64,64,16,10000,1000,6,24.568734884262085,0.00177001953125,0.04077792167663574,false,0.007498952168794807,0.021110862565512235,0.0005123175049484006,0.06831854550030166,0.003851464283566381,0.5136003266687481,0.0,1.0,1.0,0.05,2.0,2.0,0.0,0.5,1.0,0.0,1.0
heat,256,256,16,10000,0,0,0.0072209835052490234,0.011970996856689453,0.1573789119720459,false,0.43542091667678384,1.2353518381265192,0.000012586761227654844,0.000028907112050839042,9.934186103617024e-6,0.000022815132950976818,0.0,1.0,1.0,0.05,2.0,2.0,0.0,0.5,1.0,0.0,1.0
drift_diffusion,32,32,16,0,1000,5,0.002458810806274414,0.0006897449493408203,0.019483089447021484,false,0.8356341032785797,2.334690257549887,0.020685287033648924,0.024754000527851792,0.015825675346876712,0.018938522595936733,0.0,1.0,1.0,0.05,2.0,2.0,0.0,0.5,1.0,0.0,1.0
wave,64,64,16,0,100,5,0.001981019973754883,0.00021600723266601562,0.041657209396362305,false,0.8638319764617826,1.72787488802635,0.0005131714747581765,0.0005940639947829948,0.0002556346352812184,0.0002959309706596953,0.0,1.0,1.0,0.05,2.0,2.0,0.0,0.5,1.0,0.0,1.0
poisson_2d,256,32,256,10000,100,9,12.67064094543457,0.13703179359436035,0.17969679832458496,false,0.000016780597719867754,0.000033692807970871715,6.1135561335244e-8,0.0036432290646296168,6.299580846651019e-6,0.37540860890520916,0.0,1.0,1.0,0.05,2.0,2.0,0.0,0.5,1.0,0.0,1.0
poisson_2d,256,32,256,10000,10,5,10.653813123703003,0.1341691017150879,0.1633772850036621,false,0.18544041261316735,0.3723352598350653,5.941700038532397e-6,0.00003204102037308829,6.299580846651019e-6,0.00003397091689928492,0.0,1.0,1.0,0.05,2.0,2.0,0.0,0.5,1.0,0.0,1.0
poisson_2d,16,32,16,10000,100,1,12.403894186019897,0.00019621849060058594,0.001567840576171875,false,0.000014987641460045323,0.000031973635114763346,0.000012493792483819179,0.8336063093744462,0.00171723760469867,114.57690719818028,0.0,1.0,1.0,0.05,2.0,2.0,0.0,0.5,1.0,0.0,1.0
heat,16,16,16,0,100,8,0.001397848129272461,0.0003399848937988281,0.006278038024902344,false,0.4254050512444035,1.2045416308360113,0.003588299117113653,0.008435017653450722,0.002749210983530936,0.006462572495293339,0.0,1.0,1.0,0.05,2.0,2.0,0.0,0.5,1.0,0.0,1.0
wave,16,16,16,10000,10,2,10.43802785873413,0.00004982948303222656,0.0071201324462890625,false,0.41907611837554876,0.8397940644494213,0.00707391354499443,0.01687978206063092,0.004322163832073661,0.010313553176992105,0.0,1.0,1.0,0.05,2.0,2.0,0.0,0.5,1.0,0.0,1.0
drift_diffusion,64,64,16,0,10000,5,0.005910158157348633,0.001692056655883789,0.04272580146789551,false,0.8473213248849515,2.385357798774808,0.005051769123002658,0.00596204648064131,0.003851464283566381,0.004545458930930753,0.0,1.0,1.0,0.05,2.0,2.0,0.0,0.5,1.0,0.0,1.0
poisson_2d,128,32,128,0,1,0,0.0017731189727783203,0.026423931121826172,0.04112100601196289,false,0.49206945130276947,0.9918880278229051,0.00002517789269402141,0.00005116735580183272,0.000025298111418601268,0.00005141166831556747,0.0,1.0,1.0,0.05,2.0,2.0,0.0,0.5,1.0,0.0,1.0
wave,256,256,16,0,100,3,0.0022118091583251953,0.0010082721710205078,0.2106633186340332,false,0.865009597604522,1.730032394359083,0.00003119623983165626,0.00003606461699158975,0.000015783443300198566,0.000018246552805781322,0.0,1.0,1.0,0.05,2.0,2.0,0.0,0.5,1.0,0.0,1.0
drift_diffusion,32,32,16,10000,10,1,11.380289793014526,0.00061798095703125,0.01766180992126465,false,0.7447691849370915,2.080821442511571,0.02823273361656821,0.03790803135732978,0.015825675346876712,0.021249100616607088,0.0,1.0,1.0,0.05,2.0,2.0,0.0,0.5,1.0,0.0,1.0
poisson_1d,128,32,16,0,100,8,0.0012359619140625,0.0000400543212890625,0.000553131103515625,false,0.6984209541328192,0.991597407939792,0.00003578041509073003,0.00005123044330071122,0.00003591751011898671,0.00005142673613448924,0.0,1.0,1.0,0.05,2.0,2.0,0.0,0.5,1.0,0.0,1.0
drift_diffusion,64,64,16,0,1,2,0.0022430419921875,0.0016911029815673828,0.04143118858337402,false,0.8480207697212659,2.387326858381967,0.005052143836628806,0.005957570872101851,0.003851464283566381,0.004541709850847533,0.0,1.0,1.0,0.05,2.0,2.0,0.0,0.5,1.0,0.0,1.0
heat,16,16,16,0,100,0,0.0014767646789550781,0.0002541542053222656,0.005712032318115234,false,0.4223782890444346,1.1959713022378002,0.0035853054200926182,0.008488375262383432,0.002749210983530936,0.00650888328031869,0.0,1.0,1.0,0.05,2.0,2.0,0.0,0.5,1.0,0.0,1.0
poisson_1d,16,32,16,10000,100,8,7.8015642166137695,0.00002002716064453125,0.000308990478515625,false,3.6799528051997017e-6,5.374915098566108e-6,2.799026948503705e-6,0.7606149036674256,0.0025081860605056672,681.5810400865715,0.0,1.0,1.0,0.05,2.0,2.0,0.0,0.5,1.0,0.0,1.0
poisson_2d,8,32,8,10000,100,2,12.32990312576294,0.00004315376281738281,0.0006930828094482422,false,0.00012186792442639279,0.0002785552558317548,0.00002246672456596278,0.18435305821191741,0.007418007097193637,60.869233082474985,0.0,1.0,1.0,0.05,2.0,2.0,0.0,0.5,1.0,0.0,1.0
wave,32,32,16,0,1,6,0.0020961761474609375,0.00009608268737792969,0.01648879051208496,false,0.8626430793175465,1.726129201030204,0.0021310576426651546,0.0024703816604557645,0.0010402908397117996,0.0012059342556075376,0.0,1.0,1.0,0.05,2.0,2.0,0.0,0.5,1.0,0.0,1.0
wave,256,256,16,10000,10000,3,144.66152095794678,0.0008721351623535156,0.19219684600830078,false,0.00020306177712647202,0.0004061266527652275,8.35607718378968e-7,0.0041150418862833,0.000015783443300198566,0.07772729818256474,0.0,1.0,1.0,0.05,2.0,2.0,0.0,0.5,1.0,0.0,1.0
drift_diffusion,64,64,16,0,1,3,0.002309083938598633,0.0015921592712402344,0.040966033935546875,false,0.8454084174706576,2.379972629671883,0.005050248664883527,0.005973738326373844,0.003851464283566381,0.004555743950467653,0.0,1.0,1.0,0.05,2.0,2.0,0.0,0.5,1.0,0.0,1.0
heat,128,128,16,10000,10,1,7.790333032608032,0.004229068756103516,0.06872105598449707,false,0.10675966136906669,0.30286030518588924,0.00004140426006753399,0.00038782682088509056,0.00003992627534176886,0.00037398278366343105,0.0,1.0,1.0,0.05,2.0,2.0,0.0,0.5,1.0,0.0,1.0
wave,64,64,16,0,10,0,0.002482891082763672,0.00018596649169921875,0.032186269760131836,false,0.8632045774276179,1.7266199367563755,0.0005131829017622218,0.0005945090134849911,0.0002556346352812184,0.0002961460608133233,0.0,1.0,1.0,0.05,2.0,2.0,0.0,0.5,1.0,0.0,1.0
poisson_1d,16,32,16,0,100,1,0.0012731552124023438,0.000025987625122070312,0.00047588348388671875,false,0.7144137272199101,1.0434680367724993,0.0025830743897129332,0.003615656154543365,0.0025081860605056672,0.0035108312801688363,0.0,1.0,1.0,0.05,2.0,2.0,0.0,0.5,1.0,0.0,1.0
poisson_2d,256,32,256,0,10,3,0.0017771720886230469,0.1300210952758789,0.163682222366333,false,0.4999278263033429,1.0037766551659275,6.312033121207237e-6,0.000012625888756544752,6.299580846651019e-6,0.000012600980612006582,0.0,1.0,1.0,0.05,2.0,2.0,0.0,0.5,1.0,0.0,1.0
poisson_1d,32,32,16,0,100,1,0.0012731552124023438,0.000024080276489257812,0.000331878662109375,false,0.7262231157763497,1.0434681763826943,0.00061373528032508,0.0008451056803238526,0.000595948894502332,0.0008206140531140329,0.0,1.0,1.0,0.05,2.0,2.0,0.0,0.5,1.0,0.0,1.0
heat,16,16,16,0,100,7,0.0015289783477783203,0.00026297569274902344,0.00574803352355957,false,0.4388354852153093,1.2425701328268255,0.0035847309416849114,0.008168735351759682,0.002749210983530936,0.0062647873204284485,0.0,1.0,1.0,0.05,2.0,2.0,0.0,0.5,1.0,0.0,1.0
drift_diffusion,256,256,16,0,10000,1,0.0058498382568359375,0.012525796890258789,0.2174673080444336,false,0.8603406820919218,2.436290070708863,0.00031111910411388115,0.00036162314602791273,0.00023700549940490983,0.00027547866134683993,0.0,1.0,1.0,0.05,2.0,2.0,0.0,0.5,1.0,0.0,1.0
heat,16,16,16,0,1000,5,0.002413034439086914,0.0002510547637939453,0.005597829818725586,false,0.423610059590164,1.1994590814675685,0.003586653019608964,0.008466874047039849,0.002749210983530936,0.006489956792316861,0.0,1.0,1.0,0.05,2.0,2.0,0.0,0.5,1.0,0.0,1.0
poisson_1d,16,32,16,10000,10,1,6.621852159500122,0.0000209808349609375,0.00032401084899902344,false,0.0002053267451945889,0.0002998989066725114,0.00006823628031199127,0.33233020981894135,0.0025081860605056672,12.215583791227143,0.0,1.0,1.0,0.05,2.0,2.0,0.0,0.5,1.0,0.0,1.0
heat,128,128,16,0,1,2,0.0024073123931884766,0.0042879581451416016,0.07003974914550781,false,0.43775268317211496,1.2418352542645166,0.00005074771182802626,0.00011592781444602439,0.00003992627534176886,0.00009120738004950319,0.0,1.0,1.0,0.05,2.0,2.0,0.0,0.5,1.0,0.0,1.0
poisson_1d,128,32,16,0,100,7,0.0012197494506835938,0.00003981590270996094,0.0005588531494140625,false,0.6665523151064683,0.9463512570817681,0.00003531474847451822,0.00005298121043788948,0.00003591751011898671,0.00005388550801635069,0.0,1.0,1.0,0.05,2.0,2.0,0.0,0.5,1.0,0.0,1.0
poisson_1d,16,32,16,10000,10000,0,86.14034485816956,0.00002193450927734375,0.0004277229309082031,false,4.3263382158771795e-6,6.319021419286896e-6,2.485263985953623e-6,0.5744497683457886,0.0025081860605056672,579.7480306192726,0.0,1.0,1.0,0.05,2.0,2.0,0.0,0.5,1.0,0.0,1.0
poisson_2d,32,32,32,0,1000,0,0.002732992172241211,0.0008230209350585938,0.0024356842041015625,false,0.4804457647926603,0.9918880305396854,0.000412791342849829,0.0008591840600946329,0.00041476287710914914,0.0008632876122617978,0.0,1.0,1.0,0.05,2.0,2.0,0.0,0.5,1.0,0.0,1.0
wave,128,128,16,10000,100,0,14.675817966461182,0.000438690185546875,0.09393882751464844,false,0.08237957447701251,0.16476417723440256,0.0002631452992764172,0.003194302725487443,0.00006338688741085187,0.000769449075371705,0.0,1.0,1.0,0.05,2.0,2.0,0.0,0.5,1.0,0.0,1.0
poisson_2d,256,32,256,0,1,3,0.0018448829650878906,0.14420294761657715,0.1977860927581787,false,0.4999278263033429,1.0037766551659275,6.312033121207237e-6,0.000012625888756544752,6.299580846651019e-6,0.000012600980612006582,0.0,1.0,1.0,0.05,2.0,2.0,0.0,0.5,1.0,0.0,1.0
poisson_2d,64,32,64,0,1,8,0.0018620491027832031,0.004283905029296875,0.008823156356811523,false,0.4940569302993428,1.003798207592315,0.00010204065364136004,0.00020653622565224394,0.00010200512199543541,0.00020646430753158706,0.0,1.0,1.0,0.05,2.0,2.0,0.0,0.5,1.0,0.0,1.0
wave,32,32,16,10000,10,4,10.399818897247314,0.00009393692016601562,0.0152740478515625,false,0.4821378858114301,0.9647469545347428,0.06182489981024394,0.12823074400426682,0.0010402908397117996,0.0021576625076061115,0.0,1.0,1.0,0.05,2.0,2.0,0.0,0.5,1.0,0.0,1.0
poisson_1d,16,32,16,10000,1,3,5.911823272705078,0.000029802322387695312,0.0004711151123046875,false,0.11312544211569436,0.16523028393202863,0.0007782524067000549,0.006879552399045025,0.0025081860605056672,0.022171723827965433,0.0,1.0,1.0,0.05,2.0,2.0,0.0,0.5,1.0,0.0,1.0
wave,32,32,16,10000,0,1,0.002831697463989258,0.00009083747863769531,0.015059947967529297,false,0.8589007148917549,1.7186408148469337,0.0021317652123859993,0.0024819693073077254,0.0010402908397117996,0.00121118869931655,0.0,1.0,1.0,0.05,2.0,2.0,0.0,0.5,1.0,0.0,1.0
heat,64,64,16,0,1000,3,0.00232696533203125,0.0015490055084228516,0.02437305450439453,false,0.4302900561975142,1.2203915199102153,0.0002056740600897474,0.0004779893402773353,0.00016125998597565447,0.0003747704220746202,0.0,1.0,1.0,0.05,2.0,2.0,0.0,0.5,1.0,0.0,1.0
heat,64,64,16,10000,10000,5,92.76752805709839,0.0015931129455566406,0.02770376205444336,false,0.00006350017410748143,0.0001800996162412369,5.383711253227306e-6,0.08478262192015837,0.00016125998597565447,2.5395203752110858,0.0,1.0,1.0,0.05,2.0,2.0,0.0,0.5,1.0,0.0,1.0
wave,256,256,16,10000,1,3,9.63900113105774,0.0009238719940185547,0.2138080596923828,false,0.8662263964332619,1.732466010583652,0.00003119955644366316,0.00003601778538743354,0.000015783443300198566,0.00001822092164956854,0.0,1.0,1.0,0.05,2.0,2.0,0.0,0.5,1.0,0.0,1.0
poisson_1d,256,32,16,10000,100,8,7.8015642166137695,0.00006198883056640625,0.000743865966796875,false,3.776690981261409e-6,5.351510001744212e-6,1.2582966040905772e-8,0.0033317436091554165,8.926404123405047e-6,2.3635516295768753,0.0,1.0,1.0,0.05,2.0,2.0,0.0,0.5,1.0,0.0,1.0
poisson_2d,32,32,32,0,10,8,0.001953601837158203,0.0007288455963134766,0.002090930938720703,false,0.48621475533074626,1.0037982045537983,0.00041490729261738746,0.0008533416315906493,0.00041476287710914914,0.000853044611587338,0.0,1.0,1.0,0.05,2.0,2.0,0.0,0.5,1.0,0.0,1.0
heat,32,32,16,0,1,7,0.002393007278442383,0.0005850791931152344,0.011452913284301758,false,0.44582811145233797,1.2638376756477692,0.0008458829938978294,0.0018973298725875876,0.0006581365706071615,0.0014762114673819095,0.0,1.0,1.0,0.05,2.0,2.0,0.0,0.5,1.0,0.0,1.0
drift_diffusion,128,128,16,0,10000,6,0.006406068801879883,0.004270076751708984,0.1025090217590332,false,0.8577909627421516,2.424269070266391,0.0012512126319415091,0.0014586451551572457,0.0009525133211054325,0.00111042592248871,0.0,1.0,1.0,0.05,2.0,2.0,0.0,0.5,1.0,0.0,1.0
poisson_1d,16,32,16,0,100,5,0.0012021064758300781,0.000025033950805664062,0.00040793418884277344,false,0.6934556226678216,1.012856765770551,0.0025174912813061166,0.0036303567222095226,0.0025081860605056672,0.0036169380974319905,0.0,1.0,1.0,0.05,2.0,2.0,0.0,0.5,1.0,0.0,1.0
wave,128,128,16,10000,100,5,12.742211103439331,0.00042891502380371094,0.09559273719787598,false,0.13724786201288258,0.27450410135395364,0.0004357353849933699,0.003174806358385895,0.00006338688741085187,0.000461842439519401,0.0,1.0,1.0,0.05,2.0,2.0,0.0,0.5,1.0,0.0,1.0
drift_diffusion,8,8,16,10000,1,1,10.784044027328491,0.00015211105346679688,0.005563259124755859,true,0.616732724755522,1.6582938434613093,0.36186011958548725,0.5867373418994939,0.26151842143576154,0.42403850312861147,0.0,1.0,1.0,0.05,2.0,2.0,0.0,0.5,1.0,0.0,1.0
poisson_1d,8,32,16,0,10,9,0.0011751651763916016,0.0000209808349609375,0.00033402442932128906,false,0.6724584158077347,1.0166615630055607,0.01135552097328677,0.01688657723116885,0.011214972573078455,0.016677570403528075,0.0,1.0,1.0,0.05,2.0,2.0,0.0,0.5,1.0,0.0,1.0
heat,8,8,16,0,0,1,0.0025169849395751953,0.00012183189392089844,0.0033349990844726562,false,0.41280660707779604,1.165380539463648,0.016214461605863723,0.0392785903322715,0.012171854008336707,0.029485608514116735,0.0,1.0,1.0,0.05,2.0,2.0,0.0,0.5,1.0,0.0,1.0
drift_diffusion,32,32,16,10000,1,1,10.784044027328491,0.0006868839263916016,0.021383047103881836,false,0.664100456606652,1.8554399108303192,0.020128333053396383,0.03030916912216254,0.015825675346876712,0.023830243134812794,0.0,1.0,1.0,0.05,2.0,2.0,0.0,0.5,1.0,0.0,1.0
poisson_2d,8,32,8,10000,0,1,0.0029222965240478516,0.00004410743713378906,0.0006730556488037109,false,0.421467241973415,0.9633536959392338,0.007297020410249868,0.017313374999403018,0.007418007097193637,0.01760043571230037,0.0,1.0,1.0,0.05,2.0,2.0,0.0,0.5,1.0,0.0,1.0
drift_diffusion,64,64,16,10000,1000,9,23.997740983963013,0.0015709400177001953,0.03739213943481445,false,0.00977319497799744,0.02751325403367883,0.0006138504855918408,0.06280960187265336,0.003851464283566381,0.3940844618609583,0.0,1.0,1.0,0.05,2.0,2.0,0.0,0.5,1.0,0.0,1.0
wave,16,16,16,0,1000,0,0.0028710365295410156,0.000049114227294921875,0.007092952728271484,false,0.8489552395565414,1.7012364577738186,0.009200603291320593,0.010837559935582235,0.004322163832073661,0.005091156318596229,0.0,1.0,1.0,0.05,2.0,2.0,0.0,0.5,1.0,0.0,1.0
poisson_1d,8,32,16,10000,100,4,7.854598760604858,0.0000209808349609375,0.0004100799560546875,false,0.0010533977235560703,0.0015925876618119587,0.00002734875999813036,0.025962425574457815,0.011214972573078455,10.646475041941212,0.0,1.0,1.0,0.05,2.0,2.0,0.0,0.5,1.0,0.0,1.0
heat,256,256,16,0,100,9,0.0016620159149169922,0.012603044509887695,0.1625528335571289,false,0.4366913999033042,1.238956381980704,0.000012601949482252828,0.000028857791761054264,9.934186103617024e-6,0.000022748755999812983,0.0,1.0,1.0,0.05,2.0,2.0,0.0,0.5,1.0,0.0,1.0
poisson_2d,16,32,16,10000,1,9,9.735986232757568,0.0002148151397705078,0.001138925552368164,false,0.24404166145218537,0.5206222110979952,0.0011948787877133027,0.0048962082154460854,0.00171723760469867,0.00703665757100709,0.0,1.0,1.0,0.05,2.0,2.0,0.0,0.5,1.0,0.0,1.0
poisson_1d,8,32,16,0,1000,8,0.0015888214111328125,0.000019788742065429688,0.0003352165222167969,false,0.6558805349003162,0.9915981629224321,0.011172407645162245,0.017034211339814007,0.011214972573078455,0.017099108719216615,0.0,1.0,1.0,0.05,2.0,2.0,0.0,0.5,1.0,0.0,1.0
poisson_2d,256,32,256,0,10000,9,0.007002830505371094,0.13911104202270508,0.1777801513671875,false,0.5039492541715126,1.0118510515129975,6.33805210946511e-6,0.000012576766523615163,6.299580846651019e-6,0.00001250042696661485,0.0,1.0,1.0,0.05,2.0,2.0,0.0,0.5,1.0,0.0,1.0
poisson_2d,16,32,16,10000,1000,7,27.687796115875244,0.00012493133544921875,0.0009930133819580078,false,0.0002775947535572973,0.000592202140922234,3.4913828628162764e-6,0.012577265305175788,0.00171723760469867,6.186131339631398,0.0,1.0,1.0,0.05,2.0,2.0,0.0,0.5,1.0,0.0,1.0
heat,32,32,16,10000,10,0,7.372603893280029,0.0005769729614257812,0.010905981063842773,false,0.14061347071666788,0.39861237420942186,0.0006793769564626068,0.004831521140897883,0.0006581365706071615,0.0046804660126289555,0.0,1.0,1.0,0.05,2.0,2.0,0.0,0.5,1.0,0.0,1.0
wave,128,128,16,0,1000,1,0.0027892589569091797,0.00041794776916503906,0.09202098846435547,false,0.8657668740771844,1.7315865927898517,0.00012603987852110687,0.00014558177529655657,0.00006338688741085187,0.00007321472940208708,0.0,1.0,1.0,0.05,2.0,2.0,0.0,0.5,1.0,0.0,1.0
heat,256,256,16,0,10,1,0.0014309883117675781,0.012797832489013672,0.16701602935791016,false,0.439357638052887,1.2465208835303967,0.000012592781161399806,0.000028661800935583066,9.934186103617024e-6,0.000022610705364410234,0.0,1.0,1.0,0.05,2.0,2.0,0.0,0.5,1.0,0.0,1.0
wave,8,8,16,10000,10,4,10.399818897247314,0.000026702880859375,0.003473043441772461,false,0.4669005398476399,0.9411830212865967,0.4684544704595483,1.0033281833694503,0.018958173771005418,0.04060430895451928,0.0,1.0,1.0,0.05,2.0,2.0,0.0,0.5,1.0,0.0,1.0
wave,16,16,16,0,10000,9,0.008026123046875,0.00006818771362304688,0.00798797607421875,false,0.8502327949405885,1.7037965736608487,0.009202177828339445,0.010823127363585714,0.004322163832073661,0.005083506373540531,0.0,1.0,1.0,0.05,2.0,2.0,0.0,0.5,1.0,0.0,1.0
poisson_2d,8,32,8,10000,1,3,9.422837018966675,0.00004315376281738281,0.0006661415100097656,false,0.164582093637501,0.3761876426000021,0.004618082235748026,0.0280594451904321,0.007418007097193637,0.04507177502269539,0.0,1.0,1.0,0.05,2.0,2.0,0.0,0.5,1.0,0.0,1.0
drift_diffusion,32,32,16,10000,10000,4,113.64341831207275,0.0006389617919921875,0.02161097526550293,false,0.006427354916553153,0.017957480249569738,0.002431301207768508,0.37827399285308533,0.015825675346876712,2.4622376626687705,0.0,1.0,1.0,0.05,2.0,2.0,0.0,0.5,1.0,0.0,1.0
wave,16,16,16,0,1,3,0.0020592212677001953,0.000056743621826171875,0.007246971130371094,false,0.8473396756873124,1.6979990006899444,0.009198100172488783,0.010855269069075303,0.004322163832073661,0.00510086327371343,0.0,1.0,1.0,0.05,2.0,2.0,0.0,0.5,1.0,0.0,1.0
drift_diffusion,32,32,16,0,100,2,0.0020017623901367188,0.0006539821624755859,0.019053936004638672,false,0.8363603301896919,2.336719273464259,0.020686832172890766,0.0247343536346336,0.015825675346876712,0.018922077931753822,0.0,1.0,1.0,0.05,2.0,2.0,0.0,0.5,1.0,0.0,1.0
wave,128,128,16,10000,0,1,0.002831697463989258,0.0004677772521972656,0.09589481353759766,false,0.8657668740771844,1.7315865927898517,0.00012603987852110687,0.00014558177529655657,0.00006338688741085187,0.00007321472940208708,0.0,1.0,1.0,0.05,2.0,2.0,0.0,0.5,1.0,0.0,1.0
heat,128,128,16,0,1000,3,0.00232696533203125,0.0046460628509521484,0.07419109344482422,false,0.432011688516226,1.225548958754995,0.000050708442616609207,0.00011737747835196506,0.00003992627534176886,0.0000924194330919573,0.0,1.0,1.0,0.05,2.0,2.0,0.0,0.5,1.0,0.0,1.0
poisson_2d,128,32,128,0,1,3,0.0018448829650878906,0.023228168487548828,0.039697885513305664,false,0.49796732502108165,1.003776655160605,0.000025348118285287407,0.00005090317579414328,0.000025298111418601268,0.00005080275381026306,0.0,1.0,1.0,0.05,2.0,2.0,0.0,0.5,1.0,0.0,1.0
drift_diffusion,256,256,16,0,10000,6,0.006406068801879883,0.013467788696289062,0.23584508895874023,false,0.8607279328984274,2.4373866773373782,0.0003113890771896917,0.00036177410455486865,0.00023700549940490983,0.00027535472051756717,0.0,1.0,1.0,0.05,2.0,2.0,0.0,0.5,1.0,0.0,1.0
poisson_2d,16,32,16,10000,10,3,10.674707174301147,0.0001919269561767578,0.0013217926025390625,false,0.08823098297886263,0.18822609702157353,0.00127381454147632,0.01443727020225406,0.00171723760469867,0.019462977139335105,0.0,1.0,1.0,0.05,2.0,2.0,0.0,0.5,1.0,0.0,1.0
heat,128,128,16,0,10,1,0.0014309883117675781,0.003908872604370117,0.068695068359375,false,0.4385151164083874,1.243998156990698,0.0000507207408928272,0.00011566474904730801,0.00003992627534176886,0.00009104880048099793,0.0,1.0,1.0,0.05,2.0,2.0,0.0,0.5,1.0,0.0,1.0
drift_diffusion,32,32,16,0,0,1,0.0021288394927978516,0.0006229877471923828,0.018241167068481445,false,0.8398415723255136,2.3464455664276342,0.02068028218755733,0.024624027755965706,0.015825675346876712,0.018843643692292536,0.0,1.0,1.0,0.05,2.0,2.0,0.0,0.5,1.0,0.0,1.0
wave,128,128,16,0,1000,9,0.0025911331176757812,0.00040078163146972656,0.08648109436035156,false,0.866705221416364,1.733463344743009,0.00012597875915493678,0.00014535364047889675,0.00006338688741085187,0.00007313546272083769,0.0,1.0,1.0,0.05,2.0,2.0,0.0,0.5,1.0,0.0,1.0
heat,256,256,16,0,0,2,0.002547025680541992,0.013293743133544922,0.1771831512451172,false,0.4386110516738109,1.2444027104698303,0.000012599517194912857,0.000028725945565737692,9.934186103617024e-6,0.000022649192412518006,0.0,1.0,1.0,0.05,2.0,2.0,0.0,0.5,1.0,0.0,1.0
poisson_2d,8,32,8,10000,1,8,9.519500970840454,0.000048160552978515625,0.0007259845733642578,false,0.24850235278449087,0.5680053777931217,0.006430652079437133,0.02587763056317618,0.007418007097193637,0.029850852573724985,0.0,1.0,1.0,0.05,2.0,2.0,0.0,0.5,1.0,0.0,1.0
wave,16,16,16,0,1,1,0.0021300315856933594,0.000051975250244140625,0.007447957992553711,false,0.8494105060651777,1.7021487744030204,0.009205969679536762,0.010838069006448526,0.004322163832073661,0.0050884275638356765,0.0,1.0,1.0,0.05,2.0,2.0,0.0,0.5,1.0,0.0,1.0
poisson_1d,16,32,16,0,100,0,0.0015621185302734375,0.00003504753112792969,0.0004982948303222656,false,0.6872543528252469,1.0037992314293387,0.0025379212851637844,0.003692841339935637,0.0025081860605056672,0.0036495746446635327,0.0,1.0,1.0,0.05,2.0,2.0,0.0,0.5,1.0,0.0,1.0
poisson_1d,128,32,16,0,10000,4,0.003951072692871094,0.0000438690185546875,0.0008068084716796875,false,0.7058961756610149,1.0022105063115871,0.000035503246612645156,0.00005029528114300835,0.00003591751011898671,0.00005088214295162153,0.0,1.0,1.0,0.05,2.0,2.0,0.0,0.5,1.0,0.0,1.0
heat,8,8,16,10000,1000,5,19.93030095100403,0.00011992454528808594,0.0027480125427246094,false,0.0001288813393155293,0.00036384060274990623,0.0005917956973865044,4.591787302405369,0.012171854008336707,94.44233023159343,0.0,1.0,1.0,0.05,2.0,2.0,0.0,0.5,1.0,0.0,1.0
heat,256,256,16,10000,100,5,9.205987930297852,0.012223958969116211,0.15655899047851562,false,0.0002321320649744982,0.0006585920936986556,5.87570273655296e-7,0.002531189621388983,9.934186103617024e-6,0.0427954065919506,0.0,1.0,1.0,0.05,2.0,2.0,0.0,0.5,1.0,0.0,1.0
poisson_1d,256,32,16,0,100,5,0.0012021064758300781,0.00006604194641113281,0.0006630420684814453,false,0.7147977496871863,1.0128568436376562,8.959546746179332e-6,0.000012534380179708533,8.926404123405047e-6,0.000012488013745582532,0.0,1.0,1.0,0.05,2.0,2.0,0.0,0.5,1.0,0.0,1.0
poisson_1d,16,32,16,10000,10,6,6.755296945571899,0.00002002716064453125,0.00030517578125,false,0.00009695937149133951,0.0001416182264728799,0.00003793108341926912,0.39120595395585905,0.0025081860605056672,25.868423257334268,0.0,1.0,1.0,0.05,2.0,2.0,0.0,0.5,1.0,0.0,1.0
poisson_1d,16,32,16,0,10,7,0.0012159347534179688,0.000026702880859375,0.00031828880310058594,false,0.6479225628817052,0.9463514752183183,0.0024662183537875137,0.0038063473863585518,0.0025081860605056672,0.0038711201063136923,0.0,1.0,1.0,0.05,2.0,2.0,0.0,0.5,1.0,0.0,1.0
drift_diffusion,256,256,16,10000,100,6,12.726716995239258,0.011733055114746094,0.21768808364868164,false,0.13074715272027862,0.3702463414508584,0.0004494271917158674,0.0034373765115740204,0.00023700549940490983,0.0018127010376429449,0.0,1.0,1.0,0.05,2.0,2.0,0.0,0.5,1.0,0.0,1.0
poisson_2d,64,32,64,0,10000,9,0.007002830505371094,0.004472970962524414,0.009238004684448242,false,0.4980204392688719,1.0118510512129457,0.00010262809459647458,0.00020607205348266354,0.00010200512199543541,0.00020482115582482095,0.0,1.0,1.0,0.05,2.0,2.0,0.0,0.5,1.0,0.0,1.0
poisson_1d,16,32,16,0,1,8,0.0013718605041503906,0.00002384185791015625,0.00037407875061035156,false,0.6789003594676772,0.9915974431435006,0.0024986239641945083,0.0036803986466492195,0.0025081860605056672,0.0036944833295895207,0.0,1.0,1.0,0.05,2.0,2.0,0.0,0.5,1.0,0.0,1.0
heat,256,256,16,0,10,0,0.0015568733215332031,0.012232065200805664,0.16857695579528809,false,0.43542091667678384,1.2353518381265192,0.000012586761227654844,0.000028907112050839042,9.934186103617024e-6,0.000022815132950976818,0.0,1.0,1.0,0.05,2.0,2.0,0.0,0.5,1.0,0.0,1.0
poisson_2d,32,32,32,10000,1,5,9.626037120819092,0.0007300376892089844,0.0021729469299316406,false,0.09871884855634702,0.2038066550840712,0.0001749297774920179,0.001771999775627152,0.00041476287710914914,0.004201455782503472,0.0,1.0,1.0,0.05,2.0,2.0,0.0,0.5,1.0,0.0,1.0
drift_diffusion,256,256,16,10000,100,3,13.041270971298218,0.012964248657226562,0.25586938858032227,false,0.08615575925520663,0.2439736085680261,0.00040789414051581747,0.004734380429607402,0.00023700549940490983,0.0027508956041216322,0.0,1.0,1.0,0.05,2.0,2.0,0.0,0.5,1.0,0.0,1.0
heat,32,32,16,0,1,9,0.002766132354736328,0.0005807876586914062,0.011720895767211914,false,0.43065144786139303,1.220814728587782,0.0008470038815533246,0.0019667967813867334,0.0006581365706071615,0.001528234895936041,0.0,1.0,1.0,0.05,2.0,2.0,0.0,0.5,1.0,0.0,1.0
drift_diffusion,64,64,16,10000,1000,1,24.87624716758728,0.0015628337860107422,0.03848385810852051,false,0.007189661078611567,0.020240154025088886,0.0006718369392141842,0.09344486921821867,0.003851464283566381,0.5356948319892297,0.0,1.0,1.0,0.05,2.0,2.0,0.0,0.5,1.0,0.0,1.0
heat,16,16,16,0,0,2,0.002547025680541992,0.00026702880859375,0.005632162094116211,false,0.4256369016554852,1.2051981192144576,0.003588900926176133,0.008431836883074167,0.002749210983530936,0.006459052241095803,0.0,1.0,1.0,0.05,2.0,2.0,0.0,0.5,1.0,0.0,1.0
poisson_2d,8,32,8,10000,1,1,9.617444038391113,0.00004601478576660156,0.0007610321044921875,false,0.25273656448962145,0.5776835759762773,0.006901226691416218,0.02730600815656656,0.007418007097193637,0.02935074753498223,0.0,1.0,1.0,0.05,2.0,2.0,0.0,0.5,1.0,0.0,1.0
poisson_1d,64,32,16,10000,100,2,7.93609094619751,0.000027894973754882812,0.0004229545593261719,false,4.893789929409899e-6,6.975575329027227e-6,2.7831266913463573e-7,0.05687057947796056,0.00014539741646764722,29.71059619680251,0.0,1.0,1.0,0.05,2.0,2.0,0.0,0.5,1.0,0.0,1.0
poisson_2d,8,32,8,10000,10,8,10.46821403503418,0.00007081031799316406,0.0007417201995849609,false,0.17726679688621796,0.40518125002564087,0.07216402631486042,0.4070927414634801,0.007418007097193637,0.04184656815317208,0.0,1.0,1.0,0.05,2.0,2.0,0.0,0.5,1.0,0.0,1.0
poisson_2d,32,32,32,10000,1000,4,28.352532863616943,0.000782012939453125,0.002576112747192383,false,0.000010584572297690316,0.000021852020227489676,1.1568076606783192e-6,0.10929186632508708,0.00041476287710914914,39.18560575147065,0.0,1.0,1.0,0.05,2.0,2.0,0.0,0.5,1.0,0.0,1.0
drift_diffusion,32,32,16,10000,1000,5,24.850924968719482,0.0006580352783203125,0.019415855407714844,false,0.006709442032487239,0.01874560753969315,0.0022919953636207045,0.34160744701612855,0.015825675346876712,2.358717054301725,0.0,1.0,1.0,0.05,2.0,2.0,0.0,0.5,1.0,0.0,1.0
poisson_2d,64,32,64,0,1000,4,0.002780914306640625,0.00447535514831543,0.008764266967773438,false,0.49758789739045645,1.0109722359679112,0.00010229653681087137,0.00020558485716263195,0.00010200512199543541,0.00020499920221209105,0.0,1.0,1.0,0.05,2.0,2.0,0.0,0.5,1.0,0.0,1.0
poisson_2d,64,32,64,0,10,9,0.00185394287109375,0.0047228336334228516,0.00910806655883789,false,0.4980204392688719,1.0118510512129457,0.00010262809459647458,0.00020607205348266354,0.00010200512199543541,0.00020482115582482095,0.0,1.0,1.0,0.05,2.0,2.0,0.0,0.5,1.0,0.0,1.0
poisson_1d,16,32,16,10000,0,0,0.0021538734436035156,0.0000209808349609375,0.00035190582275390625,false,0.6872543528252469,1.0037992314293387,0.0025379212851637844,0.003692841339935637,0.0025081860605056672,0.0036495746446635327,0.0,1.0,1.0,0.05,2.0,2.0,0.0,0.5,1.0,0.0,1.0
poisson_2d,32,32,32,0,10000,7,0.006856203079223633,0.0007960796356201172,0.0023050308227539062,false,0.5077778999095958,1.0483156643294878,0.0004208366192859862,0.0008287808889691959,0.00041476287710914914,0.0008168194739924542,0.0,1.0,1.0,0.05,2.0,2.0,0.0,0.5,1.0,0.0,1.0
drift_diffusion,8,8,16,0,10000,9,0.00599980354309082,0.0001499652862548828,0.004731893539428711,true,0.7638067095822806,2.0537518332545646,0.36063678339808236,0.47215712938069304,0.26151842143576154,0.3423882222490343,0.0,1.0,1.0,0.05,2.0,2.0,0.0,0.5,1.0,0.0,1.0
wave,32,32,16,0,1,9,0.0023207664489746094,0.00016117095947265625,0.016860008239746094,false,0.8597913397574626,1.7204229349667377,0.002130797739070233,0.0024782730885278595,0.0010402908397117996,0.0012099340754063116,0.0,1.0,1.0,0.05,2.0,2.0,0.0,0.5,1.0,0.0,1.0
wave,32,32,16,10000,10,5,10.62522006034851,0.00011181831359863281,0.017756938934326172,false,0.35251595149090226,0.7053764091851058,0.009310255741634473,0.026410877868812552,0.0010402908397117996,0.002951046145038481,0.0,1.0,1.0,0.05,2.0,2.0,0.0,0.5,1.0,0.0,1.0
poisson_1d,8,32,16,10000,1,1,5.950311899185181,0.000023126602172851562,0.0004589557647705078,false,0.10631716950694554,0.1607364517781014,0.004010621185272989,0.03772317494787121,0.011214972573078455,0.10548599652425647,0.0,1.0,1.0,0.05,2.0,2.0,0.0,0.5,1.0,0.0,1.0
heat,32,32,16,10000,1,8,6.9454638957977295,0.0006020069122314453,0.011897087097167969,false,0.4321837717551619,1.2251585746093612,0.0008466191026569145,0.0019589331159258236,0.0006581365706071615,0.001522816481364795,0.0,1.0,1.0,0.05,2.0,2.0,0.0,0.5,1.0,0.0,1.0
poisson_2d,128,32,128,10000,1000,9,27.943398237228394,0.025471925735473633,0.03285408020019531,false,9.708761539577368e-6,0.00001957041696166776,9.234797184251412e-8,0.009511817904385664,0.000025298111418601268,2.605699121892528,0.0,1.0,1.0,0.05,2.0,2.0,0.0,0.5,1.0,0.0,1.0
poisson_2d,32,32,32,10000,10,2,10.52458381652832,0.0008680820465087891,0.002390146255493164,false,0.08920659743462184,0.18416845921986438,0.0002899626386220161,0.003250461815164792,0.00041476287710914914,0.004649464154409903,0.0,1.0,1.0,0.05,2.0,2.0,0.0,0.5,1.0,0.0,1.0
heat,8,8,16,10000,10000,4,92.54381108283997,0.0001342296600341797,0.0029430389404296875,false,0.00004609894252300244,0.00013014038434718144,0.0005032795272586579,10.917376835844767,0.012171854008336707,264.0375970064128,0.0,1.0,1.0,0.05,2.0,2.0,0.0,0.5,1.0,0.0,1.0
drift_diffusion,8,8,16,10000,1000,0,25.139152765274048,0.00014901161193847656,0.004391908645629883,true,0.007170856689369546,0.01928126564880874,0.03618046082834338,5.045486529103097,0.26151842143576154,36.46962040441368,0.0,1.0,1.0,0.05,2.0,2.0,0.0,0.5,1.0,0.0,1.0
wave,256,256,16,10000,10000,5,143.17898321151733,0.0009369850158691406,0.22839903831481934,false,0.00028849321986266287,0.0005769908418328917,8.378413486052583e-7,0.0029041977104481763,0.000015783443300198566,0.054709928045126324,0.0,1.0,1.0,0.05,2.0,2.0,0.0,0.5,1.0,0.0,1.0
poisson_1d,64,32,16,10000,100,1,7.605097055435181,0.00003314018249511719,0.0005121231079101562,false,7.966130236344098e-6,0.000011354868587741003,3.7537611888625726e-7,0.047121514178735883,0.00014539741646764722,18.251950715351267,0.0,1.0,1.0,0.05,2.0,2.0,0.0,0.5,1.0,0.0,1.0
drift_diffusion,64,64,16,10000,1000,3,24.582820177078247,0.0016140937805175781,0.03962397575378418,false,0.008924504925875829,0.025124043028224956,0.0007467930372257096,0.0836789315965796,0.003851464283566381,0.43156055328059156,0.0,1.0,1.0,0.05,2.0,2.0,0.0,0.5,1.0,0.0,1.0
heat,256,256,16,10000,10000,6,93.10778307914734,0.01391291618347168,0.17367815971374512,false,0.00015928561046101486,0.000451916212872672,4.37869533388883e-7,0.0027489585036670756,9.934186103617024e-6,0.06236712829777037,0.0,1.0,1.0,0.05,2.0,2.0,0.0,0.5,1.0,0.0,1.0
poisson_1d,8,32,16,0,10,6,0.0011892318725585938,0.0000209808349609375,0.000331878662109375,false,0.6160207248248304,0.9313357944847166,0.010803985412270165,0.01753834729398487,0.011214972573078455,0.018205511797135566,0.0,1.0,1.0,0.05,2.0,2.0,0.0,0.5,1.0,0.0,1.0
poisson_2d,32,32,32,0,10000,6,0.006663084030151367,0.000759124755859375,0.002547025680541992,false,0.48594754746731195,1.003246549609934,0.00041461859381802975,0.0008532167637823497,0.00041476287710914914,0.0008535136750269303,0.0,1.0,1.0,0.05,2.0,2.0,0.0,0.5,1.0,0.0,1.0
drift_diffusion,128,128,16,10000,100,7,13.600178241729736,0.004495859146118164,0.10493898391723633,false,0.10770424172640865,0.30439124832831116,0.002185199275628652,0.020288887796819685,0.0009525133211054325,0.008843786519801283,0.0,1.0,1.0,0.05,2.0,2.0,0.0,0.5,1.0,0.0,1.0
poisson_2d,64,32,64,0,100,1,0.0019729137420654297,0.0045070648193359375,0.008968114852905273,false,0.47414746781086364,0.9633472361871512,0.00010034835407670289,0.00021163954442277356,0.00010200512199543541,0.00021513374829647936,0.0,1.0,1.0,0.05,2.0,2.0,0.0,0.5,1.0,0.0,1.0
drift_diffusion,64,64,16,0,100,8,0.0020673274993896484,0.0015568733215332031,0.03734707832336426,false,0.8499726839357225,2.392821838452987,0.005053444265193955,0.0059454196125391144,0.003851464283566381,0.004531280070945951,0.0,1.0,1.0,0.05,2.0,2.0,0.0,0.5,1.0,0.0,1.0
poisson_2d,8,32,8,0,1000,6,0.002626180648803711,0.00004506111145019531,0.0006439685821533203,false,0.4389197244415656,1.0032450844378638,0.007415027946661781,0.016893813455514824,0.007418007097193637,0.01690060091656057,0.0,1.0,1.0,0.05,2.0,2.0,0.0,0.5,1.0,0.0,1.0
poisson_2d,256,32,256,0,1000,3,0.002557992935180664,0.14565205574035645,0.15483617782592773,false,0.4999278263033429,1.0037766551659275,6.312033121207237e-6,0.000012625888756544752,6.299580846651019e-6,0.000012600980612006582,0.0,1.0,1.0,0.05,2.0,2.0,0.0,0.5,1.0,0.0,1.0
wave,128,128,16,0,1,8,0.001992940902709961,0.0003960132598876953,0.09706592559814453,false,0.8682222571819727,1.7364975088709802,0.00012598362510015215,0.0001451052700596075,0.00006338688741085187,0.00007300767388363146,0.0,1.0,1.0,0.05,2.0,2.0,0.0,0.5,1.0,0.0,1.0
heat,8,8,16,10000,10000,3,94.08532404899597,0.00012803077697753906,0.0031239986419677734,false,0.0000648260242781275,0.00018300818312796642,0.0004019036822556308,6.19972745098012,0.012171854008336707,187.76184632418915,0.0,1.0,1.0,0.05,2.0,2.0,0.0,0.5,1.0,0.0,1.0
drift_diffusion,256,256,16,10000,10000,1,114.46297287940979,0.012999296188354492,0.23811793327331543,false,0.007311993901484428,0.02070591163485972,0.00004076170357190443,0.0055746358819622,0.00023700549940490983,0.03241325178851578,0.0,1.0,1.0,0.05,2.0,2.0,0.0,0.5,1.0,0.0,1.0
poisson_1d,16,32,16,0,0,0,0.001726388931274414,0.000023126602172851562,0.0003261566162109375,false,0.6872543528252469,1.0037992314293387,0.0025379212851637844,0.003692841339935637,0.0025081860605056672,0.0036495746446635327,0.0,1.0,1.0,0.05,2.0,2.0,0.0,0.5,1.0,0.0,1.0
wave,16,16,16,10000,1,3,9.63900113105774,0.000053882598876953125,0.008081197738647461,false,0.8485608392304198,1.700446111967005,0.009199073108007202,0.010840793827287695,0.004322163832073661,0.005093522623544041,0.0,1.0,1.0,0.05,2.0,2.0,0.0,0.5,1.0,0.0,1.0
drift_diffusion,64,64,16,10000,1000,0,25.139152765274048,0.0016489028930664062,0.04037976264953613,false,0.010104364589478033,0.028445554439985393,0.0007060697803148233,0.06987770226047338,0.003851464283566381,0.38116838020443006,0.0,1.0,1.0,0.05,2.0,2.0,0.0,0.5,1.0,0.0,1.0
heat,64,64,16,10000,1000,6,19.479942798614502,0.0016510486602783203,0.026319026947021484,false,0.00039643003962141685,0.0011243575156418936,7.404655525352898e-6,0.018678341158057384,0.00016125998597565447,0.40678044007364833,0.0,1.0,1.0,0.05,2.0,2.0,0.0,0.5,1.0,0.0,1.0
drift_diffusion,8,8,16,0,10000,8,0.006031036376953125,0.00018596649169921875,0.00527191162109375,true,0.7657637457022017,2.0590139846190527,0.3607784608931201,0.47113546824064895,0.26151842143576154,0.34151319242196604,0.0,1.0,1.0,0.05,2.0,2.0,0.0,0.5,1.0,0.0,1.0
wave,16,16,16,0,100,6,0.0020918846130371094,0.00005459785461425781,0.00811314582824707,false,0.8530569635110962,1.7094559751359564,0.009202939736793134,0.010788188984373052,0.004322163832073661,0.005066676689777048,0.0,1.0,1.0,0.05,2.0,2.0,0.0,0.5,1.0,0.0,1.0
poisson_1d,32,32,16,0,10000,9,0.004002809524536133,0.000028133392333984375,0.0005180835723876953,false,0.7075670772925226,1.016662388970607,0.0006033867629486462,0.000852762631717521,0.000595948894502332,0.0008422507400750001,0.0,1.0,1.0,0.05,2.0,2.0,0.0,0.5,1.0,0.0,1.0
drift_diffusion,128,128,16,10000,10,0,11.206326007843018,0.004269838333129883,0.10653805732727051,false,2.2274445570970456,6.295152525553925,0.0025593130106814624,0.0011489906684891541,0.0009525133211054325,0.00042762605159825455,0.0,1.0,1.0,0.05,2.0,2.0,0.0,0.5,1.0,0.0,1.0
drift_diffusion,32,32,16,10000,1000,4,25.050506830215454,0.0006189346313476562,0.018645048141479492,false,0.008628296075136542,0.02410672171808379,0.0023065956908113823,0.2673292236062789,0.015825675346876712,1.8341599788723162,0.0,1.0,1.0,0.05,2.0,2.0,0.0,0.5,1.0,0.0,1.0
poisson_1d,8,32,16,0,100,6,0.00125885009765625,0.00002002716064453125,0.0003199577331542969,false,0.6160207248248304,0.9313357944847166,0.010803985412270165,0.01753834729398487,0.011214972573078455,0.018205511797135566,0.0,1.0,1.0,0.05,2.0,2.0,0.0,0.5,1.0,0.0,1.0
poisson_2d,128,32,128,0,1,1,0.002252817153930664,0.024394989013671875,0.03776693344116211,false,0.4779105425003459,0.9633472352762875,0.0000248872348893386,0.000052075090788189885,0.000025298111418601268,0.00005293482601627887,0.0,1.0,1.0,0.05,2.0,2.0,0.0,0.5,1.0,0.0,1.0
poisson_2d,256,32,256,0,1000,5,0.0028820037841796875,0.14310789108276367,0.16744184494018555,false,0.5067125946769261,1.0173994057826905,6.343511051820516e-6,0.000012518952791897864,6.299580846651019e-6,0.000012432256298400389,0.0,1.0,1.0,0.05,2.0,2.0,0.0,0.5,1.0,0.0,1.0
drift_diffusion,32,32,16,0,1000,3,0.002393960952758789,0.0006771087646484375,0.021485090255737305,false,0.8337110087621126,2.32931729585011,0.020679091594791966,0.024803668630328048,0.015825675346876712,0.018982207480232924,0.0,1.0,1.0,0.05,2.0,2.0,0.0,0.5,1.0,0.0,1.0
poisson_2d,256,32,256,0,100,8,0.0019290447235107422,0.1326611042022705,0.1674511432647705,false,0.49993856051578905,1.0037982077807213,6.301775464490402e-6,0.000012605099830644845,6.299580846651019e-6,0.000012600710055555046,0.0,1.0,1.0,0.05,2.0,2.0,0.0,0.5,1.0,0.0,1.0
heat,8,8,16,0,10000,8,0.007058858871459961,0.00012612342834472656,0.0038309097290039062,false,0.4111631074201681,1.1607408304939373,0.01621917839372627,0.039447066385632376,0.012171854008336707,0.02960346827979941,0.0,1.0,1.0,0.05,2.0,2.0,0.0,0.5,1.0,0.0,1.0
drift_diffusion,128,128,16,10000,10,6,11.220563888549805,0.0041561126708984375,0.09756684303283691,false,0.7369835075970083,2.082845821844968,0.001408389851710469,0.0019110194966270452,0.0009525133211054325,0.0012924486250868433,0.0,1.0,1.0,0.05,2.0,2.0,0.0,0.5,1.0,0.0,1.0
poisson_1d,128,32,16,10000,10,4,6.544991970062256,0.000041961669921875,0.0007648468017578125,false,0.0003026083838095464,0.00042963443068366503,1.3848066516849476e-6,0.004576233593567752,0.00003591751011898671,0.11869304368506975,0.0,1.0,1.0,0.05,2.0,2.0,0.0,0.5,1.0,0.0,1.0
drift_diffusion,128,128,16,0,100,6,0.0019009113311767578,0.0043888092041015625,0.10218119621276855,false,0.8577909627421516,2.424269070266391,0.0012512126319415091,0.0014586451551572457,0.0009525133211054325,0.00111042592248871,0.0,1.0,1.0,0.05,2.0,2.0,0.0,0.5,1.0,0.0,1.0
poisson_2d,16,32,16,0,1,1,0.002252817153930664,0.0001690387725830078,0.0012621879577636719,false,0.4515691583905739,0.9633475378998906,0.0016893226973963493,0.0037410054827863373,0.00171723760469867,0.0038028230511114453,0.0,1.0,1.0,0.05,2.0,2.0,0.0,0.5,1.0,0.0,1.0
heat,64,64,16,10000,10,5,7.720088005065918,0.001619100570678711,0.026232004165649414,false,0.0868035829956387,0.2461928995567433,0.00012590895797056354,0.001450504156918148,0.00016125998597565447,0.001857757253911472,0.0,1.0,1.0,0.05,2.0,2.0,0.0,0.5,1.0,0.0,1.0
poisson_1d,128,32,16,0,0,0,0.001726388931274414,0.00004100799560546875,0.0006892681121826172,false,0.7070151316135906,1.0037991668688158,0.00003634235119615262,0.000051402508335585424,0.00003591751011898671,0.000050801614439303016,0.0,1.0,1.0,0.05,2.0,2.0,0.0,0.5,1.0,0.0,1.0
poisson_1d,256,32,16,10000,10000,3,83.93416595458984,0.000048160552978515625,0.0005781650543212891,false,0.0009515856259455307,0.0013483814323253615,8.282682283220178e-9,8.704085115818483e-6,8.926404123405047e-6,0.009380557965589807,0.0,1.0,1.0,0.05,2.0,2.0,0.0,0.5,1.0,0.0,1.0
poisson_2d,8,32,8,10000,1000,4,28.352532863616943,0.000048160552978515625,0.0007648468017578125,false,8.503612863658299e-6,0.00001943682940264753,0.0000264819557964655,3.114200542845668,0.007418007097193637,872.3359372118849,0.0,1.0,1.0,0.05,2.0,2.0,0.0,0.5,1.0,0.0,1.0
heat,8,8,16,0,10000,3,0.007035732269287109,0.00012803077697753906,0.003634929656982422,false,0.40575897358237184,1.1454846008230835,0.01620930705426827,0.03994811725581632,0.012171854008336707,0.029997744475922808,0.0,1.0,1.0,0.05,2.0,2.0,0.0,0.5,1.0,0.0,1.0
poisson_2d,256,32,256,10000,1000,0,28.324959993362427,0.13649201393127441,0.16180896759033203,false,0.000014740855035564698,0.00002959732462042793,3.273561674986899e-8,0.0022207407013139294,6.299580846651019e-6,0.4273551860736386,0.0,1.0,1.0,0.05,2.0,2.0,0.0,0.5,1.0,0.0,1.0
poisson_2d,32,32,32,10000,1,4,9.703067064285278,0.0008251667022705078,0.002579212188720703,false,0.08592381771172068,0.1773911075338749,0.000244132310588168,0.002841264705058213,0.00041476287710914914,0.004827100193577313,0.0,1.0,1.0,0.05,2.0,2.0,0.0,0.5,1.0,0.0,1.0
wave,64,64,16,10000,10000,8,143.98807382583618,0.00019884109497070312,0.03760695457458496,false,0.00031752681716274117,0.0006351311697185219,0.000013914529446052139,0.043821588268924634,0.0002556346352812184,0.8050804576613702,0.0,1.0,1.0,0.05,2.0,2.0,0.0,0.5,1.0,0.0,1.0
heat,32,32,16,10000,10,7,7.647174119949341,0.0006120204925537109,0.011074066162109375,false,0.11253858020098241,0.3190254135356717,0.0008669808260616544,0.007703854309458271,0.0006581365706071615,0.005848097331882064,0.0,1.0,1.0,0.05,2.0,2.0,0.0,0.5,1.0,0.0,1.0
poisson_2d,16,32,16,10000,10000,8,142.34719109535217,0.00016498565673828125,0.0011620521545410156,false,8.23998690153524e-6,0.000017578638723275174,2.93555657508814e-6,0.35625743221819606,0.00171723760469867,208.40295320832135,0.0,1.0,1.0,0.05,2.0,2.0,0.0,0.5,1.0,0.0,1.0
wave,128,128,16,10000,1,5,9.546691656112671,0.00045418739318847656,0.09633302688598633,false,0.8637178107549272,1.7274883410747117,0.0001259458462617945,0.00014581828080135608,0.00006338688741085187,0.0000733884222619526,0.0,1.0,1.0,0.05,2.0,2.0,0.0,0.5,1.0,0.0,1.0
wave,32,32,16,0,100,6,0.0020918846130371094,0.00011706352233886719,0.016944169998168945,false,0.8626430793175465,1.726129201030204,0.0021310576426651546,0.0024703816604557645,0.0010402908397117996,0.0012059342556075376,0.0,1.0,1.0,0.05,2.0,2.0,0.0,0.5,1.0,0.0,1.0
poisson_2d,128,32,128,10000,1,2,9.319634914398193,0.02556610107421875,0.040060997009277344,false,0.1558931354751399,0.3142412809577622,0.00002336359806036477,0.0001498693190637026,0.000025298111418601268,0.00016227854639972594,0.0,1.0,1.0,0.05,2.0,2.0,0.0,0.5,1.0,0.0,1.0
poisson_1d,8,32,16,10000,100,7,7.946553707122803,0.000018835067749023438,0.00031185150146484375,false,0.00013652119413560623,0.0002064006447842192,8.36227538760383e-6,0.061252580161959856,0.011214972573078455,82.14821620978813,0.0,1.0,1.0,0.05,2.0,2.0,0.0,0.5,1.0,0.0,1.0
wave,16,16,16,0,10000,6,0.0074689388275146484,0.00005316734313964844,0.012235879898071289,false,0.8530569635110962,1.7094559751359564,0.009202939736793134,0.010788188984373052,0.004322163832073661,0.005066676689777048,0.0,1.0,1.0,0.05,2.0,2.0,0.0,0.5,1.0,0.0,1.0
heat,128,128,16,10000,1,0,6.8913280963897705,0.004297971725463867,0.06898903846740723,false,0.43446764516137293,1.232516120036082,0.00005070282226102662,0.00011670103130969447,0.00003992627534176886,0.0000918970049586527,0.0,1.0,1.0,0.05,2.0,2.0,0.0,0.5,1.0,0.0,1.0
poisson_2d,8,32,8,10000,10,3,10.674707174301147,0.00004601478576660156,0.0007050037384033203,false,0.08233317590196557,0.18819011634734978,0.007217206132653728,0.08765854169462957,0.007418007097193637,0.09009742446989143,0.0,1.0,1.0,0.05,2.0,2.0,0.0,0.5,1.0,0.0,1.0
drift_diffusion,128,128,16,10000,1000,1,24.87624716758728,0.0046460628509521484,0.10985684394836426,false,0.00724190586261843,0.020466907620946887,0.0001670712343791451,0.02307006436545082,0.0009525133211054325,0.13152798989312223,0.0,1.0,1.0,0.05,2.0,2.0,0.0,0.5,1.0,0.0,1.0
poisson_1d,128,32,16,10000,1000,5,17.146459102630615,0.00004076957702636719,0.00048089027404785156,false,7.119358660925476e-6,0.000010107854801024331,9.272618450811552e-8,0.013024513712975262,0.00003591751011898671,5.0450485541085435,0.0,1.0,1.0,0.05,2.0,2.0,0.0,0.5,1.0,0.0,1.0
wave,32,32,16,0,100,8,0.0020859241485595703,0.00010013580322265625,0.015563011169433594,false,0.8612980247318646,1.7234377773661298,0.0021308651246023224,0.0024740160355826817,0.0010402908397117996,0.0012078175147744686,0.0,1.0,1.0,0.05,2.0,2.0,0.0,0.5,1.0,0.0,1.0
wave,256,256,16,0,1000,7,0.0028791427612304688,0.0008618831634521484,0.19922614097595215,false,0.8753425443230333,1.7506984454661643,0.0000312142789808559,0.00003565950173825516,0.000015783443300198566,0.000018031162089128273,0.0,1.0,1.0,0.05,2.0,2.0,0.0,0.5,1.0,0.0,1.0
drift_diffusion,8,8,16,10000,0,0,0.0037369728088378906,0.00021004676818847656,0.005217790603637695,true,0.7639833189000266,2.054226706943864,0.3606642826722959,0.47208397585378653,0.26151842143576154,0.34230907268013705,0.0,1.0,1.0,0.05,2.0,2.0,0.0,0.5,1.0,0.0,1.0
poisson_2d,8,32,8,0,10,0,0.001832723617553711,0.000048160552978515625,0.000885009765625,false,0.4339514756439407,0.9918890871861497,0.00738254208657274,0.0170123677436925,0.007418007097193637,0.017094093495559733,0.0,1.0,1.0,0.05,2.0,2.0,0.0,0.5,1.0,0.0,1.0
drift_diffusion,16,16,16,10000,10000,8,114.13912391662598,0.00032806396484375,0.011148929595947266,true,0.014749714600705295,0.04062445385622941,0.009520834636830936,0.6454928040692807,0.06769679643284385,4.5897021241079665,0.0,1.0,1.0,0.05,2.0,2.0,0.0,0.5,1.0,0.0,1.0
heat,256,256,16,10000,1000,9,19.660496950149536,0.012431859970092773,0.15761709213256836,false,0.0006074086809376289,0.0017233058903490953,4.4274294155676157e-7,0.0007289045340498702,9.934186103617024e-6,0.016355028196634334,0.0,1.0,1.0,0.05,2.0,2.0,0.0,0.5,1.0,0.0,1.0
drift_diffusion,256,256,16,0,10000,5,0.005910158157348633,0.01375579833984375,0.23414993286132812,false,0.8560901915172072,2.4242536435139526,0.0003111963378156724,0.0003635088229011877,0.00023700549940490983,0.00027684641379300987,0.0,1.0,1.0,0.05,2.0,2.0,0.0,0.5,1.0,0.0,1.0
drift_diffusion,16,16,16,10000,0,0,0.0037369728088378906,0.00029397010803222656,0.008935928344726562,true,0.8130949398971672,2.239469627772093,0.08755592824651669,0.10768229385069097,0.06769679643284385,0.08325816963195652,0.0,1.0,1.0,0.05,2.0,2.0,0.0,0.5,1.0,0.0,1.0
heat,32,32,16,10000,10000,2,94.07847285270691,0.0006191730499267578,0.012660026550292969,false,0.00008753266652346508,0.00024813841693805837,0.00002500411968434301,0.2856547238579957,0.0006581365706071615,7.518753817810193,0.0,1.0,1.0,0.05,2.0,2.0,0.0,0.5,1.0,0.0,1.0
poisson_2d,256,32,256,0,1000,8,0.0029382705688476562,0.14669585227966309,0.16382312774658203,false,0.49993856051578905,1.0037982077807213,6.301775464490402e-6,0.000012605099830644845,6.299580846651019e-6,0.000012600710055555046,0.0,1.0,1.0,0.05,2.0,2.0,0.0,0.5,1.0,0.0,1.0
drift_diffusion,8,8,16,0,10000,7,0.006392955780029297,0.00014901161193847656,0.004727840423583984,true,0.7724378789016125,2.076959641709668,0.3609794948748928,0.467324952251431,0.26151842143576154,0.33856239909885594,0.0,1.0,1.0,0.05,2.0,2.0,0.0,0.5,1.0,0.0,1.0
poisson_1d,128,32,16,0,10,4,0.0012879371643066406,0.0000629425048828125,0.0008490085601806641,false,0.7058961756610149,1.0022105063115871,0.000035503246612645156,0.00005029528114300835,0.00003591751011898671,0.00005088214295162153,0.0,1.0,1.0,0.05,2.0,2.0,0.0,0.5,1.0,0.0,1.0
drift_diffusion,8,8,16,10000,100,6,12.726716995239258,0.00013303756713867188,0.004303932189941406,true,0.1261753733612635,0.3392650275276996,0.43133840584037697,3.4185625479020754,0.26151842143576154,2.0726581936633988,0.0,1.0,1.0,0.05,2.0,2.0,0.0,0.5,1.0,0.0,1.0
poisson_1d,32,32,16,0,1,2,0.001306295394897461,0.000027894973754882812,0.000492095947265625,false,0.6410717724441097,0.9211191144853138,0.0005704339758012831,0.0008898129668484426,0.000595948894502332,0.00092961337578514,0.0,1.0,1.0,0.05,2.0,2.0,0.0,0.5,1.0,0.0,1.0
poisson_1d,256,32,16,10000,1000,9,17.35962224006653,0.000049114227294921875,0.0005040168762207031,false,4.476249717931929e-6,6.342773410552269e-6,1.4651481017163762e-8,0.0032731598860855273,8.926404123405047e-6,1.9941702732638689,0.0,1.0,1.0,0.05,2.0,2.0,0.0,0.5,1.0,0.0,1.0
poisson_1d,8,32,16,10000,10,7,6.535207033157349,0.00002002716064453125,0.00032210350036621094,false,0.0004164479032434707,0.0006296100491408641,0.0004931135609950639,1.1840942340071123,0.011214972573078455,26.9300733314512,0.0,1.0,1.0,0.05,2.0,2.0,0.0,0.5,1.0,0.0,1.0
heat,8,8,16,10000,10000,6,93.10778307914734,0.00012683868408203125,0.003187894821166992,false,0.00015475691729123633,0.0004368890823605542,0.0005335758200911597,3.4478317960203424,0.012171854008336707,78.65143750196759,0.0,1.0,1.0,0.05,2.0,2.0,0.0,0.5,1.0,0.0,1.0
drift_diffusion,64,64,16,0,100,7,0.0023040771484375,0.0018079280853271484,0.04152035713195801,false,0.8554423113014339,2.408219796594739,0.0050561546878410794,0.005910573537272032,0.003851464283566381,0.004502307441055757,0.0,1.0,1.0,0.05,2.0,2.0,0.0,0.5,1.0,0.0,1.0
poisson_1d,64,32,16,0,10000,6,0.003688812255859375,0.000031948089599609375,0.0005450248718261719,false,0.6533865131667155,0.9313327517747465,0.0001400807115544571,0.00021439180137884883,0.00014539741646764722,0.00022252895267605284,0.0,1.0,1.0,0.05,2.0,2.0,0.0,0.5,1.0,0.0,1.0
drift_diffusion,64,64,16,0,1,9,0.0021390914916992188,0.0015637874603271484,0.036669015884399414,false,0.8475998352933019,2.3861418543096886,0.0050517583024680315,0.005960074662732715,0.003851464283566381,0.00454396535156667,0.0,1.0,1.0,0.05,2.0,2.0,0.0,0.5,1.0,0.0,1.0
poisson_1d,64,32,16,0,1000,1,0.0017862319946289062,0.000027894973754882812,0.00036406517028808594,false,0.7320563322226301,1.0434681839982636,0.000149736470407716,0.00020454227880673358,0.00014539741646764722,0.00019861506562780405,0.0,1.0,1.0,0.05,2.0,2.0,0.0,0.5,1.0,0.0,1.0
drift_diffusion,8,8,16,10000,10000,9,113.34191489219666,0.00013899803161621094,0.004532814025878906,true,0.005482912744192845,0.014742659312483869,0.0389004934647908,7.094859115894383,0.26151842143576154,47.69698764816941,0.0,1.0,1.0,0.05,2.0,2.0,0.0,0.5,1.0,0.0,1.0
drift_diffusion,128,128,16,0,10000,4,0.005850076675415039,0.00468897819519043,0.1114969253540039,false,0.8540401639822002,2.4136686491644066,0.0012506024431218966,0.0014643368027220337,0.0009525133211054325,0.0011153027237783217,0.0,1.0,1.0,0.05,2.0,2.0,0.0,0.5,1.0,0.0,1.0
poisson_2d,16,32,16,0,10,7,0.0019440650939941406,0.0001671314239501953,0.0010170936584472656,false,0.49139771648705266,1.048315128505712,0.0017423642113248044,0.003545731192608649,0.00171723760469867,0.003494598259379407,0.0,1.0,1.0,0.05,2.0,2.0,0.0,0.5,1.0,0.0,1.0
wave,16,16,16,10000,1000,6,27.90100598335266,0.00005602836608886719,0.00765228271484375,false,0.0002739832808289485,0.0005490399545801334,0.00023259442924282613,0.8489365794110374,0.004322163832073661,15.775283144997701,0.0,1.0,1.0,0.05,2.0,2.0,0.0,0.5,1.0,0.0,1.0
heat,16,16,16,10000,1,8,6.9454638957977295,0.00029397010803222656,0.006276845932006836,false,0.4251747236363146,1.2038894543001135,0.003587922643758648,0.008438701654399567,0.002749210983530936,0.006466073429808475,0.0,1.0,1.0,0.05,2.0,2.0,0.0,0.5,1.0,0.0,1.0
drift_diffusion,16,16,16,0,100,6,0.0019009113311767578,0.00032591819763183594,0.010816097259521484,true,0.816603957921119,2.2491343531348393,0.0876083828593561,0.10728380876623028,0.06769679643284385,0.08290040205681089,0.0,1.0,1.0,0.05,2.0,2.0,0.0,0.5,1.0,0.0,1.0
drift_diffusion,64,64,16,10000,0,0,0.0037369728088378906,0.0017118453979492188,0.040731191635131836,false,0.8483757420454889,2.388326167589781,0.00505180265079598,0.005954675977198211,0.003851464283566381,0.00453980953566665,0.0,1.0,1.0,0.05,2.0,2.0,0.0,0.5,1.0,0.0,1.0
heat,32,32,16,10000,1000,7,19.53375792503357,0.0006341934204101562,0.011440277099609375,false,0.00007048558990661554,0.00019981320564116636,0.00002788123172165893,0.39555931586241194,0.0006581365706071615,9.337179010322183,0.0,1.0,1.0,0.05,2.0,2.0,0.0,0.5,1.0,0.0,1.0
poisson_1d,64,32,16,0,100,8,0.0012359619140625,0.00003409385681152344,0.0003781318664550781,false,0.6956658312224681,0.9915974080456309,0.0001448424718638863,0.00020820696570558872,0.00014539741646764722,0.00020900468291240587,0.0,1.0,1.0,0.05,2.0,2.0,0.0,0.5,1.0,0.0,1.0
poisson_2d,8,32,8,0,1,7,0.001962900161743164,0.00004696846008300781,0.0008301734924316406,false,0.45863282348591244,1.048303596539228,0.007526122098231549,0.016409907256589373,0.007418007097193637,0.016174174017489374,0.0,1.0,1.0,0.05,2.0,2.0,0.0,0.5,1.0,0.0,1.0
heat,64,64,16,0,10000,3,0.007035732269287109,0.0016326904296875,0.026876211166381836,false,0.4302900561975142,1.2203915199102153,0.0002056740600897474,0.0004779893402773353,0.00016125998597565447,0.0003747704220746202,0.0,1.0,1.0,0.05,2.0,2.0,0.0,0.5,1.0,0.0,1.0
poisson_1d,8,32,16,10000,100,0,7.921542167663574,0.00002288818359375,0.00040984153747558594,false,4.26621164720089e-6,6.449905747920446e-6,7.533044381151281e-6,1.7657455850595742,0.011214972573078455,2628.789544506974,0.0,1.0,1.0,0.05,2.0,2.0,0.0,0.5,1.0,0.0,1.0
poisson_2d,32,32,32,0,10,3,0.0017771720886230469,0.0007193088531494141,0.002147197723388672,false,0.48620431657194224,1.0037766535678805,0.0004155829189242737,0.0008547495461463699,0.00041476287710914914,0.0008530629263711561,0.0,1.0,1.0,0.05,2.0,2.0,0.0,0.5,1.0,0.0,1.0
poisson_2d,8,32,8,10000,10,4,10.305903196334839,0.00005030632019042969,0.0019791126251220703,false,0.07819882245472586,0.17874016561080186,0.008758974271465601,0.11200903027071415,0.007418007097193637,0.09486085422179306,0.0,1.0,1.0,0.05,2.0,2.0,0.0,0.5,1.0,0.0,1.0
drift_diffusion,32,32,16,0,100,7,0.0023040771484375,0.000701904296875,0.019668102264404297,false,0.8438141813007277,2.3575446963399944,0.020703173729422014,0.02453522847590492,0.015825675346876712,0.018754929340582607,0.0,1.0,1.0,0.05,2.0,2.0,0.0,0.5,1.0,0.0,1.0
heat,128,128,16,10000,10000,0,95.41633677482605,0.004017829895019531,0.06652212142944336,false,0.00006520029030182219,0.00018496293043450922,1.381834787111797e-6,0.021193690713844242,0.00003992627534176886,0.6123634596852674,0.0,1.0,1.0,0.05,2.0,2.0,0.0,0.5,1.0,0.0,1.0
poisson_2d,32,32,32,0,10000,5,0.008468866348266602,0.0008168220520019531,0.0024650096893310547,false,0.49280283265308183,1.0173993964450718,0.00041765481108082587,0.0008475089496387737,0.00041476287710914914,0.0008416406108629848,0.0,1.0,1.0,0.05,2.0,2.0,0.0,0.5,1.0,0.0,1.0
poisson_2d,16,32,16,0,10000,2,0.00649714469909668,0.0001709461212158203,0.0010480880737304688,false,0.47847644933626304,1.0207497585840275,0.001725929516403736,0.0036071357718816146,0.00171723760469867,0.003588969963058373,0.0,1.0,1.0,0.05,2.0,2.0,0.0,0.5,1.0,0.0,1.0
heat,8,8,16,10000,1000,3,19.418092012405396,0.00012803077697753906,0.002692699432373047,false,0.00007059399993518755,0.00019929156248185126,0.00033270155551223124,4.712887154959539,0.012171854008336707,172.42051760056748,0.0,1.0,1.0,0.05,2.0,2.0,0.0,0.5,1.0,0.0,1.0
heat,8,8,16,0,10,1,0.0014309883117675781,0.000125885009765625,0.002990245819091797,false,0.41280660707779604,1.165380539463648,0.016214461605863723,0.0392785903322715,0.012171854008336707,0.029485608514116735,0.0,1.0,1.0,0.05,2.0,2.0,0.0,0.5,1.0,0.0,1.0
heat,16,16,16,0,10,0,0.0015568733215332031,0.00026607513427734375,0.00593876838684082,false,0.4223782890444346,1.1959713022378002,0.0035853054200926182,0.008488375262383432,0.002749210983530936,0.00650888328031869,0.0,1.0,1.0,0.05,2.0,2.0,0.0,0.5,1.0,0.0,1.0
drift_diffusion,8,8,16,10000,1,3,10.762067794799805,0.0001347064971923828,0.004311084747314453,true,0.6513550914775024,1.751387748286741,0.35657748986583865,0.5474394758425783,0.26151842143576154,0.4014990054695754,0.0,1.0,1.0,0.05,2.0,2.0,0.0,0.5,1.0,0.0,1.0
wave,64,64,16,0,10,6,0.002002239227294922,0.0001919269561767578,0.0385890007019043,false,0.86728947287386,1.7347907251204333,0.000513320051575335,0.0005918670382039712,0.0002556346352812184,0.0002947512258325292,0.0,1.0,1.0,0.05,2.0,2.0,0.0,0.5,1.0,0.0,1.0
heat,32,32,16,0,100,4,0.0016529560089111328,0.0006208419799804688,0.012610197067260742,false,0.4309236628285877,1.2215864061078359,0.0008464319363056714,0.001964227099411721,0.0006581365706071615,0.001527269508216712,0.0,1.0,1.0,0.05,2.0,2.0,0.0,0.5,1.0,0.0,1.0
heat,128,128,16,10000,0,1,0.0028641223907470703,0.00392603874206543,0.06934094429016113,false,0.4385151164083874,1.243998156990698,0.0000507207408928272,0.00011566474904730801,0.00003992627534176886,0.00009104880048099793,0.0,1.0,1.0,0.05,2.0,2.0,0.0,0.5,1.0,0.0,1.0
poisson_2d,8,32,8,0,1,0,0.0017731189727783203,0.00004601478576660156,0.0007839202880859375,false,0.4339514756439407,0.9918890871861497,0.00738254208657274,0.0170123677436925,0.007418007097193637,0.017094093495559733,0.0,1.0,1.0,0.05,2.0,2.0,0.0,0.5,1.0,0.0,1.0
wave,32,32,16,10000,10000,2,144.22616171836853,0.00010585784912109375,0.016250133514404297,false,0.00018021907423260868,0.0003606142726626154,0.000033587572955898555,0.1863707995332861,0.0010402908397117996,5.772368125521051,0.0,1.0,1.0,0.05,2.0,2.0,0.0,0.5,1.0,0.0,1.0
poisson_1d,8,32,16,0,1,6,0.0014350414276123047,0.0000209808349609375,0.00046181678771972656,false,0.6160207248248304,0.9313357944847166,0.010803985412270165,0.01753834729398487,0.011214972573078455,0.018205511797135566,0.0,1.0,1.0,0.05,2.0,2.0,0.0,0.5,1.0,0.0,1.0
heat,256,256,16,0,1,5,0.002737283706665039,0.011651992797851562,0.16429996490478516,false,0.4366673459015698,1.2388881373141782,0.000012591764035041023,0.000028836055989126695,9.934186103617024e-6,0.000022750009124465903,0.0,1.0,1.0,0.05,2.0,2.0,0.0,0.5,1.0,0.0,1.0
poisson_2d,8,32,8,10000,1000,3,27.558892965316772,0.0000457763671875,0.0007860660552978516,false,0.0000420764495955257,0.00009617474193263012,0.00002399685307595161,0.5703155400841221,0.007418007097193637,176.29831339108085,0.0,1.0,1.0,0.05,2.0,2.0,0.0,0.5,1.0,0.0,1.0
drift_diffusion,256,256,16,0,10,0,0.0017619132995605469,0.011865854263305664,0.23942184448242188,false,0.8571739734425506,2.427322668608881,0.0003111979831126793,0.0003630511340222538,0.00023700549940490983,0.00027649637850418746,0.0,1.0,1.0,0.05,2.0,2.0,0.0,0.5,1.0,0.0,1.0
wave,128,128,16,10000,10000,2,144.22616171836853,0.0003962516784667969,0.08943796157836914,false,0.0001830224686135301,0.00036605610854341413,2.1124601395571224e-6,0.011542080901644021,0.00006338688741085187,0.3463339113006112,0.0,1.0,1.0,0.05,2.0,2.0,0.0,0.5,1.0,0.0,1.0
heat,16,16,16,10000,100,0,8.862431049346924,0.0002570152282714844,0.005537986755371094,false,0.00023735498786174057,0.0006720746811296918,0.0002184314656108306,0.9202733322713026,0.002749210983530936,11.58269732730957,0.0,1.0,1.0,0.05,2.0,2.0,0.0,0.5,1.0,0.0,1.0
wave,128,128,16,0,10000,6,0.0074689388275146484,0.0003981590270996094,0.09542512893676758,false,0.8695767543244002,1.7392065858315644,0.0001259981864232085,0.00014489599198301957,0.00006338688741085187,0.0000728939534039166,0.0,1.0,1.0,0.05,2.0,2.0,0.0,0.5,1.0,0.0,1.0
poisson_1d,256,32,16,10000,100,6,7.740281105041504,0.00005507469177246094,0.0007879734039306641,false,4.026142677272209e-6,5.704979018080832e-6,1.399296773932249e-8,0.003475527039308862,8.926404123405047e-6,2.2171107282345868,0.0,1.0,1.0,0.05,2.0,2.0,0.0,0.5,1.0,0.0,1.0
drift_diffusion,32,32,16,10000,1,6,10.608177900314331,0.0006871223449707031,0.018651962280273438,false,0.737559305897645,2.0606776567499967,0.020150792666499336,0.027320911695331202,0.015825675346876712,0.021456817398047886,0.0,1.0,1.0,0.05,2.0,2.0,0.0,0.5,1.0,0.0,1.0
poisson_1d,32,32,16,10000,10000,1,84.49351096153259,0.000026226043701171875,0.0004611015319824219,false,5.611115195443273e-6,8.06228831507692e-6,1.1778941676253825e-6,0.20992158003830427,0.000595948894502332,106.20863656046038,0.0,1.0,1.0,0.05,2.0,2.0,0.0,0.5,1.0,0.0,1.0
poisson_1d,256,32,16,0,1000,7,0.001667022705078125,0.00005793571472167969,0.0007009506225585938,false,0.6678631370233516,0.9463512570422151,8.776598035566628e-6,0.00001314131226748596,8.926404123405047e-6,0.000013365618835005317,0.0,1.0,1.0,0.05,2.0,2.0,0.0,0.5,1.0,0.0,1.0
poisson_1d,64,32,16,10000,10,8,6.506143093109131,0.00003314018249511719,0.0004868507385253906,false,0.00016433323477213198,0.00023423949020099193,3.7475531999196365e-6,0.02280459704401118,0.00014539741646764722,0.8847718276170365,0.0,1.0,1.0,0.05,2.0,2.0,0.0,0.5,1.0,0.0,1.0
drift_diffusion,8,8,16,0,10,0,0.0017619132995605469,0.000186920166015625,0.005306243896484375,true,0.7639833189000266,2.054226706943864,0.3606642826722959,0.47208397585378653,0.26151842143576154,0.34230907268013705,0.0,1.0,1.0,0.05,2.0,2.0,0.0,0.5,1.0,0.0,1.0
heat,8,8,16,0,10000,0,0.006740093231201172,0.00012993812561035156,0.0035660266876220703,false,0.4081987168600533,1.152372158551929,0.01620597772756802,0.03970119713316998,0.012171854008336707,0.02981845239976513,0.0,1.0,1.0,0.05,2.0,2.0,0.0,0.5,1.0,0.0,1.0
wave,64,64,16,10000,1000,8,28.285916090011597,0.00018310546875,0.03262829780578613,false,0.0030762660751225525,0.0061532833293151444,0.000010865383939946647,0.003532003953693582,0.0002556346352812184,0.08309900022904426,0.0,1.0,1.0,0.05,2.0,2.0,0.0,0.5,1.0,0.0,1.0
poisson_1d,256,32,16,0,10,1,0.001161813735961914,0.00005078315734863281,0.0006160736083984375,false,0.7364009186639185,1.0434681844706675,9.19278487035539e-6,0.000012483396798355743,8.926404123405047e-6,0.000012121663481355476,0.0,1.0,1.0,0.05,2.0,2.0,0.0,0.5,1.0,0.0,1.0
wave,256,256,16,10000,10,8,10.855016946792603,0.0008599758148193359,0.1993238925933838,false,0.4602849422458113,0.9205769079628421,0.00003287349807456682,0.00007141988593885177,0.000015783443300198566,0.00003429059230829573,0.0,1.0,1.0,0.05,2.0,2.0,0.0,0.5,1.0,0.0,1.0
poisson_2d,8,32,8,10000,10000,5,141.91124296188354,0.00004506111145019531,0.0006968975067138672,false,7.4472913814539095e-6,0.00001702238030046607,0.00002123794634454263,2.8517678786070597,0.007418007097193637,996.0677939320587,0.0,1.0,1.0,0.05,2.0,2.0,0.0,0.5,1.0,0.0,1.0
poisson_1d,256,32,16,10000,10,6,6.755296945571899,0.00005078315734863281,0.0006101131439208984,false,0.00010082063376824633,0.00014286120645559252,1.4243816587514161e-7,0.0014127878446233448,8.926404123405047e-6,0.08853747283433148,0.0,1.0,1.0,0.05,2.0,2.0,0.0,0.5,1.0,0.0,1.0
poisson_2d,32,32,32,10000,1000,1,28.089892148971558,0.0007889270782470703,0.0020699501037597656,false,0.000011082443420279012,0.000022879883190253437,1.6048302822574987e-6,0.14480834427780137,0.00041476287710914914,37.425219455346834,0.0,1.0,1.0,0.05,2.0,2.0,0.0,0.5,1.0,0.0,1.0
poisson_1d,32,32,16,0,1,9,0.0014951229095458984,0.000024080276489257812,0.00032520294189453125,false,0.7075670772925226,1.016662388970607,0.0006033867629486462,0.000852762631717521,0.000595948894502332,0.0008422507400750001,0.0,1.0,1.0,0.05,2.0,2.0,0.0,0.5,1.0,0.0,1.0
heat,32,32,16,0,1,0,0.002380847930908203,0.0005850791931152344,0.011924266815185547,false,0.4293616673703614,1.217158446859447,0.0008459963546519755,0.0019703583690488854,0.0006581365706071615,0.0015328256354088122,0.0,1.0,1.0,0.05,2.0,2.0,0.0,0.5,1.0,0.0,1.0
heat,32,32,16,0,100,5,0.0015869140625,0.0005750656127929688,0.01117086410522461,false,0.4306013292264639,1.2206726518154825,0.0008463228874457013,0.00196544420558581,0.0006581365706071615,0.001528412770553783,0.0,1.0,1.0,0.05,2.0,2.0,0.0,0.5,1.0,0.0,1.0
drift_diffusion,256,256,16,0,10,9,0.0018732547760009766,0.012944936752319336,0.2314162254333496,false,0.8563673615731328,2.4250385263739695,0.00031119553828974405,0.0003633902367765195,0.00023700549940490983,0.0002767568102660225,0.0,1.0,1.0,0.05,2.0,2.0,0.0,0.5,1.0,0.0,1.0
poisson_1d,256,32,16,0,100,1,0.0012731552124023438,0.000051021575927734375,0.0007381439208984375,false,0.7364009186639185,1.0434681844706675,9.19278487035539e-6,0.000012483396798355743,8.926404123405047e-6,0.000012121663481355476,0.0,1.0,1.0,0.05,2.0,2.0,0.0,0.5,1.0,0.0,1.0
drift_diffusion,16,16,16,10000,100,3,13.041270971298218,0.0003008842468261719,0.009501934051513672,true,0.08005859074629151,0.22050165807357083,0.07289317964004058,0.9104979110991541,0.06769679643284385,0.8455906580641332,0.0,1.0,1.0,0.05,2.0,2.0,0.0,0.5,1.0,0.0,1.0
poisson_1d,32,32,16,10000,10,3,6.66196608543396,0.000024080276489257812,0.0003819465637207031,false,0.00013191353996011817,0.0001895389694876645,0.000014531657246508425,0.1101604676130351,0.000595948894502332,4.517723462519885,0.0,1.0,1.0,0.05,2.0,2.0,0.0,0.5,1.0,0.0,1.0
heat,8,8,16,0,1000,5,0.002413034439086914,0.0001239776611328125,0.003145933151245117,false,0.40941282352252856,1.155799662504198,0.016211917063866533,0.0395979708803001,0.012171854008336707,0.029730026293782977,0.0,1.0,1.0,0.05,2.0,2.0,0.0,0.5,1.0,0.0,1.0
wave,16,16,16,0,10000,0,0.008371829986572266,0.00004982948303222656,0.007246971130371094,false,0.8489552395565414,1.7012364577738186,0.009200603291320593,0.010837559935582235,0.004322163832073661,0.005091156318596229,0.0,1.0,1.0,0.05,2.0,2.0,0.0,0.5,1.0,0.0,1.0
wave,32,32,16,0,100,7,0.002062082290649414,0.00009179115295410156,0.01499795913696289,false,0.8673636784800858,1.7355750126945881,0.002130982914588507,0.0024568505316278737,0.0010402908397117996,0.0011993709968749677,0.0,1.0,1.0,0.05,2.0,2.0,0.0,0.5,1.0,0.0,1.0
poisson_2d,8,32,8,10000,10000,0,145.35425901412964,0.00007295608520507812,0.0008151531219482422,false,0.000022868455011216722,0.00005227075431135248,0.000033437319182285764,1.4621590818329842,0.007418007097193637,324.377274001359,0.0,1.0,1.0,0.05,2.0,2.0,0.0,0.5,1.0,0.0,1.0
poisson_2d,32,32,32,10000,10,5,10.653813123703003,0.0006580352783203125,0.0019183158874511719,false,0.18035001656003838,0.37233551805943393,0.0004036022129208886,0.0022378828714247965,0.00041476287710914914,0.0022997662269195005,0.0,1.0,1.0,0.05,2.0,2.0,0.0,0.5,1.0,0.0,1.0
drift_diffusion,256,256,16,10000,100,2,12.696424961090088,0.011889219284057617,0.21900486946105957,false,0.10994264664017463,0.3113326894011648,0.000409691376865721,0.0037264099908980498,0.00023700549940490983,0.0021557194286998763,0.0,1.0,1.0,0.05,2.0,2.0,0.0,0.5,1.0,0.0,1.0
drift_diffusion,8,8,16,0,100,6,0.0019009113311767578,0.0001590251922607422,0.005048036575317383,true,0.7675037332079018,2.0636925276127713,0.36089106098609325,0.47021407893052536,0.26151842143576154,0.3407389568552382,0.0,1.0,1.0,0.05,2.0,2.0,0.0,0.5,1.0,0.0,1.0
wave,8,8,16,10000,10000,6,142.982764005661,0.00003314018249511719,0.0043680667877197266,false,0.0002299222034623194,0.00046347959714536455,0.0007645301591869825,3.325168894842922,0.018958173771005418,82.45473245085752,0.0,1.0,1.0,0.05,2.0,2.0,0.0,0.5,1.0,0.0,1.0
wave,128,128,16,10000,100,9,12.390563011169434,0.0004317760467529297,0.09047508239746094,false,0.26471144887714093,0.5294390551985579,0.00036086840433739893,0.0013632519706576298,0.00006338688741085187,0.0002394565391097657,0.0,1.0,1.0,0.05,2.0,2.0,0.0,0.5,1.0,0.0,1.0
heat,64,64,16,0,100,4,0.0016529560089111328,0.0015878677368164062,0.02680516242980957,false,0.4344006243187953,1.2320499405615213,0.00020573292984706802,0.00047360182819646674,0.00016125998597565447,0.00037122411190944777,0.0,1.0,1.0,0.05,2.0,2.0,0.0,0.5,1.0,0.0,1.0
heat,64,64,16,0,1000,6,0.0023431777954101562,0.0016589164733886719,0.025853872299194336,false,0.4379146534220049,1.242016453281272,0.0002057584628710025,0.0004698597346837794,0.00016125998597565447,0.0003682452384626032,0.0,1.0,1.0,0.05,2.0,2.0,0.0,0.5,1.0,0.0,1.0
poisson_1d,32,32,16,0,10000,8,0.003877878189086914,0.0000247955322265625,0.00041604042053222656,false,0.6901225901090229,0.9915974098562498,0.0005936748011121175,0.0008602454254081597,0.000595948894502332,0.0008635406274821206,0.0,1.0,1.0,0.05,2.0,2.0,0.0,0.5,1.0,0.0,1.0
heat,32,32,16,0,100,1,0.0015609264373779297,0.0006458759307861328,0.01236104965209961,false,0.4334418429208511,1.2287249664473825,0.0008464145007025325,0.0019527752443067484,0.0006581365706071615,0.0015183964846867373,0.0,1.0,1.0,0.05,2.0,2.0,0.0,0.5,1.0,0.0,1.0
poisson_1d,256,32,16,0,1,8,0.0013718605041503906,0.00006604194641113281,0.0007119178771972656,false,0.6997944479901258,0.991597407933391,8.89233212899064e-6,0.000012707062987610486,8.926404123405047e-6,0.000012755751562537403,0.0,1.0,1.0,0.05,2.0,2.0,0.0,0.5,1.0,0.0,1.0
drift_diffusion,32,32,16,0,1000,8,0.002511739730834961,0.0006618499755859375,0.018954038619995117,false,0.838245160544792,2.34198532836786,0.020692177524995133,0.024685114211153783,0.015825675346876712,0.01887953082436085,0.0,1.0,1.0,0.05,2.0,2.0,0.0,0.5,1.0,0.0,1.0
poisson_2d,256,32,256,10000,1000,3,27.558892965316772,0.14385104179382324,0.15661287307739258,false,0.00004829813068353306,0.00009697507023517222,1.862781427028569e-8,0.0003856839593296756,6.299580846651019e-6,0.1304311524583658,0.0,1.0,1.0,0.05,2.0,2.0,0.0,0.5,1.0,0.0,1.0
heat,32,32,16,0,10,4,0.0014121532440185547,0.0006749629974365234,0.013356924057006836,false,0.4309236628285877,1.2215864061078359,0.0008464319363056714,0.001964227099411721,0.0006581365706071615,0.001527269508216712,0.0,1.0,1.0,0.05,2.0,2.0,0.0,0.5,1.0,0.0,1.0
wave,32,32,16,10000,100,5,12.742211103439331,0.00011396408081054688,0.016390085220336914,false,0.13716580414475646,0.27446565745866064,0.005535009467425403,0.040352692144640406,0.0010402908397117996,0.007584185039399025,0.0,1.0,1.0,0.05,2.0,2.0,0.0,0.5,1.0,0.0,1.0
poisson_2d,64,32,64,10000,0,0,0.003144979476928711,0.004513978958129883,0.008523941040039062,false,0.4881948887679619,0.9918880279730017,0.00010152035914872651,0.00020795047528033198,0.00010200512199543541,0.00020894344521480278,0.0,1.0,1.0,0.05,2.0,2.0,0.0,0.5,1.0,0.0,1.0
wave,256,256,16,0,10,1,0.0024251937866210938,0.0010008811950683594,0.2179558277130127,false,0.8668906926287758,1.7337946131111512,0.00003122422599491042,0.00003601864255829703,0.000015783443300198566,0.00001820695900233575,0.0,1.0,1.0,0.05,2.0,2.0,0.0,0.5,1.0,0.0,1.0
drift_diffusion,64,64,16,10000,100,1,12.603092908859253,0.0016570091247558594,0.039433956146240234,false,0.10514184394034157,0.2959926890246874,0.010698297993405114,0.10175109730313855,0.003851464283566381,0.036631127429643834,0.0,1.0,1.0,0.05,2.0,2.0,0.0,0.5,1.0,0.0,1.0
wave,256,256,16,10000,10,7,10.843138933181763,0.0009000301361083984,0.18474483489990234,false,0.2720617350698187,0.5441276215197735,0.00005636026037546588,0.00020715982113766286,0.000015783443300198566,0.000058014197756064756,0.0,1.0,1.0,0.05,2.0,2.0,0.0,0.5,1.0,0.0,1.0
poisson_2d,16,32,16,0,10000,6,0.006663084030151367,0.00016999244689941406,0.00133514404296875,false,0.47027178978016726,1.0032464848643565,0.0017166244286267824,0.00365028153066386,0.00171723760469867,0.0036515854066037166,0.0,1.0,1.0,0.05,2.0,2.0,0.0,0.5,1.0,0.0,1.0
drift_diffusion,64,64,16,10000,100,8,12.444035053253174,0.0016329288482666016,0.037821054458618164,false,0.09930180344486347,0.27955195310559455,0.007172040860294331,0.07222467882243994,0.003851464283566381,0.03878544145177456,0.0,1.0,1.0,0.05,2.0,2.0,0.0,0.5,1.0,0.0,1.0
poisson_1d,32,32,16,10000,1000,1,17.400676250457764,0.000028848648071289062,0.00034880638122558594,false,5.562445964363797e-6,7.9923582994974e-6,1.2173230090625772e-6,0.2188467118313703,0.000595948894502332,107.13792067547386,0.0,1.0,1.0,0.05,2.0,2.0,0.0,0.5,1.0,0.0,1.0
poisson_1d,8,32,16,10000,1000,9,17.35962224006653,0.00002193450927734375,0.0003600120544433594,false,3.559923645607473e-6,5.382098658660461e-6,0.000012624943634111666,3.5464085442772686,0.011214972573078455,3150.340762673766,0.0,1.0,1.0,0.05,2.0,2.0,0.0,0.5,1.0,0.0,1.0
drift_diffusion,16,16,16,10000,10000,0,116.79411101341248,0.000331878662109375,0.009853124618530273,true,0.006698802885948975,0.018450201654694912,0.009854788009587605,1.4711267337419789,0.06769679643284385,10.105805109572602,0.0,1.0,1.0,0.05,2.0,2.0,0.0,0.5,1.0,0.0,1.0
drift_diffusion,16,16,16,0,10,0,0.0017619132995605469,0.00028586387634277344,0.008707761764526367,true,0.8130949398971672,2.239469627772093,0.08755592824651669,0.10768229385069097,0.06769679643284385,0.08325816963195652,0.0,1.0,1.0,0.05,2.0,2.0,0.0,0.5,1.0,0.0,1.0
heat,128,128,16,0,10000,3,0.007035732269287109,0.004603147506713867,0.0775139331817627,false,0.432011688516226,1.225548958754995,0.000050708442616609207,0.00011737747835196506,0.00003992627534176886,0.0000924194330919573,0.0,1.0,1.0,0.05,2.0,2.0,0.0,0.5,1.0,0.0,1.0
poisson_2d,16,32,16,0,10,2,0.0018000602722167969,0.0001678466796875,0.0010750293731689453,false,0.47847644933626304,1.0207497585840275,0.001725929516403736,0.0036071357718816146,0.00171723760469867,0.003588969963058373,0.0,1.0,1.0,0.05,2.0,2.0,0.0,0.5,1.0,0.0,1.0
wave,64,64,16,10000,1,4,9.316441059112549,0.00019097328186035156,0.03225088119506836,false,0.8622744854337812,1.7247595256538746,0.0005131062625269255,0.000595061400046876,0.0002556346352812184,0.00029646549863135196,0.0,1.0,1.0,0.05,2.0,2.0,0.0,0.5,1.0,0.0,1.0
wave,64,64,16,10000,10000,5,143.17898321151733,0.00020766258239746094,0.03734993934631348,false,0.00028573659139019563,0.0005715429554664188,0.000013478534841169317,0.04717118929566359,0.0002556346352812184,0.8946513781710227,0.0,1.0,1.0,0.05,2.0,2.0,0.0,0.5,1.0,0.0,1.0
wave,8,8,16,0,1,6,0.0020961761474609375,0.000028848648071289062,0.0036077499389648438,false,0.8326516815416355,1.678468021408699,0.043377055664979534,0.052095079643228376,0.018958173771005418,0.022768432696736757,0.0,1.0,1.0,0.05,2.0,2.0,0.0,0.5,1.0,0.0,1.0
poisson_1d,8,32,16,0,1000,3,0.0020089149475097656,0.00002002716064453125,0.0003609657287597656,false,0.6525044826341049,0.9864940516598314,0.010976494507705166,0.01682209823815155,0.011214972573078455,0.017187579352412365,0.0,1.0,1.0,0.05,2.0,2.0,0.0,0.5,1.0,0.0,1.0
poisson_1d,32,32,16,0,1000,5,0.0018768310546875,0.0000247955322265625,0.0003361701965332031,false,0.7049185268691891,1.0128568393808794,0.0005981611748903054,0.000848553630086822,0.000595948894502332,0.0008454152810384589,0.0,1.0,1.0,0.05,2.0,2.0,0.0,0.5,1.0,0.0,1.0
poisson_2d,64,32,64,10000,10000,1,142.62743616104126,0.0042150020599365234,0.00819087028503418,false,0.00003287688814673992,0.00006679748702829695,4.206917811402454e-7,0.012795973246047065,0.00010200512199543541,3.102639201734791,0.0,1.0,1.0,0.05,2.0,2.0,0.0,0.5,1.0,0.0,1.0
poisson_2d,256,32,256,0,1,2,0.001962900161743164,0.14366793632507324,0.2078399658203125,false,0.5083813564679703,1.020750017692552,6.331479439848241e-6,0.000012454192820595975,6.299580846651019e-6,0.000012391447417383631,0.0,1.0,1.0,0.05,2.0,2.0,0.0,0.5,1.0,0.0,1.0
poisson_2d,8,32,8,0,100,3,0.002023935317993164,0.00003695487976074219,0.0006778240203857422,false,0.43915201466832715,1.0037760335276045,0.0074327366509285685,0.01692520221395818,0.007418007097193637,0.016891661314126363,0.0,1.0,1.0,0.05,2.0,2.0,0.0,0.5,1.0,0.0,1.0
drift_diffusion,64,64,16,10000,1000,8,23.956300735473633,0.0016028881072998047,0.0370941162109375,false,0.007334551887509774,0.020648047005975514,0.0006287941652653697,0.0857304133789214,0.003851464283566381,0.5251124189502431,0.0,1.0,1.0,0.05,2.0,2.0,0.0,0.5,1.0,0.0,1.0
poisson_2d,64,32,64,10000,10,3,10.674707174301147,0.004582881927490234,0.009037017822265625,false,0.09264328663756492,0.18822762999378265,0.00007230894008091943,0.0007805092274392561,0.00010200512199543541,0.0011010524960593782,0.0,1.0,1.0,0.05,2.0,2.0,0.0,0.5,1.0,0.0,1.0
drift_diffusion,16,16,16,0,10,1,0.0024662017822265625,0.00028896331787109375,0.008893013000488281,true,0.8162964704412724,2.248287454650729,0.08753440592946492,0.10723359600237604,0.06769679643284385,0.08293162948046119,0.0,1.0,1.0,0.05,2.0,2.0,0.0,0.5,1.0,0.0,1.0
poisson_2d,64,32,64,0,100,8,0.0019290447235107422,0.004441022872924805,0.008645296096801758,false,0.4940569302993428,1.003798207592315,0.00010204065364136004,0.00020653622565224394,0.00010200512199543541,0.00020646430753158706,0.0,1.0,1.0,0.05,2.0,2.0,0.0,0.5,1.0,0.0,1.0
poisson_1d,32,32,16,10000,1000,3,17.24406623840332,0.000025033950805664062,0.0003910064697265625,false,3.4548217740100847e-6,4.964034465358076e-6,6.842706123669342e-7,0.19806249268623793,0.000595948894502332,172.49772447548048,0.0,1.0,1.0,0.05,2.0,2.0,0.0,0.5,1.0,0.0,1.0
poisson_1d,256,32,16,0,10000,0,0.004194974899291992,0.00005936622619628906,0.0009129047393798828,false,0.7084055265207946,1.003799166857095,9.031985267117693e-6,0.000012749738573436392,8.926404123405047e-6,0.000012600698031317546,0.0,1.0,1.0,0.05,2.0,2.0,0.0,0.5,1.0,0.0,1.0
drift_diffusion,128,128,16,0,10,5,0.0018281936645507812,0.004208087921142578,0.1029970645904541,false,0.8531667436150674,2.411200208631282,0.0012504379090505244,0.0014656430509142045,0.0009525133211054325,0.0011164445030632702,0.0,1.0,1.0,0.05,2.0,2.0,0.0,0.5,1.0,0.0,1.0
poisson_2d,32,32,32,0,10000,4,0.01032400131225586,0.0007359981536865234,0.0023851394653320312,false,0.4896896734960457,1.0109722291531262,0.00041594752052517267,0.0008494104389737175,0.00041476287710914914,0.0008469912672407994,0.0,1.0,1.0,0.05,2.0,2.0,0.0,0.5,1.0,0.0,1.0
wave,8,8,16,0,10,6,0.002002239227294922,0.000027179718017578125,0.0034928321838378906,false,0.8326516815416355,1.678468021408699,0.043377055664979534,0.052095079643228376,0.018958173771005418,0.022768432696736757,0.0,1.0,1.0,0.05,2.0,2.0,0.0,0.5,1.0,0.0,1.0
poisson_2d,256,32,256,0,1000,6,0.002626180648803711,0.13056588172912598,0.1592268943786621,false,0.4996638107504343,1.0032465533498913,6.297406753454148e-6,0.000012603287686567109,6.299580846651019e-6,0.000012607638798554999,0.0,1.0,1.0,0.05,2.0,2.0,0.0,0.5,1.0,0.0,1.0
poisson_2d,256,32,256,0,100,5,0.0019919872283935547,0.13059782981872559,0.16123700141906738,false,0.5067125946769261,1.0173994057826905,6.343511051820516e-6,0.000012518952791897864,6.299580846651019e-6,0.000012432256298400389,0.0,1.0,1.0,0.05,2.0,2.0,0.0,0.5,1.0,0.0,1.0
drift_diffusion,16,16,16,0,100,4,0.001847982406616211,0.000286102294921875,0.008917093276977539,true,0.8130261562869663,2.2392801802692555,0.08756662225269914,0.10770455732028325,0.06769679643284385,0.08326521343668743,0.0,1.0,1.0,0.05,2.0,2.0,0.0,0.5,1.0,0.0,1.0
heat,128,128,16,10000,10,2,7.668190002441406,0.004231929779052734,0.07488369941711426,false,0.0857961781716485,0.24339021285409643,0.000036845508395382566,0.0004294539591456789,0.00003992627534176886,0.000465361933277379,0.0,1.0,1.0,0.05,2.0,2.0,0.0,0.5,1.0,0.0,1.0
drift_diffusion,32,32,16,0,1000,1,0.00279998779296875,0.0006105899810791016,0.017670154571533203,false,0.8398415723255136,2.3464455664276342,0.02068028218755733,0.024624027755965706,0.015825675346876712,0.018843643692292536,0.0,1.0,1.0,0.05,2.0,2.0,0.0,0.5,1.0,0.0,1.0
poisson_1d,64,32,16,0,10,0,0.0015277862548828125,0.000028848648071289062,0.00043010711669921875,false,0.7042261065520165,1.0037991670626303,0.00014711738143711805,0.00020890645783841222,0.00014539741646764722,0.00020646411019826014,0.0,1.0,1.0,0.05,2.0,2.0,0.0,0.5,1.0,0.0,1.0
poisson_1d,16,32,16,0,10000,5,0.0037839412689208984,0.000023126602172851562,0.00035572052001953125,false,0.6934556226678216,1.012856765770551,0.0025174912813061166,0.0036303567222095226,0.0025081860605056672,0.0036169380974319905,0.0,1.0,1.0,0.05,2.0,2.0,0.0,0.5,1.0,0.0,1.0
drift_diffusion,64,64,16,0,1000,5,0.002458810806274414,0.0017828941345214844,0.04192996025085449,false,0.8473213248849515,2.385357798774808,0.005051769123002658,0.00596204648064131,0.003851464283566381,0.004545458930930753,0.0,1.0,1.0,0.05,2.0,2.0,0.0,0.5,1.0,0.0,1.0
poisson_1d,8,32,16,0,1,0,0.0015637874603271484,0.000019788742065429688,0.0004589557647705078,false,0.6639516617155716,1.0038005596957067,0.011349082303586909,0.017093235785060373,0.011214972573078455,0.016891248594965942,0.0,1.0,1.0,0.05,2.0,2.0,0.0,0.5,1.0,0.0,1.0
wave,128,128,16,0,1,2,0.002025127410888672,0.0004210472106933594,0.09904623031616211,false,0.867417999088299,1.7348889435933672,0.00012599661323926605,0.00014525478301314357,0.00006338688741085187,0.00007307536559937048,0.0,1.0,1.0,0.05,2.0,2.0,0.0,0.5,1.0,0.0,1.0
wave,128,128,16,0,10,5,0.0017931461334228516,0.00042819976806640625,0.09346508979797363,false,0.8661202711810707,1.732293408568259,0.00012596166615288465,0.00014543207259324283,0.00006338688741085187,0.00007318485609904427,0.0,1.0,1.0,0.05,2.0,2.0,0.0,0.5,1.0,0.0,1.0
heat,128,128,16,0,1,8,0.002413034439086914,0.004043102264404297,0.07152485847473145,false,0.43763053181717576,1.2414887301545547,0.00005073928177341165,0.00011594090924764007,0.00003992627534176886,0.0000912328378369369,0.0,1.0,1.0,0.05,2.0,2.0,0.0,0.5,1.0,0.0,1.0
drift_diffusion,64,64,16,10000,100,5,12.740617990493774,0.0016529560089111328,0.04480290412902832,false,0.1392119890654883,0.3919061093445323,0.00728992745990027,0.05236565836632739,0.003851464283566381,0.02766618241302886,0.0,1.0,1.0,0.05,2.0,2.0,0.0,0.5,1.0,0.0,1.0
heat,8,8,16,10000,10,1,7.790333032608032,0.00011873245239257812,0.0027761459350585938,false,0.10110325802126705,0.2854212295883916,0.015629593516214225,0.15459040412848543,0.012171854008336707,0.12039032417507603,0.0,1.0,1.0,0.05,2.0,2.0,0.0,0.5,1.0,0.0,1.0
drift_diffusion,8,8,16,10000,1000,2,24.995678901672363,0.000141143798828125,0.004556894302368164,true,0.00593695176378651,0.015963496282310388,0.028417681370201616,4.786577776080282,0.26151842143576154,44.049275089438176,0.0,1.0,1.0,0.05,2.0,2.0,0.0,0.5,1.0,0.0,1.0
heat,256,256,16,0,1,7,0.002393007278442383,0.01318502426147461,0.16658711433410645,false,0.45189704658994734,1.2820969911356628,0.000012585418019543506,0.000027850188697877344,9.934186103617024e-6,0.000021983295041605638,0.0,1.0,1.0,0.05,2.0,2.0,0.0,0.5,1.0,0.0,1.0
wave,16,16,16,10000,1000,8,28.285916090011597,0.00005078315734863281,0.00739598274230957,false,0.0031163832354609506,0.006244975623603769,0.00019364952178623824,0.06213918737038416,0.004322163832073661,1.3869166612411912,0.0,1.0,1.0,0.05,2.0,2.0,0.0,0.5,1.0,0.0,1.0
drift_diffusion,64,64,16,10000,1,7,10.67147707939148,0.00165557861328125,0.04140901565551758,false,0.6857244114785341,1.9304342103660386,0.00490703618186788,0.007155988761268548,0.003851464283566381,0.005616635807469641,0.0,1.0,1.0,0.05,2.0,2.0,0.0,0.5,1.0,0.0,1.0
heat,256,256,16,10000,10,5,7.720088005065918,0.011622905731201172,0.1656351089477539,false,0.08722329494328719,0.24746504728808436,7.723785771033986e-6,0.00008855186881045943,9.934186103617024e-6,0.00011389372655637747,0.0,1.0,1.0,0.05,2.0,2.0,0.0,0.5,1.0,0.0,1.0
drift_diffusion,8,8,16,0,10,4,0.001827239990234375,0.00013589859008789062,0.0045740604400634766,true,0.7642315281948454,2.0548941013093094,0.3607045288637471,0.4719833133759214,0.26151842143576154,0.34219789656346894,0.0,1.0,1.0,0.05,2.0,2.0,0.0,0.5,1.0,0.0,1.0
drift_diffusion,8,8,16,0,100,5,0.0020170211791992188,0.00019598007202148438,0.00456690788269043,true,0.7635759491012499,2.053131355907333,0.3606507081840155,0.47231805638785684,0.26151842143576154,0.34249169548042463,0.0,1.0,1.0,0.05,2.0,2.0,0.0,0.5,1.0,0.0,1.0
heat,16,16,16,10000,10,6,7.90585994720459,0.0002827644348144531,0.005728960037231445,false,0.10943302699491683,0.3098614753590388,0.0026959322283959222,0.024635453321794214,0.002749210983530936,0.025122315072748876,0.0,1.0,1.0,0.05,2.0,2.0,0.0,0.5,1.0,0.0,1.0
heat,256,256,16,0,10000,5,0.006636857986450195,0.01147317886352539,0.1661970615386963,false,0.4366673459015698,1.2388881373141782,0.000012591764035041023,0.000028836055989126695,9.934186103617024e-6,0.000022750009124465903,0.0,1.0,1.0,0.05,2.0,2.0,0.0,0.5,1.0,0.0,1.0
drift_diffusion,32,32,16,10000,100,2,12.696424961090088,0.000640869140625,0.021008014678955078,false,0.10676268615009822,0.298285819411315,0.026317350542604322,0.24650326337428974,0.015825675346876712,0.1482322702580497,0.0,1.0,1.0,0.05,2.0,2.0,0.0,0.5,1.0,0.0,1.0
wave,32,32,16,0,1,1,0.0021300315856933594,0.00009298324584960938,0.015810012817382812,false,0.8589007148917549,1.7186408148469337,0.0021317652123859993,0.0024819693073077254,0.0010402908397117996,0.00121118869931655,0.0,1.0,1.0,0.05,2.0,2.0,0.0,0.5,1.0,0.0,1.0
drift_diffusion,16,16,16,0,10,6,0.0022039413452148438,0.0003483295440673828,0.010254144668579102,true,0.816603957921119,2.2491343531348393,0.0876083828593561,0.10728380876623028,0.06769679643284385,0.08290040205681089,0.0,1.0,1.0,0.05,2.0,2.0,0.0,0.5,1.0,0.0,1.0
poisson_1d,16,32,16,10000,1000,6,17.207457065582275,0.000019788742065429688,0.00031685829162597656,false,4.611375451028317e-6,6.735344948410048e-6,1.8448126823829556e-6,0.40005692486643324,0.0025081860605056672,543.9127841763484,0.0,1.0,1.0,0.05,2.0,2.0,0.0,0.5,1.0,0.0,1.0
wave,128,128,16,0,100,4,0.0020780563354492188,0.00044798851013183594,0.08637309074401855,false,0.8668130679112591,1.7336790443155283,0.00012595788119160363,0.00014531147009022558,0.00006338688741085187,0.00007312636340796509,0.0,1.0,1.0,0.05,2.0,2.0,0.0,0.5,1.0,0.0,1.0
poisson_2d,256,32,256,10000,10000,2,142.6684319972992,0.14075064659118652,0.1558849811553955,false,0.0001586743391779318,0.0003185931829768669,2.4802267960594898e-8,0.00015630925636165327,6.299580846651019e-6,0.03970132082656996,0.0,1.0,1.0,0.05,2.0,2.0,0.0,0.5,1.0,0.0,1.0
drift_diffusion,32,32,16,10000,1000,6,24.568734884262085,0.0006961822509765625,0.019917726516723633,false,0.007362641709875344,0.02057059160514642,0.0020280273427829842,0.27544832720337453,0.015825675346876712,2.1494561287220972,0.0,1.0,1.0,0.05,2.0,2.0,0.0,0.5,1.0,0.0,1.0
poisson_2d,64,32,64,10000,1,8,9.519500970840454,0.004371166229248047,0.007848024368286133,false,0.27991555944017443,0.5687173271165447,0.0000846794638146767,0.00030251788783743896,0.00010200512199543541,0.0003644139046769804,0.0,1.0,1.0,0.05,2.0,2.0,0.0,0.5,1.0,0.0,1.0
poisson_1d,256,32,16,0,1,2,0.001306295394897461,0.00006699562072753906,0.000743865966796875,false,0.6500561941985006,0.921119107231576,8.54422827528717e-6,0.000013143830258893142,8.926404123405047e-6,0.000013731742275621308,0.0,1.0,1.0,0.05,2.0,2.0,0.0,0.5,1.0,0.0,1.0
poisson_1d,32,32,16,0,10000,4,0.003951072692871094,0.000026226043701171875,0.0005199909210205078,false,0.6975089884058483,1.0022105002321808,0.0005890746248414319,0.0008445405502053208,0.000595948894502332,0.0008543960069451848,0.0,1.0,1.0,0.05,2.0,2.0,0.0,0.5,1.0,0.0,1.0
drift_diffusion,16,16,16,0,10000,6,0.006406068801879883,0.0002808570861816406,0.009889841079711914,true,0.816603957921119,2.2491343531348393,0.0876083828593561,0.10728380876623028,0.06769679643284385,0.08290040205681089,0.0,1.0,1.0,0.05,2.0,2.0,0.0,0.5,1.0,0.0,1.0
heat,128,128,16,0,1,1,0.0024793148040771484,0.004313945770263672,0.07764196395874023,false,0.4385151164083874,1.243998156990698,0.0000507207408928272,0.00011566474904730801,0.00003992627534176886,0.00009104880048099793,0.0,1.0,1.0,0.05,2.0,2.0,0.0,0.5,1.0,0.0,1.0
heat,32,32,16,10000,100,4,8.9389328956604,0.0005679130554199219,0.011880874633789062,false,0.00032213474792204544,0.0009131905786131713,0.00006307077144813982,0.19579002841190843,0.0006581365706071615,2.0430474354359998,0.0,1.0,1.0,0.05,2.0,2.0,0.0,0.5,1.0,0.0,1.0
wave,128,128,16,0,1000,4,0.002785205841064453,0.0004608631134033203,0.09349894523620605,false,0.8668130679112591,1.7336790443155283,0.00012595788119160363,0.00014531147009022558,0.00006338688741085187,0.00007312636340796509,0.0,1.0,1.0,0.05,2.0,2.0,0.0,0.5,1.0,0.0,1.0
heat,16,16,16,0,10000,8,0.007058858871459961,0.0002503395080566406,0.006941795349121094,false,0.4254050512444035,1.2045416308360113,0.003588299117113653,0.008435017653450722,0.002749210983530936,0.006462572495293339,0.0,1.0,1.0,0.05,2.0,2.0,0.0,0.5,1.0,0.0,1.0
heat,128,128,16,0,1,9,0.002766132354736328,0.00407099723815918,0.07005906105041504,false,0.4358313579460238,1.236384757917177,0.00005075742474379847,0.00011646115824021224,0.00003992627534176886,0.00009160945997537327,0.0,1.0,1.0,0.05,2.0,2.0,0.0,0.5,1.0,0.0,1.0
heat,16,16,16,10000,10,0,7.372603893280029,0.0002551078796386719,0.0056149959564208984,false,0.13897755066774092,0.39351729614216086,0.002888173828515208,0.020781585332584222,0.002749210983530936,0.01978169114595767,0.0,1.0,1.0,0.05,2.0,2.0,0.0,0.5,1.0,0.0,1.0
heat,8,8,16,0,1000,3,0.00232696533203125,0.00011801719665527344,0.002779245376586914,false,0.40575897358237184,1.1454846008230835,0.01620930705426827,0.03994811725581632,0.012171854008336707,0.029997744475922808,0.0,1.0,1.0,0.05,2.0,2.0,0.0,0.5,1.0,0.0,1.0
poisson_2d,256,32,256,10000,1000,9,27.943398237228394,0.14339709281921387,0.15124773979187012,false,9.747002113833519e-6,0.000019570451303069647,2.3088142460249705e-8,0.00236874294171382,6.299580846651019e-6,0.6463095804242878,0.0,1.0,1.0,0.05,2.0,2.0,0.0,0.5,1.0,0.0,1.0
poisson_2d,8,32,8,10000,1,4,9.703067064285278,0.00006127357482910156,0.0009598731994628906,false,0.07691721919041078,0.17581078672093883,0.004554820378892321,0.05921717434449531,0.007418007097193637,0.09644143632949259,0.0,1.0,1.0,0.05,2.0,2.0,0.0,0.5,1.0,0.0,1.0
drift_diffusion,16,16,16,10000,1,3,10.762067794799805,0.0003330707550048828,0.009527921676635742,true,0.6817739386270737,1.877778293338025,0.08538584137689825,0.12524069422313866,0.06769679643284385,0.09929507802713707,0.0,1.0,1.0,0.05,2.0,2.0,0.0,0.5,1.0,0.0,1.0
poisson_2d,32,32,32,0,1000,8,0.0029382705688476562,0.0007162094116210938,0.0020313262939453125,false,0.48621475533074626,1.0037982045537983,0.00041490729261738746,0.0008533416315906493,0.00041476287710914914,0.000853044611587338,0.0,1.0,1.0,0.05,2.0,2.0,0.0,0.5,1.0,0.0,1.0
poisson_1d,128,32,16,10000,10000,0,86.14034485816956,0.00003504753112792969,0.0005979537963867188,false,4.423450383264524e-6,6.280283986670365e-6,5.083303707105208e-8,0.011491716344829423,0.00003591751011898671,8.119794957814689,0.0,1.0,1.0,0.05,2.0,2.0,0.0,0.5,1.0,0.0,1.0
wave,256,256,16,10000,100,5,12.742211103439331,0.0009810924530029297,0.2039661407470703,false,0.13726396076397854,0.27453001603374994,0.00010825446042389946,0.0007886590174243902,0.000015783443300198566,0.00011498606926648236,0.0,1.0,1.0,0.05,2.0,2.0,0.0,0.5,1.0,0.0,1.0
poisson_1d,128,32,16,0,1000,3,0.0020089149475097656,0.000051975250244140625,0.0011491775512695312,false,0.6948274331171178,0.986495433115782,0.00003515874827323621,0.00005060069104570021,0.00003591751011898671,0.000051692705853386434,0.0,1.0,1.0,0.05,2.0,2.0,0.0,0.5,1.0,0.0,1.0
wave,8,8,16,0,10,9,0.0020558834075927734,0.000028133392333984375,0.0033941268920898438,false,0.8298937212614541,1.6729084960546772,0.04337622094047183,0.05226719979823338,0.018958173771005418,0.022844098328866295,0.0,1.0,1.0,0.05,2.0,2.0,0.0,0.5,1.0,0.0,1.0
wave,8,8,16,10000,1000,4,28.517894744873047,0.000029087066650390625,0.003554821014404297,false,0.0003138380572032232,0.000632638058138965,0.0005336609618189866,1.7004341875378384,0.018958173771005418,60.407504239433806,0.0,1.0,1.0,0.05,2.0,2.0,0.0,0.5,1.0,0.0,1.0
drift_diffusion,16,16,16,0,1,6,0.0022161006927490234,0.0003790855407714844,0.01032710075378418,true,0.816603957921119,2.2491343531348393,0.0876083828593561,0.10728380876623028,0.06769679643284385,0.08290040205681089,0.0,1.0,1.0,0.05,2.0,2.0,0.0,0.5,1.0,0.0,1.0
wave,256,256,16,0,100,4,0.0020780563354492188,0.001007080078125,0.218062162399292,false,0.8679478519817011,1.735908947948158,0.000031203860580288007,0.00003595130802967397,0.000015783443300198566,0.000018184782949991476,0.0,1.0,1.0,0.05,2.0,2.0,0.0,0.5,1.0,0.0,1.0
poisson_2d,64,32,64,0,10,4,0.0020720958709716797,0.00436711311340332,0.008442878723144531,false,0.49758789739045645,1.0109722359679112,0.00010229653681087137,0.00020558485716263195,0.00010200512199543541,0.00020499920221209105,0.0,1.0,1.0,0.05,2.0,2.0,0.0,0.5,1.0,0.0,1.0
heat,8,8,16,10000,10000,2,94.07847285270691,0.0001270771026611328,0.003142833709716797,false,0.00006478370892784151,0.00018288872407644358,0.000640854528340989,9.892217332814445,0.012171854008336707,187.88448839623211,0.0,1.0,1.0,0.05,2.0,2.0,0.0,0.5,1.0,0.0,1.0
heat,16,16,16,0,1000,8,0.002287149429321289,0.0002758502960205078,0.006434202194213867,false,0.4254050512444035,1.2045416308360113,0.003588299117113653,0.008435017653450722,0.002749210983530936,0.006462572495293339,0.0,1.0,1.0,0.05,2.0,2.0,0.0,0.5,1.0,0.0,1.0
heat,32,32,16,10000,1,5,6.8996498584747314,0.0005850791931152344,0.011307954788208008,false,0.426188950263863,1.2081643989060722,0.0008461714211261008,0.0019854372587609728,0.0006581365706071615,0.0015442365884889657,0.0,1.0,1.0,0.05,2.0,2.0,0.0,0.5,1.0,0.0,1.0
poisson_1d,32,32,16,0,100,4,0.001302957534790039,0.000026941299438476562,0.0004279613494873047,false,0.6975089884058483,1.0022105002321808,0.0005890746248414319,0.0008445405502053208,0.000595948894502332,0.0008543960069451848,0.0,1.0,1.0,0.05,2.0,2.0,0.0,0.5,1.0,0.0,1.0
drift_diffusion,32,32,16,10000,10000,5,112.24504208564758,0.0006721019744873047,0.02160811424255371,false,0.006822133319686348,0.019060457363679815,0.0022606540726812356,0.3313705503464329,0.015825675346876712,2.319754628835673,0.0,1.0,1.0,0.05,2.0,2.0,0.0,0.5,1.0,0.0,1.0
poisson_2d,8,32,8,0,1,3,0.0018448829650878906,0.00004601478576660156,0.0007731914520263672,false,0.43915201466832715,1.0037760335276045,0.0074327366509285685,0.01692520221395818,0.007418007097193637,0.016891661314126363,0.0,1.0,1.0,0.05,2.0,2.0,0.0,0.5,1.0,0.0,1.0
poisson_1d,16,32,16,0,10000,8,0.003877878189086914,0.000023126602172851562,0.0003707408905029297,false,0.6789003594676772,0.9915974431435006,0.0024986239641945083,0.0036803986466492195,0.0025081860605056672,0.0036944833295895207,0.0,1.0,1.0,0.05,2.0,2.0,0.0,0.5,1.0,0.0,1.0
poisson_1d,256,32,16,10000,10,0,6.966620922088623,0.00005125999450683594,0.0006198883056640625,false,0.0004938695221139929,0.0006998051204779605,2.7342124939626764e-7,0.0005536305383370112,8.926404123405047e-6,0.018074417885100603,0.0,1.0,1.0,0.05,2.0,2.0,0.0,0.5,1.0,0.0,1.0
drift_diffusion,16,16,16,10000,10,2,11.313962936401367,0.0002949237823486328,0.009746074676513672,true,0.7314662413263944,2.0146434946431273,0.24720621399112622,0.3379598401463588,0.06769679643284385,0.09254944740865521,0.0,1.0,1.0,0.05,2.0,2.0,0.0,0.5,1.0,0.0,1.0
drift_diffusion,16,16,16,0,10,8,0.001984119415283203,0.0003058910369873047,0.010216951370239258,true,0.8147342938784675,2.2439848243009926,0.08758418555352415,0.10750030557396534,0.06769679643284385,0.0830906430985978,0.0,1.0,1.0,0.05,2.0,2.0,0.0,0.5,1.0,0.0,1.0
poisson_2d,8,32,8,0,1000,4,0.002780914306640625,0.00004601478576660156,0.0006716251373291016,false,0.44229911531843497,1.0109694064421366,0.00743906959288553,0.01681909218274095,0.007418007097193637,0.016771471703833304,0.0,1.0,1.0,0.05,2.0,2.0,0.0,0.5,1.0,0.0,1.0
poisson_2d,64,32,64,10000,1,5,9.626037120819092,0.004211902618408203,0.007710933685302734,false,0.10031319533398743,0.20381093655159344,0.00004290791865004807,0.0004277395262626059,0.00010200512199543541,0.0010168664417060458,0.0,1.0,1.0,0.05,2.0,2.0,0.0,0.5,1.0,0.0,1.0
poisson_2d,32,32,32,0,10,1,0.0018918514251708984,0.0006771087646484375,0.0020990371704101562,false,0.4666213250742077,0.9633472517661059,0.0004080252333465781,0.0008744247453364651,0.00041476287710914914,0.0008888639563208742,0.0,1.0,1.0,0.05,2.0,2.0,0.0,0.5,1.0,0.0,1.0
wave,8,8,16,10000,1,8,9.621138095855713,0.000027179718017578125,0.003437042236328125,false,0.8315774384202026,1.6763025508205596,0.04337605988529415,0.052161179321673565,0.018958173771005418,0.022797845269854112,0.0,1.0,1.0,0.05,2.0,2.0,0.0,0.5,1.0,0.0,1.0
drift_diffusion,32,32,16,0,1000,7,0.002521038055419922,0.0006930828094482422,0.025761127471923828,false,0.8438141813007277,2.3575446963399944,0.020703173729422014,0.02453522847590492,0.015825675346876712,0.018754929340582607,0.0,1.0,1.0,0.05,2.0,2.0,0.0,0.5,1.0,0.0,1.0
heat,256,256,16,0,1000,7,0.002293825149536133,0.011589288711547852,0.15639376640319824,false,0.45189704658994734,1.2820969911356628,0.000012585418019543506,0.000027850188697877344,9.934186103617024e-6,0.000021983295041605638,0.0,1.0,1.0,0.05,2.0,2.0,0.0,0.5,1.0,0.0,1.0
poisson_2d,64,32,64,0,10,7,0.0019440650939941406,0.0042078495025634766,0.007951974868774414,false,0.5159678803964446,1.048315693503887,0.00010349915343790574,0.0002005922410487684,0.00010200512199543541,0.00019769665103389696,0.0,1.0,1.0,0.05,2.0,2.0,0.0,0.5,1.0,0.0,1.0
poisson_2d,16,32,16,0,10000,0,0.007238864898681641,0.00017690658569335938,0.0012710094451904297,false,0.46494753639460346,0.9918880776418203,0.0017090669237529031,0.003675827464332252,0.00171723760469867,0.0036934008039161666,0.0,1.0,1.0,0.05,2.0,2.0,0.0,0.5,1.0,0.0,1.0
poisson_1d,256,32,16,10000,1,6,5.882675886154175,0.000048160552978515625,0.0007922649383544922,false,0.10603222828014598,0.15024595153901238,2.0758291696444607e-6,0.000019577341750849044,8.926404123405047e-6,0.00008418576378325971,0.0,1.0,1.0,0.05,2.0,2.0,0.0,0.5,1.0,0.0,1.0
drift_diffusion,32,32,16,0,1000,6,0.0024912357330322266,0.0006928443908691406,0.018339872360229492,false,0.8401662089749431,2.3473525734773624,0.020698057615927964,0.02463567017433482,0.015825675346876712,0.018836362588522875,0.0,1.0,1.0,0.05,2.0,2.0,0.0,0.5,1.0,0.0,1.0
poisson_2d,128,32,128,0,0,0,0.0019729137420654297,0.024846792221069336,0.04177093505859375,false,0.49206945130276947,0.9918880278229051,0.00002517789269402141,0.00005116735580183272,0.000025298111418601268,0.00005141166831556747,0.0,1.0,1.0,0.05,2.0,2.0,0.0,0.5,1.0,0.0,1.0
drift_diffusion,256,256,16,0,100,2,0.0020017623901367188,0.013728141784667969,0.21816086769104004,false,0.8567716022591727,2.426183244495611,0.00031121921663870893,0.0003632464192534772,0.00023700549940490983,0.0002766262312849345,0.0,1.0,1.0,0.05,2.0,2.0,0.0,0.5,1.0,0.0,1.0
poisson_1d,256,32,16,0,10,7,0.0012159347534179688,0.00005364418029785156,0.0006821155548095703,false,0.6678631370233516,0.9463512570422151,8.776598035566628e-6,0.00001314131226748596,8.926404123405047e-6,0.000013365618835005317,0.0,1.0,1.0,0.05,2.0,2.0,0.0,0.5,1.0,0.0,1.0
drift_diffusion,64,64,16,0,100,2,0.0020017623901367188,0.0017631053924560547,0.04388594627380371,false,0.8480207697212659,2.387326858381967,0.005052143836628806,0.005957570872101851,0.003851464283566381,0.004541709850847533,0.0,1.0,1.0,0.05,2.0,2.0,0.0,0.5,1.0,0.0,1.0
poisson_2d,16,32,16,0,0,0,0.0019729137420654297,0.00022411346435546875,0.0019488334655761719,false,0.46494753639460346,0.9918880776418203,0.0017090669237529031,0.003675827464332252,0.00171723760469867,0.0036934008039161666,0.0,1.0,1.0,0.05,2.0,2.0,0.0,0.5,1.0,0.0,1.0
poisson_2d,128,32,128,10000,0,1,0.0029222965240478516,0.024900197982788086,0.033637046813964844,false,0.4779105425003459,0.9633472352762875,0.0000248872348893386,0.000052075090788189885,0.000025298111418601268,0.00005293482601627887,0.0,1.0,1.0,0.05,2.0,2.0,0.0,0.5,1.0,0.0,1.0
poisson_1d,256,32,16,0,1000,6,0.0016338825225830078,0.000050067901611328125,0.000591278076171875,false,0.6572642116628814,0.9313327513302778,8.600002802813809e-6,0.000013084544465087733,8.926404123405047e-6,0.000013581150418674408,0.0,1.0,1.0,0.05,2.0,2.0,0.0,0.5,1.0,0.0,1.0
heat,128,128,16,0,10,6,0.0016682147979736328,0.004228830337524414,0.07378506660461426,false,0.4396598981397311,1.2472457220361453,0.00005072912237985006,0.00011538264598270797,0.00003992627534176886,0.00009081172858999214,0.0,1.0,1.0,0.05,2.0,2.0,0.0,0.5,1.0,0.0,1.0
wave,256,256,16,0,10,3,0.0021619796752929688,0.0009911060333251953,0.20774102210998535,false,0.865009597604522,1.730032394359083,0.00003119623983165626,0.00003606461699158975,0.000015783443300198566,0.000018246552805781322,0.0,1.0,1.0,0.05,2.0,2.0,0.0,0.5,1.0,0.0,1.0
heat,128,128,16,10000,10000,3,94.08532404899597,0.004423856735229492,0.07198286056518555,false,0.00008851958530403191,0.0002511160889451389,1.0096106908064246e-6,0.011405506333289362,0.00003992627534176886,0.4510445366931151,0.0,1.0,1.0,0.05,2.0,2.0,0.0,0.5,1.0,0.0,1.0
poisson_1d,64,32,16,10000,1,7,5.724309921264648,0.00003790855407714844,0.0004298686981201172,false,0.0905951011209425,0.12913364926274537,0.00004177235770919746,0.0004610884826259228,0.00014539741646764722,0.0016049147765014873,0.0,1.0,1.0,0.05,2.0,2.0,0.0,0.5,1.0,0.0,1.0
poisson_1d,16,32,16,10000,100,5,7.724610090255737,0.0000209808349609375,0.00032711029052734375,false,0.00011701902496540091,0.00017091722568216068,6.289230108070001e-6,0.05374536413992654,0.0025081860605056672,21.434002387604245,0.0,1.0,1.0,0.05,2.0,2.0,0.0,0.5,1.0,0.0,1.0
drift_diffusion,256,256,16,0,100,1,0.002178192138671875,0.011587858200073242,0.2173001766204834,false,0.8603406820919218,2.436290070708863,0.00031111910411388115,0.00036162314602791273,0.00023700549940490983,0.00027547866134683993,0.0,1.0,1.0,0.05,2.0,2.0,0.0,0.5,1.0,0.0,1.0
wave,64,64,16,0,1,5,0.0021131038665771484,0.00021195411682128906,0.03432178497314453,false,0.8638319764617826,1.72787488802635,0.0005131714747581765,0.0005940639947829948,0.0002556346352812184,0.0002959309706596953,0.0,1.0,1.0,0.05,2.0,2.0,0.0,0.5,1.0,0.0,1.0
poisson_1d,256,32,16,0,10,0,0.0015277862548828125,0.000052928924560546875,0.0006060600280761719,false,0.7084055265207946,1.003799166857095,9.031985267117693e-6,0.000012749738573436392,8.926404123405047e-6,0.000012600698031317546,0.0,1.0,1.0,0.05,2.0,2.0,0.0,0.5,1.0,0.0,1.0
poisson_1d,128,32,16,10000,1000,2,17.26138710975647,0.00004601478576660156,0.0006878376007080078,false,3.6423301638563025e-6,5.171272608544879e-6,5.318326529504142e-8,0.014601439985131305,0.00003591751011898671,9.861135180555154,0.0,1.0,1.0,0.05,2.0,2.0,0.0,0.5,1.0,0.0,1.0
heat,64,64,16,10000,1000,4,19.808025121688843,0.0014700889587402344,0.026895761489868164,false,0.00007396028580881691,0.00020976665463490077,6.4785758976895325e-6,0.08759533345270622,0.00016125998597565447,2.180359151021728,0.0,1.0,1.0,0.05,2.0,2.0,0.0,0.5,1.0,0.0,1.0
drift_diffusion,128,128,16,0,10,2,0.001964092254638672,0.004669904708862305,0.10515403747558594,false,0.8538539750027128,2.413142446157146,0.001250530151798733,0.001464571447119819,0.0009525133211054325,0.0011155459235314869,0.0,1.0,1.0,0.05,2.0,2.0,0.0,0.5,1.0,0.0,1.0
wave,256,256,16,10000,1000,7,27.49932074546814,0.0009248256683349609,0.1888751983642578,false,0.0021385422509860403,0.004277117133910632,7.794685661880632e-7,0.0003644859323348084,0.000015783443300198566,0.007380468304014282,0.0,1.0,1.0,0.05,2.0,2.0,0.0,0.5,1.0,0.0,1.0
poisson_2d,256,32,256,0,1,6,0.0021669864654541016,0.1358346939086914,0.21034526824951172,false,0.4996638107504343,1.0032465533498913,6.297406753454148e-6,0.000012603287686567109,6.299580846651019e-6,0.000012607638798554999,0.0,1.0,1.0,0.05,2.0,2.0,0.0,0.5,1.0,0.0,1.0
poisson_1d,128,32,16,0,10,9,0.0011751651763916016,0.00004029273986816406,0.0007560253143310547,false,0.7160752050627486,1.0166623911102532,0.00003636569666766397,0.00005078474496889931,0.00003591751011898671,0.000050158851842718545,0.0,1.0,1.0,0.05,2.0,2.0,0.0,0.5,1.0,0.0,1.0
drift_diffusion,64,64,16,0,1,4,0.0020148754119873047,0.0015778541564941406,0.03911924362182617,false,0.8481866085135552,2.3877937236016997,0.0050524364050100225,0.005956750972364918,0.003851464283566381,0.004540821848527014,0.0,1.0,1.0,0.05,2.0,2.0,0.0,0.5,1.0,0.0,1.0
wave,16,16,16,0,1,0,0.002257108688354492,0.00005412101745605469,0.007576942443847656,false,0.8489552395565414,1.7012364577738186,0.009200603291320593,0.010837559935582235,0.004322163832073661,0.005091156318596229,0.0,1.0,1.0,0.05,2.0,2.0,0.0,0.5,1.0,0.0,1.0
heat,16,16,16,10000,100,3,9.242278099060059,0.00026488304138183594,0.00555419921875,false,0.00020035666138324603,0.000567313291051592,0.00016553331414954106,0.8261932146734228,0.002749210983530936,13.72158512000168,0.0,1.0,1.0,0.05,2.0,2.0,0.0,0.5,1.0,0.0,1.0
poisson_1d,16,32,16,10000,100,3,7.830432891845703,0.000025033950805664062,0.0003509521484375,false,5.065812322769689e-6,7.3990924833829325e-6,2.7165781587003774e-6,0.5362571657928074,0.0025081860605056672,495.1202098787636,0.0,1.0,1.0,0.05,2.0,2.0,0.0,0.5,1.0,0.0,1.0
heat,32,32,16,0,1,8,0.002413034439086914,0.0006110668182373047,0.011757135391235352,false,0.43241487041193943,1.2258136952303458,0.0008467085472892815,0.0019580930380184787,0.0006581365706071615,0.0015220026313623035,0.0,1.0,1.0,0.05,2.0,2.0,0.0,0.5,1.0,0.0,1.0
poisson_2d,64,32,64,10000,1000,7,27.687796115875244,0.0044438838958740234,0.008783102035522461,false,0.000291490936108847,0.0005922355527290858,3.2957585165316574e-7,0.0011306555739008784,0.00010200512199543541,0.3499426889805939,0.0,1.0,1.0,0.05,2.0,2.0,0.0,0.5,1.0,0.0,1.0
poisson_1d,32,32,16,10000,1000,9,17.35962224006653,0.000023126602172851562,0.0003330707550048828,false,4.415184686711415e-6,6.343924633286361e-6,8.93791067307124e-7,0.20243571463204352,0.000595948894502332,134.97711574387574,0.0,1.0,1.0,0.05,2.0,2.0,0.0,0.5,1.0,0.0,1.0
wave,256,256,16,10000,10000,7,144.45493721961975,0.0009100437164306641,0.1974339485168457,false,0.0008847689629510781,0.0017695514265596336,7.393605176503058e-7,0.0008356537679442809,0.000015783443300198566,0.01783905625210036,0.0,1.0,1.0,0.05,2.0,2.0,0.0,0.5,1.0,0.0,1.0
wave,16,16,16,10000,0,1,0.002831697463989258,0.00004792213439941406,0.007129192352294922,false,0.8494105060651777,1.7021487744030204,0.009205969679536762,0.010838069006448526,0.004322163832073661,0.0050884275638356765,0.0,1.0,1.0,0.05,2.0,2.0,0.0,0.5,1.0,0.0,1.0
drift_diffusion,16,16,16,0,10,3,0.001990079879760742,0.0003840923309326172,0.010232925415039062,true,0.8102666108468605,2.231679692434027,0.08752900995990678,0.108024949798221,0.06769679643284385,0.08354879187492333,0.0,1.0,1.0,0.05,2.0,2.0,0.0,0.5,1.0,0.0,1.0
wave,8,8,16,0,100,4,0.0020780563354492188,0.000028133392333984375,0.003498077392578125,false,0.8298967582848009,1.6729146181182974,0.043365711034681315,0.05225434441304231,0.018958173771005418,0.02284401473044364,0.0,1.0,1.0,0.05,2.0,2.0,0.0,0.5,1.0,0.0,1.0
drift_diffusion,128,128,16,0,1,7,0.002092123031616211,0.004182100296020508,0.09685993194580078,false,0.8612629830190062,2.4340816140376718,0.001251523875952578,0.0014531262815517516,0.0009525133211054325,0.0011059494485256573,0.0,1.0,1.0,0.05,2.0,2.0,0.0,0.5,1.0,0.0,1.0
wave,8,8,16,0,0,1,0.002187013626098633,0.000031948089599609375,0.003679990768432617,false,0.8292312180481041,1.671573015105873,0.043390295727607,0.052325931276130395,0.018958173771005418,0.022862349316310523,0.0,1.0,1.0,0.05,2.0,2.0,0.0,0.5,1.0,0.0,1.0
drift_diffusion,128,128,16,10000,1000,9,23.997740983963013,0.004630088806152344,0.10453915596008301,false,0.009851648923277207,0.027842503375735933,0.00015305669973644367,0.015536150438207752,0.0009525133211054325,0.0966856745021486,0.0,1.0,1.0,0.05,2.0,2.0,0.0,0.5,1.0,0.0,1.0
poisson_2d,256,32,256,10000,1000,4,28.352532863616943,0.14272689819335938,0.16814804077148438,false,0.000010884105374251103,0.000021853576280849266,1.96966669110866e-8,0.0018096725668884743,6.299580846651019e-6,0.5787871974757128,0.0,1.0,1.0,0.05,2.0,2.0,0.0,0.5,1.0,0.0,1.0
heat,256,256,16,0,1000,5,0.002413034439086914,0.012874126434326172,0.16897201538085938,false,0.4366673459015698,1.2388881373141782,0.000012591764035041023,0.000028836055989126695,9.934186103617024e-6,0.000022750009124465903,0.0,1.0,1.0,0.05,2.0,2.0,0.0,0.5,1.0,0.0,1.0
poisson_1d,8,32,16,0,10,0,0.0015277862548828125,0.00002288818359375,0.0004699230194091797,false,0.6639516617155716,1.0038005596957067,0.011349082303586909,0.017093235785060373,0.011214972573078455,0.016891248594965942,0.0,1.0,1.0,0.05,2.0,2.0,0.0,0.5,1.0,0.0,1.0
poisson_2d,256,32,256,10000,1,1,9.617444038391113,0.1306769847869873,0.1673882007598877,false,0.2879062280455787,0.5780705441542597,5.549921486084634e-6,0.000019276837197165525,6.299580846651019e-6,0.00002188066888797461,0.0,1.0,1.0,0.05,2.0,2.0,0.0,0.5,1.0,0.0,1.0
heat,64,64,16,0,100,8,0.001397848129272461,0.0014920234680175781,0.024086952209472656,false,0.4358957931425805,1.2362905483262148,0.00020579979619533728,0.00047213072351909714,0.00016125998597565447,0.00036995077381466417,0.0,1.0,1.0,0.05,2.0,2.0,0.0,0.5,1.0,0.0,1.0
poisson_1d,32,32,16,0,10,4,0.0012879371643066406,0.000027894973754882812,0.0005271434783935547,false,0.6975089884058483,1.0022105002321808,0.0005890746248414319,0.0008445405502053208,0.000595948894502332,0.0008543960069451848,0.0,1.0,1.0,0.05,2.0,2.0,0.0,0.5,1.0,0.0,1.0
heat,128,128,16,10000,10000,4,92.54381108283997,0.003941774368286133,0.07126998901367188,false,0.00007399645065314004,0.00020991624870380106,1.5864077026779825e-6,0.021438970229966284,0.00003992627534176886,0.5395701413959729,0.0,1.0,1.0,0.05,2.0,2.0,0.0,0.5,1.0,0.0,1.0
wave,64,64,16,0,10,2,0.0019478797912597656,0.00020003318786621094,0.03729510307312012,false,0.8651402975940691,1.7304918497637602,0.0005133171999622692,0.0005933340538982982,0.0002556346352812184,0.0002954834446992368,0.0,1.0,1.0,0.05,2.0,2.0,0.0,0.5,1.0,0.0,1.0
poisson_1d,128,32,16,10000,0,1,0.0019588470458984375,0.00003695487976074219,0.0006501674652099609,false,0.7349555768813335,1.043468184443722,0.00003698936228198264,0.00005032870481633881,0.00003591751011898671,0.00004887031440920133,0.0,1.0,1.0,0.05,2.0,2.0,0.0,0.5,1.0,0.0,1.0
wave,128,128,16,10000,1000,4,28.517894744873047,0.00048422813415527344,0.09504365921020508,false,0.00039734833098488214,0.0007947209152974664,2.7591080694016756e-6,0.006943801833927815,0.00006338688741085187,0.15952473552291727,0.0,1.0,1.0,0.05,2.0,2.0,0.0,0.5,1.0,0.0,1.0
poisson_2d,64,32,64,10000,10,2,10.52458381652832,0.004637956619262695,0.008788824081420898,false,0.09064547998875112,0.18416859426285936,0.0000707727853006385,0.000780764637237523,0.00010200512199543541,0.0011253194534144877,0.0,1.0,1.0,0.05,2.0,2.0,0.0,0.5,1.0,0.0,1.0
drift_diffusion,64,64,16,0,1000,9,0.0025930404663085938,0.0015819072723388672,0.03714609146118164,false,0.8475998352933019,2.3861418543096886,0.0050517583024680315,0.005960074662732715,0.003851464283566381,0.00454396535156667,0.0,1.0,1.0,0.05,2.0,2.0,0.0,0.5,1.0,0.0,1.0
poisson_1d,8,32,16,10000,10000,9,84.43089294433594,0.00002288818359375,0.0005161762237548828,false,0.00001945908448798234,0.000029419370454969087,0.000012818971974121479,0.6587654204375556,0.011214972573078455,576.336085078773,0.0,1.0,1.0,0.05,2.0,2.0,0.0,0.5,1.0,0.0,1.0
poisson_2d,128,32,128,0,100,2,0.001967191696166992,0.023537874221801758,0.03090691566467285,false,0.5063877040662664,1.0207500176453872,0.00002542621053901658,0.000050210955627171534,0.000025298111418601268,0.000049957989136503054,0.0,1.0,1.0,0.05,2.0,2.0,0.0,0.5,1.0,0.0,1.0
poisson_1d,32,32,16,10000,1,6,5.882675886154175,0.000027894973754882812,0.0004029273986816406,false,0.10456555011084008,0.15024421767402638,0.0001387269103370409,0.0013266980395549915,0.000595948894502332,0.005699285222242146,0.0,1.0,1.0,0.05,2.0,2.0,0.0,0.5,1.0,0.0,1.0
drift_diffusion,128,128,16,0,0,1,0.0021288394927978516,0.004470109939575195,0.1057281494140625,false,0.8574152169835773,2.4232071462541778,0.0012501283909538885,0.0014580198323886676,0.0009525133211054325,0.001110912545331787,0.0,1.0,1.0,0.05,2.0,2.0,0.0,0.5,1.0,0.0,1.0
poisson_2d,64,32,64,10000,1000,8,27.736825704574585,0.004390239715576172,0.009111166000366211,false,8.408781880394158e-6,0.00001708450921730876,2.8737209948560394e-7,0.034175235315857186,0.00010200512199543541,12.130784630299019,0.0,1.0,1.0,0.05,2.0,2.0,0.0,0.5,1.0,0.0,1.0
poisson_2d,16,32,16,0,100,0,0.0018811225891113281,0.0001690387725830078,0.0012869834899902344,false,0.46494753639460346,0.9918880776418203,0.0017090669237529031,0.003675827464332252,0.00171723760469867,0.0036934008039161666,0.0,1.0,1.0,0.05,2.0,2.0,0.0,0.5,1.0,0.0,1.0
wave,32,32,16,10000,10,0,12.484607934951782,0.00010180473327636719,0.014951944351196289,false,0.4167788913620535,0.8339650917065005,0.0018053072667850564,0.004331570778177429,0.0010402908397117996,0.0024960257375609375,0.0,1.0,1.0,0.05,2.0,2.0,0.0,0.5,1.0,0.0,1.0
drift_diffusion,16,16,16,0,10000,4,0.005850076675415039,0.0003561973571777344,0.01099705696105957,true,0.8130261562869663,2.2392801802692555,0.08756662225269914,0.10770455732028325,0.06769679643284385,0.08326521343668743,0.0,1.0,1.0,0.05,2.0,2.0,0.0,0.5,1.0,0.0,1.0
heat,16,16,16,0,1,2,0.0024073123931884766,0.0002601146697998047,0.00543522834777832,false,0.4256369016554852,1.2051981192144576,0.003588900926176133,0.008431836883074167,0.002749210983530936,0.006459052241095803,0.0,1.0,1.0,0.05,2.0,2.0,0.0,0.5,1.0,0.0,1.0
poisson_2d,32,32,32,10000,1,2,9.319634914398193,0.0006911754608154297,0.002254962921142578,false,0.1522096217981408,0.31423921919616155,0.00038315967608649874,0.0025173157357597396,0.00041476287710914914,0.0027249451920930735,0.0,1.0,1.0,0.05,2.0,2.0,0.0,0.5,1.0,0.0,1.0
poisson_2d,16,32,16,10000,10000,6,142.72966408729553,0.00019407272338867188,0.0015590190887451172,false,0.00002573010174279586,0.00005489088371796448,3.7709489461631e-6,0.14655787154841965,0.00171723760469867,66.74041252762645,0.0,1.0,1.0,0.05,2.0,2.0,0.0,0.5,1.0,0.0,1.0
poisson_1d,8,32,16,10000,10000,5,82.86012315750122,0.000019073486328125,0.0003819465637207031,false,5.0682513373360224e-6,7.662475783178083e-6,0.000013812732019170553,2.725344719419198,0.011214972573078455,2212.7893481210026,0.0,1.0,1.0,0.05,2.0,2.0,0.0,0.5,1.0,0.0,1.0
wave,128,128,16,10000,10,7,10.843138933181763,0.0005097389221191406,0.09303402900695801,false,0.2735618906618365,0.5471404789807754,0.00022781029320818001,0.0008327559538977876,0.00006338688741085187,0.00023170949454069805,0.0,1.0,1.0,0.05,2.0,2.0,0.0,0.5,1.0,0.0,1.0
poisson_2d,32,32,32,10000,10000,2,142.6684319972992,0.0009160041809082031,0.0024623870849609375,false,0.00015431528247793173,0.00031858638963185894,1.4829012518407232e-6,0.009609555372792249,0.00041476287710914914,2.6877628090282935,0.0,1.0,1.0,0.05,2.0,2.0,0.0,0.5,1.0,0.0,1.0
wave,512,512,16,10000,10000,0,162.21640992164612,0.0020890235900878906,0.4562971591949463,false,0.0002778959829960236,0.0005557930260841266,1.6430262838964745e-7,0.0005912378675583062,3.938068844069806e-6,0.014171017521058368,0.0,1.0,1.0,0.05,2.0,2.0,0.0,0.5,1.0,0.0,1.0
poisson_1d,128,32,16,0,1,4,0.0016210079193115234,0.00004100799560546875,0.0007359981536865234,false,0.7058961756610149,1.0022105063115871,0.000035503246612645156,0.00005029528114300835,0.00003591751011898671,0.00005088214295162153,0.0,1.0,1.0,0.05,2.0,2.0,0.0,0.5,1.0,0.0,1.0
heat,256,256,16,10000,10,7,7.647174119949341,0.012165069580078125,0.15417909622192383,false,0.11222135637551191,0.31838814711431973,0.00001251655003686584,0.00011153447473031163,9.934186103617024e-6,0.00008852313342547318,0.0,1.0,1.0,0.05,2.0,2.0,0.0,0.5,1.0,0.0,1.0
poisson_2d,32,32,32,0,10000,2,0.00649714469909668,0.0008261203765869141,0.0023870468139648438,false,0.4944257829590684,1.020750003528399,0.00041686287793830614,0.0008431252825114432,0.00041476287710914914,0.0008388779295182623,0.0,1.0,1.0,0.05,2.0,2.0,0.0,0.5,1.0,0.0,1.0
wave,256,256,16,0,10000,4,0.0066339969635009766,0.0008389949798583984,0.19089365005493164,false,0.8679478519817011,1.735908947948158,0.000031203860580288007,0.00003595130802967397,0.000015783443300198566,0.000018184782949991476,0.0,1.0,1.0,0.05,2.0,2.0,0.0,0.5,1.0,0.0,1.0
poisson_2d,32,32,32,10000,1000,5,27.73399782180786,0.0007100105285644531,0.0020308494567871094,false,8.513355081246456e-6,0.000017575958877412032,1.047860378345682e-6,0.12308430323100705,0.00041476287710914914,48.71908585346484,0.0,1.0,1.0,0.05,2.0,2.0,0.0,0.5,1.0,0.0,1.0
poisson_2d,8,32,8,10000,10000,6,142.72966408729553,0.00007295608520507812,0.0009429454803466797,false,0.000023281236352191436,0.00005321425451929468,0.000024794853231464906,1.0650144543987885,0.007418007097193637,318.6259949834462,0.0,1.0,1.0,0.05,2.0,2.0,0.0,0.5,1.0,0.0,1.0
drift_diffusion,8,8,16,10000,1,6,10.608177900314331,0.00013399124145507812,0.0043871402740478516,true,0.6972536383543433,1.8748014648847333,0.35113165830364446,0.5035924360787628,0.26151842143576154,0.3750692818943144,0.0,1.0,1.0,0.05,2.0,2.0,0.0,0.5,1.0,0.0,1.0
poisson_2d,128,32,128,0,1000,8,0.0029382705688476562,0.0234529972076416,0.031954050064086914,false,0.4979780171358866,1.0037982077699759,0.00002530692443688859,0.00005081936062648106,0.000025298111418601268,0.00005080166302139799,0.0,1.0,1.0,0.05,2.0,2.0,0.0,0.5,1.0,0.0,1.0
poisson_1d,128,32,16,10000,10,8,6.506143093109131,0.000046253204345703125,0.0005071163177490234,false,0.00016498968121786132,0.000234247468184254,9.27286444624231e-7,0.0056202693270206985,0.00003591751011898671,0.21769549376568295,0.0,1.0,1.0,0.05,2.0,2.0,0.0,0.5,1.0,0.0,1.0
heat,128,128,16,10000,1000,7,19.53375792503357,0.004427909851074219,0.07622694969177246,false,0.00007201899797810199,0.0002043065276446239,1.8024415996346072e-6,0.0250273073804797,0.00003992627534176886,0.5543853214099612,0.0,1.0,1.0,0.05,2.0,2.0,0.0,0.5,1.0,0.0,1.0
wave,8,8,16,0,10000,6,0.0074689388275146484,0.000030994415283203125,0.0038967132568359375,false,0.8326516815416355,1.678468021408699,0.043377055664979534,0.052095079643228376,0.018958173771005418,0.022768432696736757,0.0,1.0,1.0,0.05,2.0,2.0,0.0,0.5,1.0,0.0,1.0
drift_diffusion,16,16,16,10000,10000,6,114.56074023246765,0.00040411949157714844,0.00905609130859375,true,0.006979558049037598,0.01922347256037376,0.008819519925352166,1.2636215450014276,0.06769679643284385,9.699295565308393,0.0,1.0,1.0,0.05,2.0,2.0,0.0,0.5,1.0,0.0,1.0
poisson_2d,256,32,256,10000,1000,2,27.887205123901367,0.14642691612243652,0.17960691452026367,false,0.000026876441321255874,0.00005396367826071766,2.2413288051465672e-8,0.0008339380866490012,6.299580846651019e-6,0.23439043775655694,0.0,1.0,1.0,0.05,2.0,2.0,0.0,0.5,1.0,0.0,1.0
wave,8,8,16,0,100,0,0.0024492740631103516,0.000027179718017578125,0.003906726837158203,false,0.8285386607812629,1.6701769508797912,0.043366596447309474,0.05234106566182118,0.018958173771005418,0.022881459451908955,0.0,1.0,1.0,0.05,2.0,2.0,0.0,0.5,1.0,0.0,1.0
drift_diffusion,32,32,16,0,10,4,0.001827239990234375,0.0006101131439208984,0.017673015594482422,false,0.8364808190730291,2.3370559091053447,0.020688035926587,0.024732229902788512,0.015825675346876712,0.018919352346195337,0.0,1.0,1.0,0.05,2.0,2.0,0.0,0.5,1.0,0.0,1.0
poisson_1d,8,32,16,0,0,1,0.0013320446014404297,0.0000209808349609375,0.0003769397735595703,false,0.6901872614759494,1.0434650582457556,0.01155048862603169,0.016735296738643417,0.011214972573078455,0.016249173520090032,0.0,1.0,1.0,0.05,2.0,2.0,0.0,0.5,1.0,0.0,1.0
drift_diffusion,128,128,16,10000,1000,4,25.050506830215454,0.0046689510345458984,0.10674691200256348,false,0.008855338918744054,0.025026754978637548,0.00014593726720375495,0.01648014475141641,0.0009525133211054325,0.10756373413209981,0.0,1.0,1.0,0.05,2.0,2.0,0.0,0.5,1.0,0.0,1.0
poisson_2d,16,32,16,0,10,6,0.001959085464477539,0.00017189979553222656,0.0011420249938964844,false,0.47027178978016726,1.0032464848643565,0.0017166244286267824,0.00365028153066386,0.00171723760469867,0.0036515854066037166,0.0,1.0,1.0,0.05,2.0,2.0,0.0,0.5,1.0,0.0,1.0
poisson_2d,32,32,32,10000,1,0,9.913221836090088,0.0008699893951416016,0.0023860931396484375,false,0.2663871265011189,0.5499605192281163,0.00032111585743258367,0.0012054481072351474,0.00041476287710914914,0.0015569929469073155,0.0,1.0,1.0,0.05,2.0,2.0,0.0,0.5,1.0,0.0,1.0
wave,8,8,16,0,100,2,0.0022118091583251953,0.000027894973754882812,0.003345012664794922,false,0.8306597320073215,1.67445262857671,0.0433799227874041,0.05222345698951222,0.018958173771005418,0.022823032152036855,0.0,1.0,1.0,0.05,2.0,2.0,0.0,0.5,1.0,0.0,1.0
poisson_1d,16,32,16,0,1000,5,0.0018768310546875,0.000023126602172851562,0.0003428459167480469,false,0.6934556226678216,1.012856765770551,0.0025174912813061166,0.0036303567222095226,0.0025081860605056672,0.0036169380974319905,0.0,1.0,1.0,0.05,2.0,2.0,0.0,0.5,1.0,0.0,1.0
drift_diffusion,256,256,16,0,100,8,0.0020673274993896484,0.012676239013671875,0.22544288635253906,false,0.8587672072618118,2.4318343461512533,0.0003112989335592351,0.00036249513363675705,0.00023700549940490983,0.00027598340667968016,0.0,1.0,1.0,0.05,2.0,2.0,0.0,0.5,1.0,0.0,1.0
heat,32,32,16,10000,1000,4,19.808025121688843,0.0006530284881591797,0.01294088363647461,false,0.00007251712789749657,0.00020557222842692378,0.000025467793411087154,0.35119693994294593,0.0006581365706071615,9.07560171903849,0.0,1.0,1.0,0.05,2.0,2.0,0.0,0.5,1.0,0.0,1.0
poisson_2d,8,32,8,0,100,1,0.0019729137420654297,0.0000362396240234375,0.0006310939788818359,false,0.421467241973415,0.9633536959392338,0.007297020410249868,0.017313374999403018,0.007418007097193637,0.01760043571230037,0.0,1.0,1.0,0.05,2.0,2.0,0.0,0.5,1.0,0.0,1.0
drift_diffusion,16,16,16,0,1,3,0.002309083938598633,0.0003590583801269531,0.010914087295532227,true,0.8102666108468605,2.231679692434027,0.08752900995990678,0.108024949798221,0.06769679643284385,0.08354879187492333,0.0,1.0,1.0,0.05,2.0,2.0,0.0,0.5,1.0,0.0,1.0
wave,256,256,16,10000,1000,4,28.517894744873047,0.0009789466857910156,0.19786691665649414,false,0.00039837747493072604,0.0007967610286888758,6.845880673631338e-7,0.0017184407012018066,0.000015783443300198566,0.039619316586459084,0.0,1.0,1.0,0.05,2.0,2.0,0.0,0.5,1.0,0.0,1.0
poisson_2d,128,32,128,10000,1,1,9.617444038391113,0.03474998474121094,0.032402992248535156,false,0.2867771823699143,0.578070540840142,0.000022289902193970088,0.0000777255080399608,0.000025298111418601268,0.0000882152171575812,0.0,1.0,1.0,0.05,2.0,2.0,0.0,0.5,1.0,0.0,1.0
poisson_2d,64,32,64,0,1,0,0.0017731189727783203,0.004724025726318359,0.008826732635498047,false,0.4881948887679619,0.9918880279730017,0.00010152035914872651,0.00020795047528033198,0.00010200512199543541,0.00020894344521480278,0.0,1.0,1.0,0.05,2.0,2.0,0.0,0.5,1.0,0.0,1.0
wave,64,64,16,0,100,1,0.0022301673889160156,0.00018286705017089844,0.03225088119506836,false,0.8635017226596783,1.7272142997790052,0.0005134902463963732,0.0005946603613189883,0.0002556346352812184,0.00029604415205314956,0.0,1.0,1.0,0.05,2.0,2.0,0.0,0.5,1.0,0.0,1.0
heat,32,32,16,0,100,9,0.0016620159149169922,0.0005748271942138672,0.010990142822265625,false,0.43065144786139303,1.220814728587782,0.0008470038815533246,0.0019667967813867334,0.0006581365706071615,0.001528234895936041,0.0,1.0,1.0,0.05,2.0,2.0,0.0,0.5,1.0,0.0,1.0
drift_diffusion,128,128,16,0,100,9,0.001920938491821289,0.004420042037963867,0.10444903373718262,false,0.8534444757491265,2.4119851287944254,0.00125043488500692,0.001465162550743946,0.0009525133211054325,0.0011160811841559421,0.0,1.0,1.0,0.05,2.0,2.0,0.0,0.5,1.0,0.0,1.0
heat,16,16,16,10000,10,8,7.756907224655151,0.0002701282501220703,0.0057659149169921875,false,0.0870897753738493,0.2465961787503303,0.0025308873203251734,0.02906067112311243,0.002749210983530936,0.031567551664123894,0.0,1.0,1.0,0.05,2.0,2.0,0.0,0.5,1.0,0.0,1.0
poisson_1d,32,32,16,10000,1,3,5.911823272705078,0.000025987625122070312,0.0004329681396484375,false,0.11501523966571489,0.165258774862741,0.00018472866400915465,0.0016061233671821023,0.000595948894502332,0.005181477656651608,0.0,1.0,1.0,0.05,2.0,2.0,0.0,0.5,1.0,0.0,1.0
poisson_1d,32,32,16,0,10,3,0.0011699199676513672,0.000035762786865234375,0.0005640983581542969,false,0.6865717621514653,0.9864954296341518,0.0005833555639625343,0.000849664370312159,0.000595948894502332,0.0008680067071719431,0.0,1.0,1.0,0.05,2.0,2.0,0.0,0.5,1.0,0.0,1.0
poisson_1d,128,32,16,0,1000,2,0.0018932819366455078,0.00004506111145019531,0.0006301403045654297,false,0.6487803221431463,0.9211191072556864,0.00003437973495109136,0.00005299133432025677,0.00003591751011898671,0.00005536158988351977,0.0,1.0,1.0,0.05,2.0,2.0,0.0,0.5,1.0,0.0,1.0
wave,8,8,16,0,10,0,0.002482891082763672,0.000030040740966796875,0.003668069839477539,false,0.8285386607812629,1.6701769508797912,0.043366596447309474,0.05234106566182118,0.018958173771005418,0.022881459451908955,0.0,1.0,1.0,0.05,2.0,2.0,0.0,0.5,1.0,0.0,1.0
drift_diffusion,16,16,16,0,10,4,0.001827239990234375,0.0002868175506591797,0.008964776992797852,true,0.8130261562869663,2.2392801802692555,0.08756662225269914,0.10770455732028325,0.06769679643284385,0.08326521343668743,0.0,1.0,1.0,0.05,2.0,2.0,0.0,0.5,1.0,0.0,1.0
heat,16,16,16,0,100,5,0.0015869140625,0.00027179718017578125,0.005815029144287109,false,0.423610059590164,1.1994590814675685,0.003586653019608964,0.008466874047039849,0.002749210983530936,0.006489956792316861,0.0,1.0,1.0,0.05,2.0,2.0,0.0,0.5,1.0,0.0,1.0
wave,32,32,16,0,100,4,0.0020780563354492188,0.00009608268737792969,0.015394210815429688,false,0.8598792812907126,1.7205989039765932,0.0021304022180709363,0.0024775596579942227,0.0010402908397117996,0.0012098103330856886,0.0,1.0,1.0,0.05,2.0,2.0,0.0,0.5,1.0,0.0,1.0
wave,16,16,16,10000,1000,4,28.517894744873047,0.000049114227294921875,0.007394075393676758,false,0.0003825165111074077,0.0007665316191891234,0.00023342595299255845,0.6102375876971052,0.004322163832073661,11.29928697603043,0.0,1.0,1.0,0.05,2.0,2.0,0.0,0.5,1.0,0.0,1.0
heat,256,256,16,10000,10,4,7.6085193157196045,0.012135982513427734,0.17005300521850586,false,0.10313757618355782,0.29261615471001895,0.000013903651955518865,0.000134806851876895,9.934186103617024e-6,0.00009631975533278746,0.0,1.0,1.0,0.05,2.0,2.0,0.0,0.5,1.0,0.0,1.0
poisson_2d,256,32,256,10000,1,2,9.319634914398193,0.13498425483703613,0.1750199794769287,false,0.15650689141334725,0.3142412878573873,5.8177783186389745e-6,0.00003717266547243438,6.299580846651019e-6,0.000040251140315689465,0.0,1.0,1.0,0.05,2.0,2.0,0.0,0.5,1.0,0.0,1.0
poisson_2d,64,32,64,0,1,5,0.002051115036010742,0.0043811798095703125,0.009275197982788086,false,0.500751269765354,1.0173994052375444,0.0001027164321722949,0.0002051246564395664,0.00010200512199543541,0.0002037041704222413,0.0,1.0,1.0,0.05,2.0,2.0,0.0,0.5,1.0,0.0,1.0
wave,256,256,16,10000,10000,6,142.982764005661,0.0010688304901123047,0.20221900939941406,false,0.0002750116269565949,0.0005500274503056191,4.6891956045861083e-7,0.0017050899470968546,0.000015783443300198566,0.057391912752415834,0.0,1.0,1.0,0.05,2.0,2.0,0.0,0.5,1.0,0.0,1.0
poisson_2d,128,32,128,10000,1,5,9.626037120819092,0.024585962295532227,0.031659841537475586,false,0.10110945606891963,0.20381118703656234,0.000010634730468258623,0.00010518037463290892,0.000025298111418601268,0.0002502051974382811,0.0,1.0,1.0,0.05,2.0,2.0,0.0,0.5,1.0,0.0,1.0
heat,128,128,16,10000,1,1,6.849575042724609,0.004286050796508789,0.07609963417053223,false,0.43545257272877375,1.2353102040545558,0.00005072022475146501,0.00011647703545216307,0.00003992627534176886,0.00009168914789404023,0.0,1.0,1.0,0.05,2.0,2.0,0.0,0.5,1.0,0.0,1.0
poisson_1d,64,32,16,0,10000,4,0.003951072692871094,0.00003504753112792969,0.0005350112915039062,false,0.703111564272516,1.0022105059757866,0.00014372040407308268,0.00020440625837492084,0.00014539741646764722,0.0002067913882458819,0.0,1.0,1.0,0.05,2.0,2.0,0.0,0.5,1.0,0.0,1.0
poisson_2d,32,32,32,0,1,3,0.0018448829650878906,0.0007851123809814453,0.00237274169921875,false,0.48620431657194224,1.0037766535678805,0.0004155829189242737,0.0008547495461463699,0.00041476287710914914,0.0008530629263711561,0.0,1.0,1.0,0.05,2.0,2.0,0.0,0.5,1.0,0.0,1.0
poisson_2d,64,32,64,10000,10,0,10.6875901222229,0.004235029220581055,0.00830698013305664,false,0.0684718378366583,0.13911738481098826,0.00006979043090121699,0.0010192574510370837,0.00010200512199543541,0.0014897383394143976,0.0,1.0,1.0,0.05,2.0,2.0,0.0,0.5,1.0,0.0,1.0
heat,16,16,16,0,10000,7,0.0071790218353271484,0.0004019737243652344,0.005753755569458008,false,0.4388354852153093,1.2425701328268255,0.0035847309416849114,0.008168735351759682,0.002749210983530936,0.0062647873204284485,0.0,1.0,1.0,0.05,2.0,2.0,0.0,0.5,1.0,0.0,1.0
poisson_1d,256,32,16,0,1,6,0.0014350414276123047,0.00006103515625,0.0007908344268798828,false,0.6572642116628814,0.9313327513302778,8.600002802813809e-6,0.000013084544465087733,8.926404123405047e-6,0.000013581150418674408,0.0,1.0,1.0,0.05,2.0,2.0,0.0,0.5,1.0,0.0,1.0
drift_diffusion,128,128,16,0,1,4,0.0020148754119873047,0.004673004150390625,0.10903191566467285,false,0.8540401639822002,2.4136686491644066,0.0012506024431218966,0.0014643368027220337,0.0009525133211054325,0.0011153027237783217,0.0,1.0,1.0,0.05,2.0,2.0,0.0,0.5,1.0,0.0,1.0
poisson_2d,64,32,64,10000,1,7,9.51289439201355,0.004402875900268555,0.008686065673828125,false,0.14611973165606928,0.2968781849520137,0.00003196150895844661,0.0002187350647048565,0.00010200512199543541,0.0006980927273773734,0.0,1.0,1.0,0.05,2.0,2.0,0.0,0.5,1.0,0.0,1.0
poisson_2d,256,32,256,0,10000,4,0.01032400131225586,0.1431119441986084,0.15941357612609863,false,0.5035115630460162,1.010972236390432,6.317579160860565e-6,0.000012547038885546303,6.299580846651019e-6,0.000012511293302861639,0.0,1.0,1.0,0.05,2.0,2.0,0.0,0.5,1.0,0.0,1.0
wave,256,256,16,10000,1,1,9.787418842315674,0.0008890628814697266,0.20838594436645508,false,0.8652753092084288,1.7305638216213801,0.00003120184853081833,0.00003606002413192907,0.000015783443300198566,0.00001824094959399405,0.0,1.0,1.0,0.05,2.0,2.0,0.0,0.5,1.0,0.0,1.0
wave,8,8,16,10000,1,5,9.546691656112671,0.000030994415283203125,0.003690004348754883,false,0.8267236812581085,1.6665182960585028,0.04336155217111693,0.05244987310044064,0.018958173771005418,0.02293169314099586,0.0,1.0,1.0,0.05,2.0,2.0,0.0,0.5,1.0,0.0,1.0
heat,16,16,16,0,1,3,0.002263784408569336,0.00026297569274902344,0.005536079406738281,false,0.4198793525516468,1.1888955210979828,0.0035860667227324166,0.008540707469751838,0.002749210983530936,0.006547621279359698,0.0,1.0,1.0,0.05,2.0,2.0,0.0,0.5,1.0,0.0,1.0
heat,64,64,16,0,1,0,0.002380847930908203,0.001497030258178711,0.024230003356933594,false,0.4328297451613582,1.227594602644858,0.00020562605651650197,0.0004750737647197627,0.00016125998597565447,0.000372571404295555,0.0,1.0,1.0,0.05,2.0,2.0,0.0,0.5,1.0,0.0,1.0
poisson_2d,128,32,128,10000,10000,8,142.34719109535217,0.025783061981201172,0.03315281867980957,false,8.715525306811991e-6,0.000017568302980660385,6.929066996763874e-8,0.007950257446064282,0.000025298111418601268,2.9026490690742626,0.0,1.0,1.0,0.05,2.0,2.0,0.0,0.5,1.0,0.0,1.0
poisson_2d,128,32,128,10000,1,4,9.703067064285278,0.024776935577392578,0.034101009368896484,false,0.0880046962744556,0.17739529327764272,0.000014859210298693103,0.00016884565174058952,0.000025298111418601268,0.00028746319786963816,0.0,1.0,1.0,0.05,2.0,2.0,0.0,0.5,1.0,0.0,1.0
heat,8,8,16,0,1000,0,0.0020809173583984375,0.00012087821960449219,0.002871990203857422,false,0.4081987168600533,1.152372158551929,0.01620597772756802,0.03970119713316998,0.012171854008336707,0.02981845239976513,0.0,1.0,1.0,0.05,2.0,2.0,0.0,0.5,1.0,0.0,1.0
wave,32,32,16,10000,100,1,12.769665718078613,0.00009226799011230469,0.014855146408081055,false,0.07836782810243571,0.15681224338569644,0.0028911451445592226,0.03689199017714465,0.0010402908397117996,0.013274463066043112,0.0,1.0,1.0,0.05,2.0,2.0,0.0,0.5,1.0,0.0,1.0
drift_diffusion,128,128,16,0,100,4,0.001847982406616211,0.004679203033447266,0.10947918891906738,false,0.8540401639822002,2.4136686491644066,0.0012506024431218966,0.0014643368027220337,0.0009525133211054325,0.0011153027237783217,0.0,1.0,1.0,0.05,2.0,2.0,0.0,0.5,1.0,0.0,1.0
heat,16,16,16,10000,1000,1,19.832440853118896,0.000270843505859375,0.005937814712524414,false,0.00006940737123098396,0.0001965281509705857,0.00009311922435746445,1.341633067292443,0.002749210983530936,39.60978401527051,0.0,1.0,1.0,0.05,2.0,2.0,0.0,0.5,1.0,0.0,1.0
heat,128,128,16,0,100,1,0.0015609264373779297,0.003936052322387695,0.06931424140930176,false,0.4385151164083874,1.243998156990698,0.0000507207408928272,0.00011566474904730801,0.00003992627534176886,0.00009104880048099793,0.0,1.0,1.0,0.05,2.0,2.0,0.0,0.5,1.0,0.0,1.0
heat,32,32,16,10000,1000,1,19.832440853118896,0.0005619525909423828,0.011150121688842773,false,0.0000764937225144887,0.0002168451158214865,0.00002373858641219465,0.31033378467974654,0.0006581365706071615,8.603798442174693,0.0,1.0,1.0,0.05,2.0,2.0,0.0,0.5,1.0,0.0,1.0
drift_diffusion,128,128,16,0,1,8,0.0022280216217041016,0.004111766815185547,0.1096639633178711,false,0.8558356310693186,2.41874295690958,0.0012508510702975725,0.0014615552623518423,0.0009525133211054325,0.001112962917792194,0.0,1.0,1.0,0.05,2.0,2.0,0.0,0.5,1.0,0.0,1.0
poisson_1d,256,32,16,10000,10000,8,83.62364268302917,0.00006079673767089844,0.0007951259613037109,false,3.621279412047476e-6,5.131294323214606e-6,8.37112724988743e-9,0.0023116490878352905,8.926404123405047e-6,2.464986295578763,0.0,1.0,1.0,0.05,2.0,2.0,0.0,0.5,1.0,0.0,1.0
drift_diffusion,256,256,16,10000,1000,1,24.87624716758728,0.0138702392578125,0.23621034622192383,false,0.007266860033316515,0.020578102736409396,0.00004160666681570503,0.005725535736886297,0.00023700549940490983,0.032614567821356515,0.0,1.0,1.0,0.05,2.0,2.0,0.0,0.5,1.0,0.0,1.0
wave,16,16,16,0,1,5,0.0021131038665771484,0.00005793571472167969,0.007605075836181641,false,0.8495945071255017,1.7025174973904134,0.009200317273074963,0.010829068686193726,0.004322163832073661,0.005087325536857776,0.0,1.0,1.0,0.05,2.0,2.0,0.0,0.5,1.0,0.0,1.0
poisson_2d,64,32,64,0,10,1,0.0018918514251708984,0.004609107971191406,0.008611679077148438,false,0.47414746781086364,0.9633472361871512,0.00010034835407670289,0.00021163954442277356,0.00010200512199543541,0.00021513374829647936,0.0,1.0,1.0,0.05,2.0,2.0,0.0,0.5,1.0,0.0,1.0
drift_diffusion,64,64,16,0,10,9,0.0018732547760009766,0.0015330314636230469,0.03704380989074707,false,0.8475998352933019,2.3861418543096886,0.0050517583024680315,0.005960074662732715,0.003851464283566381,0.00454396535156667,0.0,1.0,1.0,0.05,2.0,2.0,0.0,0.5,1.0,0.0,1.0
heat,128,128,16,10000,100,2,9.018018007278442,0.0044858455657958984,0.07863306999206543,false,0.0002452027583288843,0.000695601515287543,3.1516131358319193e-6,0.01285309006028168,0.00003992627534176886,0.16282963378495302,0.0,1.0,1.0,0.05,2.0,2.0,0.0,0.5,1.0,0.0,1.0
heat,256,256,16,10000,10,6,7.90585994720459,0.012928962707519531,0.15824317932128906,false,0.11065291491830312,0.3139382528558062,9.427211633912517e-6,0.00008519623401582124,9.934186103617024e-6,0.00008977789795191197,0.0,1.0,1.0,0.05,2.0,2.0,0.0,0.5,1.0,0.0,1.0
wave,128,128,16,0,100,3,0.0022118091583251953,0.00040411949157714844,0.09140300750732422,false,0.863873754743484,1.7278002385703268,0.00012592720712679728,0.00014577038188200275,0.00006338688741085187,0.00007337517439648778,0.0,1.0,1.0,0.05,2.0,2.0,0.0,0.5,1.0,0.0,1.0
poisson_1d,64,32,16,0,1000,2,0.0018932819366455078,0.000030279159545898438,0.000392913818359375,false,0.6462210212351163,0.9211191076544657,0.00013917236390703476,0.00021536341179529547,0.00014539741646764722,0.00022499642024914395,0.0,1.0,1.0,0.05,2.0,2.0,0.0,0.5,1.0,0.0,1.0
poisson_2d,256,32,256,10000,100,0,12.79129695892334,0.1451549530029297,0.16619110107421875,false,0.000023098390216050358,0.000046377944276932464,6.044598221555435e-8,0.002616891551745048,6.299580846651019e-6,0.2727281333331343,0.0,1.0,1.0,0.05,2.0,2.0,0.0,0.5,1.0,0.0,1.0
drift_diffusion,128,128,16,10000,1000,3,24.582820177078247,0.004117012023925781,0.10470890998840332,false,0.008993575303120524,0.025417435465592116,0.0001858051701656737,0.020659766989575584,0.0009525133211054325,0.10591041815983082,0.0,1.0,1.0,0.05,2.0,2.0,0.0,0.5,1.0,0.0,1.0
heat,128,128,16,0,10,8,0.0013952255249023438,0.0041201114654541016,0.08469510078430176,false,0.43763053181717576,1.2414887301545547,0.00005073928177341165,0.00011594090924764007,0.00003992627534176886,0.0000912328378369369,0.0,1.0,1.0,0.05,2.0,2.0,0.0,0.5,1.0,0.0,1.0
poisson_1d,8,32,16,0,10000,0,0.004194974899291992,0.00002193450927734375,0.00047588348388671875,false,0.6639516617155716,1.0038005596957067,0.011349082303586909,0.017093235785060373,0.011214972573078455,0.016891248594965942,0.0,1.0,1.0,0.05,2.0,2.0,0.0,0.5,1.0,0.0,1.0
poisson_2d,8,32,8,0,10,6,0.001959085464477539,0.0000438690185546875,0.0006778240203857422,false,0.4389197244415656,1.0032450844378638,0.007415027946661781,0.016893813455514824,0.007418007097193637,0.01690060091656057,0.0,1.0,1.0,0.05,2.0,2.0,0.0,0.5,1.0,0.0,1.0
drift_diffusion,64,64,16,10000,1,2,10.610212087631226,0.0016713142395019531,0.03976297378540039,false,0.6306229097848058,1.775313841116292,0.004895155444087886,0.007762412954135002,0.003851464283566381,0.006107396708566545,0.0,1.0,1.0,0.05,2.0,2.0,0.0,0.5,1.0,0.0,1.0
drift_diffusion,64,64,16,10000,1,3,10.762067794799805,0.0016031265258789062,0.03785085678100586,false,0.7019041284660709,1.9759829449071293,0.0049125085048401925,0.006998831187353041,0.003851464283566381,0.005487165735843873,0.0,1.0,1.0,0.05,2.0,2.0,0.0,0.5,1.0,0.0,1.0
wave,128,128,16,0,1000,5,0.003214120864868164,0.0004520416259765625,0.09761214256286621,false,0.8661202711810707,1.732293408568259,0.00012596166615288465,0.00014543207259324283,0.00006338688741085187,0.00007318485609904427,0.0,1.0,1.0,0.05,2.0,2.0,0.0,0.5,1.0,0.0,1.0
wave,64,64,16,0,10000,6,0.0074689388275146484,0.00020384788513183594,0.033499956130981445,false,0.86728947287386,1.7347907251204333,0.000513320051575335,0.0005918670382039712,0.0002556346352812184,0.0002947512258325292,0.0,1.0,1.0,0.05,2.0,2.0,0.0,0.5,1.0,0.0,1.0
wave,16,16,16,10000,10000,1,146.8099720478058,0.00005698204040527344,0.007800102233886719,false,0.00021642999011342178,0.00043370789481069903,0.00016662634630383266,0.7698856624095112,0.004322163832073661,19.970263038900484,0.0,1.0,1.0,0.05,2.0,2.0,0.0,0.5,1.0,0.0,1.0
poisson_2d,128,32,128,10000,10,6,10.595207214355469,0.023387908935546875,0.031074047088623047,false,0.09976692229529052,0.20110497722515247,0.00001844506858636239,0.00018488160366186889,0.000025298111418601268,0.0002535721342964133,0.0,1.0,1.0,0.05,2.0,2.0,0.0,0.5,1.0,0.0,1.0
wave,64,64,16,0,100,9,0.0020918846130371094,0.00021123886108398438,0.03539705276489258,false,0.8644244746091323,1.7290600290004094,0.0005132465530857141,0.0005937436620102517,0.0002556346352812184,0.0002957281321735007,0.0,1.0,1.0,0.05,2.0,2.0,0.0,0.5,1.0,0.0,1.0
wave,128,128,16,0,1,6,0.0020961761474609375,0.00044989585876464844,0.09329795837402344,false,0.8695767543244002,1.7392065858315644,0.0001259981864232085,0.00014489599198301957,0.00006338688741085187,0.0000728939534039166,0.0,1.0,1.0,0.05,2.0,2.0,0.0,0.5,1.0,0.0,1.0
heat,128,128,16,10000,10,5,7.720088005065918,0.00447392463684082,0.07094621658325195,false,0.08708320708317105,0.2470413106931883,0.00003108245760151478,0.0003569282602537668,0.00003992627534176886,0.00045848420928774707,0.0,1.0,1.0,0.05,2.0,2.0,0.0,0.5,1.0,0.0,1.0
heat,128,128,16,10000,10,9,7.7358598709106445,0.004386186599731445,0.07377195358276367,false,0.09910983884903761,0.28115896637192794,0.000055043650824786094,0.0005553802878100485,0.00003992627534176886,0.0004028487565455921,0.0,1.0,1.0,0.05,2.0,2.0,0.0,0.5,1.0,0.0,1.0
poisson_2d,128,32,128,10000,10,0,10.6875901222229,0.023931026458740234,0.031068086624145508,false,0.06901527458060502,0.1391174038790148,0.000017224832577684384,0.0002495800050402894,0.000025298111418601268,0.00036655815067510603,0.0,1.0,1.0,0.05,2.0,2.0,0.0,0.5,1.0,0.0,1.0
drift_diffusion,32,32,16,10000,1,3,10.762067794799805,0.0007848739624023438,0.021057605743408203,false,0.6952748492574606,1.9425384992212407,0.02013184029633136,0.028955225861875707,0.015825675346876712,0.022761754382138528,0.0,1.0,1.0,0.05,2.0,2.0,0.0,0.5,1.0,0.0,1.0
poisson_2d,64,32,64,10000,10000,2,142.6684319972992,0.004336118698120117,0.008296012878417969,false,0.0001568073655829414,0.0003185927427716904,3.9313642499763677e-7,0.0025071298375294827,0.00010200512199543541,0.6505123124552205,0.0,1.0,1.0,0.05,2.0,2.0,0.0,0.5,1.0,0.0,1.0
drift_diffusion,128,128,16,10000,10000,4,113.64341831207275,0.004267692565917969,0.10589599609375,false,0.006621972586102497,0.01871486646737479,0.0001507631214010677,0.02276710140985351,0.0009525133211054325,0.14384132654134713,0.0,1.0,1.0,0.05,2.0,2.0,0.0,0.5,1.0,0.0,1.0
heat,128,128,16,0,10,7,0.0016489028930664062,0.004134178161621094,0.07784700393676758,false,0.4510327396457412,1.2795086779613591,0.00005069075181512684,0.00011238818684191603,0.00003992627534176886,0.00008852190059002926,0.0,1.0,1.0,0.05,2.0,2.0,0.0,0.5,1.0,0.0,1.0
drift_diffusion,8,8,16,10000,10,9,11.143492698669434,0.00013899803161621094,0.004357099533081055,true,0.6007974283592473,1.615446426992289,0.5270778783899204,0.877297161256745,0.26151842143576154,0.4352855206953155,0.0,1.0,1.0,0.05,2.0,2.0,0.0,0.5,1.0,0.0,1.0
wave,256,256,16,0,100,7,0.002062082290649414,0.0008471012115478516,0.20750689506530762,false,0.8753425443230333,1.7506984454661643,0.0000312142789808559,0.00003565950173825516,0.000015783443300198566,0.000018031162089128273,0.0,1.0,1.0,0.05,2.0,2.0,0.0,0.5,1.0,0.0,1.0
poisson_2d,8,32,8,10000,10,2,10.52458381652832,0.00004291534423828125,0.0007097721099853516,false,0.08054772582993287,0.18410908761127504,0.007166715001460811,0.08897476530364724,0.007418007097193637,0.09209455662169637,0.0,1.0,1.0,0.05,2.0,2.0,0.0,0.5,1.0,0.0,1.0
drift_diffusion,16,16,16,0,100,5,0.0020170211791992188,0.00037097930908203125,0.009862184524536133,true,0.8122264859946698,2.237077685524846,0.08755482850046101,0.10779607659954538,0.06769679643284385,0.08334719145478357,0.0,1.0,1.0,0.05,2.0,2.0,0.0,0.5,1.0,0.0,1.0
heat,64,64,16,0,1000,7,0.002293825149536133,0.0015418529510498047,0.02486395835876465,false,0.4493014733197525,1.2743118276265655,0.0002056016177126806,0.000457602812191005,0.00016125998597565447,0.0003589126578734613,0.0,1.0,1.0,0.05,2.0,2.0,0.0,0.5,1.0,0.0,1.0
wave,64,64,16,0,10,7,0.0018851757049560547,0.00018906593322753906,0.03374981880187988,false,0.8719583690178,1.7441296574842944,0.0005133153008762402,0.0005886924411935559,0.0002556346352812184,0.0002931729820646975,0.0,1.0,1.0,0.05,2.0,2.0,0.0,0.5,1.0,0.0,1.0
heat,16,16,16,0,1,6,0.003011941909790039,0.00029206275939941406,0.006101846694946289,false,0.42736021025592824,1.2100776967980789,0.0035875592280966984,0.00839469642236524,0.002749210983530936,0.006433006437086287,0.0,1.0,1.0,0.05,2.0,2.0,0.0,0.5,1.0,0.0,1.0
heat,256,256,16,10000,1000,1,19.832440853118896,0.011672019958496094,0.16361308097839355,false,0.00007887522189167893,0.00022378036197753923,3.669344821610623e-7,0.0046520881128488765,9.934186103617024e-6,0.12594812243124037,0.0,1.0,1.0,0.05,2.0,2.0,0.0,0.5,1.0,0.0,1.0
poisson_2d,16,32,16,10000,10000,0,145.35425901412964,0.00013899803161621094,0.0011279582977294922,false,0.00002428677948316891,0.00005181179623076032,5.481675116766758e-6,0.22570613450593843,0.00171723760469867,70.70668245172934,0.0,1.0,1.0,0.05,2.0,2.0,0.0,0.5,1.0,0.0,1.0
drift_diffusion,128,128,16,10000,10,1,11.380289793014526,0.004745960235595703,0.10934185981750488,false,0.7525005524331848,2.1266997367172182,0.0014542856270735977,0.0019326040656996392,0.0009525133211054325,0.0012657975041021738,0.0,1.0,1.0,0.05,2.0,2.0,0.0,0.5,1.0,0.0,1.0
drift_diffusion,128,128,16,10000,100,4,13.016759872436523,0.004235982894897461,0.10721588134765625,false,0.10348829521808918,0.29247623736883016,0.001719483048344009,0.016615241798315483,0.0009525133211054325,0.009204068142180949,0.0,1.0,1.0,0.05,2.0,2.0,0.0,0.5,1.0,0.0,1.0
heat,256,256,16,0,1,6,0.003011941909790039,0.01174783706665039,0.16652703285217285,false,0.44053110868749845,1.2498501886922129,0.000012594905654122082,0.00002859027525126854,9.934186103617024e-6,0.000022550475795488216,0.0,1.0,1.0,0.05,2.0,2.0,0.0,0.5,1.0,0.0,1.0
wave,128,128,16,10000,1000,1,28.057994842529297,0.00043010711669921875,0.09204506874084473,false,0.0002989087962902458,0.0005978358373607615,2.824524812773641e-6,0.009449453638794998,0.00006338688741085187,0.21206096373718242,0.0,1.0,1.0,0.05,2.0,2.0,0.0,0.5,1.0,0.0,1.0
poisson_2d,16,32,16,10000,1,8,9.519500970840454,0.0001480579376220703,0.0009660720825195312,false,0.2665707321697248,0.5686842286287461,0.0014372883450706852,0.005391771007162059,0.00171723760469867,0.00644195854031458,0.0,1.0,1.0,0.05,2.0,2.0,0.0,0.5,1.0,0.0,1.0
heat,8,8,16,0,100,0,0.0014767646789550781,0.00012493133544921875,0.0029430389404296875,false,0.4081987168600533,1.152372158551929,0.01620597772756802,0.03970119713316998,0.012171854008336707,0.02981845239976513,0.0,1.0,1.0,0.05,2.0,2.0,0.0,0.5,1.0,0.0,1.0
poisson_2d,64,32,64,0,1000,6,0.002626180648803711,0.00415492057800293,0.008385181427001953,false,0.49378541286945254,1.0032465531315857,0.00010196985357067695,0.00020650641131360396,0.00010200512199543541,0.00020657783591189965,0.0,1.0,1.0,0.05,2.0,2.0,0.0,0.5,1.0,0.0,1.0
poisson_1d,64,32,16,10000,10000,9,84.43089294433594,0.000029087066650390625,0.0004260540008544922,false,0.000020671007792102415,0.000029464315808526358,2.2557789080704456e-7,0.01091276695721327,0.00014539741646764722,7.033881363176425,0.0,1.0,1.0,0.05,2.0,2.0,0.0,0.5,1.0,0.0,1.0
heat,16,16,16,10000,1000,3,19.418092012405396,0.00026106834411621094,0.005532979965209961,false,0.00008769149977947918,0.0002482999716290256,0.00007122211258954613,0.8121894684042307,0.002749210983530936,31.35094040404527,0.0,1.0,1.0,0.05,2.0,2.0,0.0,0.5,1.0,0.0,1.0
poisson_1d,64,32,16,0,10000,9,0.004002809524536133,0.000029802322387695312,0.000431060791015625,false,0.7132504397082184,1.0166623909920063,0.00014721178758554668,0.00020639564925577767,0.00014539741646764722,0.0002038518427372122,0.0,1.0,1.0,0.05,2.0,2.0,0.0,0.5,1.0,0.0,1.0
poisson_1d,128,32,16,10000,10,9,6.510509729385376,0.00003719329833984375,0.0005900859832763672,false,0.00041339578696720104,0.0005869271080488685,1.784669110632449e-6,0.004317095545953432,0.00003591751011898671,0.08688407393427967,0.0,1.0,1.0,0.05,2.0,2.0,0.0,0.5,1.0,0.0,1.0
poisson_1d,16,32,16,0,10000,6,0.003688812255859375,0.00003314018249511719,0.0005719661712646484,false,0.6376400413843791,0.931332891292672,0.002416430173663213,0.0037896462217411964,0.0025081860605056672,0.0039335454138986455,0.0,1.0,1.0,0.05,2.0,2.0,0.0,0.5,1.0,0.0,1.0
drift_diffusion,128,128,16,0,1,3,0.002309083938598633,0.004146099090576172,0.11019182205200195,false,0.8512570124427743,2.4058029703592516,0.00125006130453815,0.0014684887011396984,0.0009525133211054325,0.0011189491624534077,0.0,1.0,1.0,0.05,2.0,2.0,0.0,0.5,1.0,0.0,1.0
poisson_2d,128,32,128,0,1,5,0.002051115036010742,0.025555849075317383,0.04260587692260742,false,0.5047254864470827,1.0173994057515994,0.000025474526949145015,0.00005047204397873388,0.000025298111418601268,0.000050122516294317566,0.0,1.0,1.0,0.05,2.0,2.0,0.0,0.5,1.0,0.0,1.0
heat,64,64,16,10000,100,4,8.9389328956604,0.0019571781158447266,0.028290987014770508,false,0.00030820968194282853,0.0008741463503042149,0.000015811729882120148,0.05130185976781878,0.00016125998597565447,0.52321518571086,0.0,1.0,1.0,0.05,2.0,2.0,0.0,0.5,1.0,0.0,1.0
poisson_1d,256,32,16,0,100,7,0.0012197494506835938,0.00006794929504394531,0.0006091594696044922,false,0.6678631370233516,0.9463512570422151,8.776598035566628e-6,0.00001314131226748596,8.926404123405047e-6,0.000013365618835005317,0.0,1.0,1.0,0.05,2.0,2.0,0.0,0.5,1.0,0.0,1.0
poisson_1d,128,32,16,0,1000,7,0.001667022705078125,0.00003981590270996094,0.0007748603820800781,false,0.6665523151064683,0.9463512570817681,0.00003531474847451822,0.00005298121043788948,0.00003591751011898671,0.00005388550801635069,0.0,1.0,1.0,0.05,2.0,2.0,0.0,0.5,1.0,0.0,1.0
poisson_2d,32,32,32,0,1,9,0.0019466876983642578,0.000965118408203125,0.002434968948364258,false,0.49011535058764294,1.0118510463744883,0.00041729637750031014,0.0008514248268289827,0.00041476287710914914,0.0008462556347436434,0.0,1.0,1.0,0.05,2.0,2.0,0.0,0.5,1.0,0.0,1.0
poisson_1d,64,32,16,0,1000,4,0.001767873764038086,0.000026941299438476562,0.0003578662872314453,false,0.703111564272516,1.0022105059757866,0.00014372040407308268,0.00020440625837492084,0.00014539741646764722,0.0002067913882458819,0.0,1.0,1.0,0.05,2.0,2.0,0.0,0.5,1.0,0.0,1.0
poisson_1d,64,32,16,0,100,5,0.0012021064758300781,0.000028848648071289062,0.00036716461181640625,false,0.7105806168396468,1.012856843389123,0.00014593723620991305,0.00020537745155360177,0.00014539741646764722,0.00020461776330785888,0.0,1.0,1.0,0.05,2.0,2.0,0.0,0.5,1.0,0.0,1.0
poisson_2d,8,32,8,10000,10,5,10.653813123703003,0.000046253204345703125,0.0006818771362304688,false,0.16298766883313365,0.3725432430471624,0.02597305124087018,0.15935592813135638,0.007418007097193637,0.04551268909053585,0.0,1.0,1.0,0.05,2.0,2.0,0.0,0.5,1.0,0.0,1.0
drift_diffusion,128,128,16,10000,10,2,11.313962936401367,0.004216670989990234,0.10767889022827148,false,0.7512373945645878,2.123129829030252,0.001473088177489038,0.0019608823897042955,0.0009525133211054325,0.0012679258620472463,0.0,1.0,1.0,0.05,2.0,2.0,0.0,0.5,1.0,0.0,1.0
poisson_2d,256,32,256,0,10000,1,0.0071430206298828125,0.14592909812927246,0.16157317161560059,false,0.4797920800418068,0.963347235221196,6.197267840668729e-6,0.000012916569694374128,6.299580846651019e-6,0.00001312981416054659,0.0,1.0,1.0,0.05,2.0,2.0,0.0,0.5,1.0,0.0,1.0
wave,64,64,16,0,100,7,0.002062082290649414,0.0001900196075439453,0.040257930755615234,false,0.8719583690178,1.7441296574842944,0.0005133153008762402,0.0005886924411935559,0.0002556346352812184,0.0002931729820646975,0.0,1.0,1.0,0.05,2.0,2.0,0.0,0.5,1.0,0.0,1.0
poisson_2d,128,32,128,0,10,3,0.0017771720886230469,0.024457931518554688,0.03197908401489258,false,0.49796732502108165,1.003776655160605,0.000025348118285287407,0.00005090317579414328,0.000025298111418601268,0.00005080275381026306,0.0,1.0,1.0,0.05,2.0,2.0,0.0,0.5,1.0,0.0,1.0
poisson_2d,32,32,32,10000,10000,6,142.72966408729553,0.0008499622344970703,0.002527952194213867,false,0.00002656542695403734,0.000054844752421238364,1.2768282946750342e-6,0.04806353373801805,0.00041476287710914914,15.612882029910432,0.0,1.0,1.0,0.05,2.0,2.0,0.0,0.5,1.0,0.0,1.0
poisson_2d,8,32,8,0,10000,7,0.006856203079223633,0.0000457763671875,0.0008368492126464844,false,0.45863282348591244,1.048303596539228,0.007526122098231549,0.016409907256589373,0.007418007097193637,0.016174174017489374,0.0,1.0,1.0,0.05,2.0,2.0,0.0,0.5,1.0,0.0,1.0
drift_diffusion,256,256,16,10000,1000,3,24.582820177078247,0.012897014617919922,0.24037694931030273,false,0.009027032308146271,0.02556251219787735,0.00004628744192496391,0.005127647752317468,0.00023700549940490983,0.026255084873356014,0.0,1.0,1.0,0.05,2.0,2.0,0.0,0.5,1.0,0.0,1.0
heat,8,8,16,0,10,8,0.0013952255249023438,0.00012230873107910156,0.0027930736541748047,false,0.4111631074201681,1.1607408304939373,0.01621917839372627,0.039447066385632376,0.012171854008336707,0.02960346827979941,0.0,1.0,1.0,0.05,2.0,2.0,0.0,0.5,1.0,0.0,1.0
drift_diffusion,16,16,16,0,100,1,0.002178192138671875,0.0002961158752441406,0.008990049362182617,true,0.8162964704412724,2.248287454650729,0.08753440592946492,0.10723359600237604,0.06769679643284385,0.08293162948046119,0.0,1.0,1.0,0.05,2.0,2.0,0.0,0.5,1.0,0.0,1.0
poisson_1d,128,32,16,10000,1000,7,17.20917510986328,0.00004267692565917969,0.0005681514739990234,false,4.938676714766525e-6,7.01178708919978e-6,3.859578938007255e-8,0.007815006247299113,0.00003591751011898671,7.272699184959191,0.0,1.0,1.0,0.05,2.0,2.0,0.0,0.5,1.0,0.0,1.0
poisson_2d,256,32,256,0,100,1,0.0019729137420654297,0.12990903854370117,0.16167998313903809,false,0.4797920800418068,0.963347235221196,6.197267840668729e-6,0.000012916569694374128,6.299580846651019e-6,0.00001312981416054659,0.0,1.0,1.0,0.05,2.0,2.0,0.0,0.5,1.0,0.0,1.0
poisson_1d,64,32,16,10000,1,6,5.882675886154175,0.000029802322387695312,0.0003509521484375,false,0.10540659279418729,0.1502458501116357,0.000033819907586633535,0.0003208519191268131,0.00014539741646764722,0.0013793958481472244,0.0,1.0,1.0,0.05,2.0,2.0,0.0,0.5,1.0,0.0,1.0
drift_diffusion,128,128,16,10000,1000,2,24.995678901672363,0.00415492057800293,0.0959310531616211,false,0.007868431154705367,0.02223757897715998,0.0001496896566105394,0.019024079091169554,0.0009525133211054325,0.12105504926935935,0.0,1.0,1.0,0.05,2.0,2.0,0.0,0.5,1.0,0.0,1.0
wave,32,32,16,10000,10,9,10.718196153640747,0.00010609626770019531,0.016891002655029297,false,0.33132457482607125,0.6629729459820702,0.01308395741670374,0.039489848960259456,0.0010402908397117996,0.0031397937815445765,0.0,1.0,1.0,0.05,2.0,2.0,0.0,0.5,1.0,0.0,1.0
heat,64,64,16,10000,100,0,8.862431049346924,0.0014231204986572266,0.029499053955078125,false,0.00021483297277842227,0.0006093107065796128,0.000014443842355227926,0.06723289338884918,0.00016125998597565447,0.7506295886055732,0.0,1.0,1.0,0.05,2.0,2.0,0.0,0.5,1.0,0.0,1.0
drift_diffusion,64,64,16,10000,10,2,11.313962936401367,0.0017499923706054688,0.04060697555541992,false,0.7485673972170194,2.1073482118517717,0.005995626413113573,0.00800946773183519,0.003851464283566381,0.005145113583473087,0.0,1.0,1.0,0.05,2.0,2.0,0.0,0.5,1.0,0.0,1.0
wave,256,256,16,0,1000,1,0.0027892589569091797,0.0008509159088134766,0.20349907875061035,false,0.8668906926287758,1.7337946131111512,0.00003122422599491042,0.00003601864255829703,0.000015783443300198566,0.00001820695900233575,0.0,1.0,1.0,0.05,2.0,2.0,0.0,0.5,1.0,0.0,1.0
wave,128,128,16,0,0,1,0.002187013626098633,0.0004248619079589844,0.08705306053161621,false,0.8657668740771844,1.7315865927898517,0.00012603987852110687,0.00014558177529655657,0.00006338688741085187,0.00007321472940208708,0.0,1.0,1.0,0.05,2.0,2.0,0.0,0.5,1.0,0.0,1.0
drift_diffusion,256,256,16,10000,10,7,11.723608016967773,0.012128114700317383,0.2157001495361328,false,0.7324557357800298,2.074148849936613,0.0003397258960708405,0.00046381764723167726,0.00023700549940490983,0.0003235765491719584,0.0,1.0,1.0,0.05,2.0,2.0,0.0,0.5,1.0,0.0,1.0
wave,8,8,16,0,1000,4,0.002785205841064453,0.000029087066650390625,0.003481149673461914,false,0.8298967582848009,1.6729146181182974,0.043365711034681315,0.05225434441304231,0.018958173771005418,0.02284401473044364,0.0,1.0,1.0,0.05,2.0,2.0,0.0,0.5,1.0,0.0,1.0
drift_diffusion,32,32,16,10000,1,8,10.438159942626953,0.0007398128509521484,0.020370006561279297,false,0.6042819212443348,1.6883120361021777,0.020203705807059442,0.03343423838571251,0.015825675346876712,0.02618922524487998,0.0,1.0,1.0,0.05,2.0,2.0,0.0,0.5,1.0,0.0,1.0
poisson_2d,128,32,128,0,100,1,0.0019729137420654297,0.023078203201293945,0.030779123306274414,false,0.4779105425003459,0.9633472352762875,0.0000248872348893386,0.000052075090788189885,0.000025298111418601268,0.00005293482601627887,0.0,1.0,1.0,0.05,2.0,2.0,0.0,0.5,1.0,0.0,1.0
heat,256,256,16,10000,100,8,9.306427955627441,0.011512279510498047,0.1573350429534912,false,0.00039934553495387385,0.0011330007855802902,1.3180826392811857e-6,0.0033006069278653633,9.934186103617024e-6,0.024876166713024544,0.0,1.0,1.0,0.05,2.0,2.0,0.0,0.5,1.0,0.0,1.0
drift_diffusion,32,32,16,10000,0,1,0.003513813018798828,0.0006220340728759766,0.0174713134765625,false,0.8398415723255136,2.3464455664276342,0.02068028218755733,0.024624027755965706,0.015825675346876712,0.018843643692292536,0.0,1.0,1.0,0.05,2.0,2.0,0.0,0.5,1.0,0.0,1.0
heat,128,128,16,10000,1000,9,19.660496950149536,0.0043871402740478516,0.07876300811767578,false,0.0006066661415588227,0.0017210160693867437,1.7753393153171371e-6,0.0029263860197556563,0.00003992627534176886,0.06581259873704524,0.0,1.0,1.0,0.05,2.0,2.0,0.0,0.5,1.0,0.0,1.0
drift_diffusion,32,32,16,0,1,6,0.0022161006927490234,0.0006968975067138672,0.019443273544311523,false,0.8401662089749431,2.3473525734773624,0.020698057615927964,0.02463567017433482,0.015825675346876712,0.018836362588522875,0.0,1.0,1.0,0.05,2.0,2.0,0.0,0.5,1.0,0.0,1.0
wave,32,32,16,10000,10,3,10.671231985092163,0.00011324882507324219,0.01744365692138672,false,0.36472155108383214,0.7297995366390538,0.0015843702386195114,0.004344054344776954,0.0010402908397117996,0.002852287825110411,0.0,1.0,1.0,0.05,2.0,2.0,0.0,0.5,1.0,0.0,1.0
poisson_2d,8,32,8,10000,100,9,12.67064094543457,0.00003790855407714844,0.0006151199340820312,false,0.000011859224681773403,0.000027106799272624906,0.000030131433672546614,2.54075915423054,0.007418007097193637,625.5052329459545,0.0,1.0,1.0,0.05,2.0,2.0,0.0,0.5,1.0,0.0,1.0
heat,64,64,16,0,10000,9,0.0074422359466552734,0.001672983169555664,0.0271759033203125,false,0.43410849331460605,1.231221396664026,0.00020587274437959942,0.00047424260881806746,0.00016125998597565447,0.00037147392520327054,0.0,1.0,1.0,0.05,2.0,2.0,0.0,0.5,1.0,0.0,1.0
poisson_2d,32,32,32,10000,100,3,12.48266887664795,0.0007989406585693359,0.002434968948364258,false,0.00001312835259569169,0.000027103695681427997,2.058401727555867e-6,0.15679055788124477,0.00041476287710914914,31.592911150337468,0.0,1.0,1.0,0.05,2.0,2.0,0.0,0.5,1.0,0.0,1.0
wave,128,128,16,0,10,7,0.0018851757049560547,0.0004010200500488281,0.08700799942016602,false,0.8742203271269698,1.74849401487087,0.00012599876813952786,0.00014412701721728334,0.00006338688741085187,0.00007250676453516699,0.0,1.0,1.0,0.05,2.0,2.0,0.0,0.5,1.0,0.0,1.0
heat,128,128,16,0,100,4,0.0016529560089111328,0.0038928985595703125,0.07490396499633789,false,0.43613340119916805,1.2372416069428627,0.000050722855722153943,0.0001163012408191833,0.00003992627534176886,0.00009154601604002305,0.0,1.0,1.0,0.05,2.0,2.0,0.0,0.5,1.0,0.0,1.0
poisson_2d,64,32,64,10000,0,1,0.0029222965240478516,0.004725933074951172,0.009525775909423828,false,0.47414746781086364,0.9633472361871512,0.00010034835407670289,0.00021163954442277356,0.00010200512199543541,0.00021513374829647936,0.0,1.0,1.0,0.05,2.0,2.0,0.0,0.5,1.0,0.0,1.0
drift_diffusion,16,16,16,0,1000,3,0.002393960952758789,0.00028896331787109375,0.010526895523071289,true,0.8102666108468605,2.231679692434027,0.08752900995990678,0.108024949798221,0.06769679643284385,0.08354879187492333,0.0,1.0,1.0,0.05,2.0,2.0,0.0,0.5,1.0,0.0,1.0
poisson_2d,256,32,256,0,10,5,0.0019350051879882812,0.14215707778930664,0.1605532169342041,false,0.5067125946769261,1.0173994057826905,6.343511051820516e-6,0.000012518952791897864,6.299580846651019e-6,0.000012432256298400389,0.0,1.0,1.0,0.05,2.0,2.0,0.0,0.5,1.0,0.0,1.0
wave,32,32,16,0,10,3,0.0021619796752929688,0.00010585784912109375,0.016414880752563477,false,0.8569336233662993,1.7147047094000851,0.0021298921188067374,0.0024854808595791405,0.0010402908397117996,0.0012139689835313225,0.0,1.0,1.0,0.05,2.0,2.0,0.0,0.5,1.0,0.0,1.0
poisson_2d,32,32,32,10000,10,0,10.6875901222229,0.0009243488311767578,0.0024509429931640625,false,0.06738482657427283,0.13911706131462773,0.0002903234055670259,0.00430843886267223,0.00041476287710914914,0.0061551375613023065,0.0,1.0,1.0,0.05,2.0,2.0,0.0,0.5,1.0,0.0,1.0
poisson_1d,64,32,16,0,1,0,0.0015637874603271484,0.000032901763916015625,0.000392913818359375,false,0.7042261065520165,1.0037991670626303,0.00014711738143711805,0.00020890645783841222,0.00014539741646764722,0.00020646411019826014,0.0,1.0,1.0,0.05,2.0,2.0,0.0,0.5,1.0,0.0,1.0
poisson_1d,256,32,16,10000,10,8,6.506143093109131,0.00006508827209472656,0.0006232261657714844,false,0.00016531448821936862,0.00023424795450002487,2.3054714343961904e-7,0.0013945973273289194,8.926404123405047e-6,0.05399650217925552,0.0,1.0,1.0,0.05,2.0,2.0,0.0,0.5,1.0,0.0,1.0
drift_diffusion,32,32,16,10000,10,2,11.313962936401367,0.001512289047241211,0.02192378044128418,false,0.7431841491807297,2.0763929880914764,0.02466346768386622,0.03318621328382029,0.015825675346876712,0.02129441991506761,0.0,1.0,1.0,0.05,2.0,2.0,0.0,0.5,1.0,0.0,1.0
poisson_2d,64,32,64,0,10000,3,0.006891965866088867,0.004737138748168945,0.009204864501953125,false,0.4940463224185517,1.0037766550726126,0.00010220676440724848,0.00020687688536351413,0.00010200512199543541,0.0002064687406154145,0.0,1.0,1.0,0.05,2.0,2.0,0.0,0.5,1.0,0.0,1.0
heat,16,16,16,10000,10000,9,94.48318481445312,0.00033020973205566406,0.007004976272583008,false,0.00007291867708106692,0.00020647047314718115,0.00010137146945652651,1.3901989656736138,0.002749210983530936,37.702425408386745,0.0,1.0,1.0,0.05,2.0,2.0,0.0,0.5,1.0,0.0,1.0
heat,256,256,16,10000,1,4,6.8093249797821045,0.012217283248901367,0.17139101028442383,false,0.4345714250621613,1.2329417080950855,0.000012591734801906208,0.000028975063880707476,9.934186103617024e-6,0.00002285973152099458,0.0,1.0,1.0,0.05,2.0,2.0,0.0,0.5,1.0,0.0,1.0
poisson_1d,16,32,16,10000,10,0,6.966620922088623,0.000021696090698242188,0.00038695335388183594,false,0.0004782112252753234,0.0006984722008946113,0.00007390951273779321,0.154554115067511,0.0025081860605056672,5.2449334685966225,0.0,1.0,1.0,0.05,2.0,2.0,0.0,0.5,1.0,0.0,1.0
poisson_2d,8,32,8,10000,100,1,12.403894186019897,0.00004076957702636719,0.0006270408630371094,false,0.000011483768663039076,0.000026248614086946444,0.00002860990967811243,2.4913345537815754,0.007418007097193637,645.9558107439211,0.0,1.0,1.0,0.05,2.0,2.0,0.0,0.5,1.0,0.0,1.0
poisson_1d,128,32,16,0,1,0,0.0015637874603271484,0.00004100799560546875,0.0006530284881591797,false,0.7070151316135906,1.0037991668688158,0.00003634235119615262,0.000051402508335585424,0.00003591751011898671,0.000050801614439303016,0.0,1.0,1.0,0.05,2.0,2.0,0.0,0.5,1.0,0.0,1.0
wave,64,64,16,0,100,3,0.0022118091583251953,0.0001819133758544922,0.03562116622924805,false,0.8615842967213295,1.7233789796950076,0.0005130337230707849,0.0005954538923505011,0.0002556346352812184,0.00029670298803496036,0.0,1.0,1.0,0.05,2.0,2.0,0.0,0.5,1.0,0.0,1.0
heat,32,32,16,10000,100,0,8.862431049346924,0.0005800724029541016,0.01281428337097168,false,0.00022205681329085983,0.0006294887189976436,0.00005787612892699254,0.26063658245494936,0.0006581365706071615,2.963820658566368,0.0,1.0,1.0,0.05,2.0,2.0,0.0,0.5,1.0,0.0,1.0
drift_diffusion,128,128,16,0,100,8,0.0020673274993896484,0.004282236099243164,0.09444570541381836,false,0.8558356310693186,2.41874295690958,0.0012508510702975725,0.0014615552623518423,0.0009525133211054325,0.001112962917792194,0.0,1.0,1.0,0.05,2.0,2.0,0.0,0.5,1.0,0.0,1.0
drift_diffusion,256,256,16,10000,1,7,10.67147707939148,0.0117950439453125,0.21593594551086426,false,0.6906936813887565,1.9558881648804674,0.00030211272172368293,0.0004374047857455915,0.00023700549940490983,0.0003431412589852713,0.0,1.0,1.0,0.05,2.0,2.0,0.0,0.5,1.0,0.0,1.0
wave,128,128,16,10000,10,6,10.830904006958008,0.00040602684020996094,0.08808088302612305,false,0.287766764428003,0.5755510935494882,0.00008177954895599441,0.0002841869147694955,0.00006338688741085187,0.00022027174519909074,0.0,1.0,1.0,0.05,2.0,2.0,0.0,0.5,1.0,0.0,1.0
poisson_1d,8,32,16,0,100,5,0.0012021064758300781,0.0000209808349609375,0.0003681182861328125,false,0.6699407314469691,1.0128551820350793,0.011256458224247503,0.016802170245620505,0.011214972573078455,0.01674024588541711,0.0,1.0,1.0,0.05,2.0,2.0,0.0,0.5,1.0,0.0,1.0
wave,32,32,16,10000,10000,3,144.66152095794678,0.00009489059448242188,0.015592098236083984,false,0.00019965754020808047,0.0003995102014052868,0.000055299270263940724,0.2769706078031456,0.0010402908397117996,5.210375919823019,0.0,1.0,1.0,0.05,2.0,2.0,0.0,0.5,1.0,0.0,1.0
heat,16,16,16,10000,1,9,7.102270841598511,0.00035500526428222656,0.005460977554321289,false,0.42073037002923813,1.1913051915457813,0.0035883057064086386,0.00852875371502008,0.002749210983530936,0.006534377309961918,0.0,1.0,1.0,0.05,2.0,2.0,0.0,0.5,1.0,0.0,1.0
poisson_2d,16,32,16,0,10,0,0.001832723617553711,0.0001850128173828125,0.001394033432006836,false,0.46494753639460346,0.9918880776418203,0.0017090669237529031,0.003675827464332252,0.00171723760469867,0.0036934008039161666,0.0,1.0,1.0,0.05,2.0,2.0,0.0,0.5,1.0,0.0,1.0
heat,256,256,16,10000,1000,7,19.53375792503357,0.012720823287963867,0.1642589569091797,false,0.00007225037258013057,0.00020498471054950383,4.497936463001613e-7,0.00622548549214313,9.934186103617024e-6,0.13749667647160693,0.0,1.0,1.0,0.05,2.0,2.0,0.0,0.5,1.0,0.0,1.0
heat,16,16,16,0,1000,6,0.0023431777954101562,0.0002789497375488281,0.006407976150512695,false,0.42736021025592824,1.2100776967980789,0.0035875592280966984,0.00839469642236524,0.002749210983530936,0.006433006437086287,0.0,1.0,1.0,0.05,2.0,2.0,0.0,0.5,1.0,0.0,1.0
heat,64,64,16,0,100,2,0.0015850067138671875,0.0014729499816894531,0.02421712875366211,false,0.43603322351733187,1.2366803292693462,0.00020583400598953448,0.00047206037266871875,0.00016125998597565447,0.000369834171522126,0.0,1.0,1.0,0.05,2.0,2.0,0.0,0.5,1.0,0.0,1.0
heat,256,256,16,10000,100,4,8.9389328956604,0.012216806411743164,0.17282414436340332,false,0.0002984802238206499,0.0008468313740080711,9.76340269888339e-7,0.0032710383870345563,9.934186103617024e-6,0.033282560487434255,0.0,1.0,1.0,0.05,2.0,2.0,0.0,0.5,1.0,0.0,1.0
poisson_1d,16,32,16,10000,100,2,7.93609094619751,0.000025033950805664062,0.0003390312194824219,false,4.805701037966209e-6,7.019175634986887e-6,3.5107193595108224e-6,0.7305322015877042,0.0025081860605056672,521.9188710737923,0.0,1.0,1.0,0.05,2.0,2.0,0.0,0.5,1.0,0.0,1.0
wave,256,256,16,10000,10,9,10.718196153640747,0.0008347034454345703,0.21764898300170898,false,0.3365252633671505,0.6730556617610746,0.00010019673773862698,0.00029773912584182984,0.000015783443300198566,0.00004690121372248584,0.0,1.0,1.0,0.05,2.0,2.0,0.0,0.5,1.0,0.0,1.0
wave,8,8,16,10000,1,3,9.63900113105774,0.000026941299438476562,0.0034880638122558594,false,0.8281553465569915,1.6694042620329983,0.04336048400191272,0.05235791108779463,0.018958173771005418,0.022892050205100937,0.0,1.0,1.0,0.05,2.0,2.0,0.0,0.5,1.0,0.0,1.0
drift_diffusion,8,8,16,10000,10000,6,114.56074023246765,0.00015211105346679688,0.004734992980957031,true,0.00524381893172913,0.014099774994361393,0.027399358584618373,5.225077170157554,0.26151842143576154,49.871748975421205,0.0,1.0,1.0,0.05,2.0,2.0,0.0,0.5,1.0,0.0,1.0
wave,128,128,16,0,1,0,0.002257108688354492,0.0004191398620605469,0.09764409065246582,false,0.8654947985542127,1.731042425136976,0.00012596419978635966,0.0001455401002949754,0.00006338688741085187,0.0000732377450641391,0.0,1.0,1.0,0.05,2.0,2.0,0.0,0.5,1.0,0.0,1.0
heat,64,64,16,10000,1000,3,19.418092012405396,0.001546621322631836,0.02497720718383789,false,0.00009489983909368683,0.00026915555496271406,4.604646878594653e-6,0.0485211241933088,0.00016125998597565447,1.6992651148363465,0.0,1.0,1.0,0.05,2.0,2.0,0.0,0.5,1.0,0.0,1.0
poisson_2d,32,32,32,0,1000,4,0.002780914306640625,0.0007340908050537109,0.002443552017211914,false,0.4896896734960457,1.0109722291531262,0.00041594752052517267,0.0008494104389737175,0.00041476287710914914,0.0008469912672407994,0.0,1.0,1.0,0.05,2.0,2.0,0.0,0.5,1.0,0.0,1.0
poisson_1d,8,32,16,0,1,4,0.0016210079193115234,0.0000209808349609375,0.0004532337188720703,false,0.6628983628173165,1.002208121443706,0.011085319992887461,0.01672250319909507,0.011214972573078455,0.016918087601566618,0.0,1.0,1.0,0.05,2.0,2.0,0.0,0.5,1.0,0.0,1.0
poisson_2d,128,32,128,10000,1,8,9.519500970840454,0.025493144989013672,0.03178071975708008,false,0.28213716101980774,0.568717426937565,0.000020993549227143485,0.00007440901847619286,0.000025298111418601268,0.00008966600261787272,0.0,1.0,1.0,0.05,2.0,2.0,0.0,0.5,1.0,0.0,1.0
heat,8,8,16,10000,1,2,6.941212177276611,0.0001270771026611328,0.002766132354736328,false,0.4061235690650789,1.1465138781481992,0.01621325561719714,0.03992197659082194,0.012171854008336707,0.029970814144958516,0.0,1.0,1.0,0.05,2.0,2.0,0.0,0.5,1.0,0.0,1.0
heat,16,16,16,0,1000,2,0.002081155776977539,0.0002601146697998047,0.00551605224609375,false,0.4256369016554852,1.2051981192144576,0.003588900926176133,0.008431836883074167,0.002749210983530936,0.006459052241095803,0.0,1.0,1.0,0.05,2.0,2.0,0.0,0.5,1.0,0.0,1.0
poisson_1d,16,32,16,0,1,7,0.001271963119506836,0.000023126602172851562,0.00034499168395996094,false,0.6479225628817052,0.9463514752183183,0.0024662183537875137,0.0038063473863585518,0.0025081860605056672,0.0038711201063136923,0.0,1.0,1.0,0.05,2.0,2.0,0.0,0.5,1.0,0.0,1.0
drift_diffusion,256,256,16,10000,1,1,10.784044027328491,0.013179779052734375,0.26467394828796387,false,0.6765203944550691,1.9157526244549117,0.0003024086840081838,0.000447006012659487,0.00023700549940490983,0.0003503301620283237,0.0,1.0,1.0,0.05,2.0,2.0,0.0,0.5,1.0,0.0,1.0
drift_diffusion,256,256,16,10000,10,5,11.479543924331665,0.011867761611938477,0.21629786491394043,false,0.777621721261993,2.2020486973504667,0.0003507508838059972,0.0004510559237424177,0.00023700549940490983,0.0003047825091874702,0.0,1.0,1.0,0.05,2.0,2.0,0.0,0.5,1.0,0.0,1.0
wave,8,8,16,10000,1000,5,28.86086130142212,0.000027894973754882812,0.003406047821044922,false,0.00027016591949155137,0.0005446033033902801,0.0007176671037654346,2.6563939119923368,0.018958173771005418,70.1723363430792,0.0,1.0,1.0,0.05,2.0,2.0,0.0,0.5,1.0,0.0,1.0
heat,16,16,16,0,10,7,0.0016489028930664062,0.0002620220184326172,0.00547480583190918,false,0.4388354852153093,1.2425701328268255,0.0035847309416849114,0.008168735351759682,0.002749210983530936,0.0062647873204284485,0.0,1.0,1.0,0.05,2.0,2.0,0.0,0.5,1.0,0.0,1.0
heat,32,32,16,10000,0,2,0.0026750564575195312,0.0005731582641601562,0.011453866958618164,false,0.4325832218824425,1.2262909395442572,0.0008468495516664562,0.001957656952068736,0.0006581365706071615,0.0015214103028388245,0.0,1.0,1.0,0.05,2.0,2.0,0.0,0.5,1.0,0.0,1.0
poisson_1d,64,32,16,10000,10,2,6.502956867218018,0.00003814697265625,0.00046896934509277344,false,0.00040564306893013934,0.000578200908668993,6.766232095258138e-6,0.016680260587471702,0.00014539741646764722,0.35843683179670455,0.0,1.0,1.0,0.05,2.0,2.0,0.0,0.5,1.0,0.0,1.0
wave,8,8,16,0,100,3,0.0022118091583251953,0.000026226043701171875,0.0034868717193603516,false,0.8269327413745792,1.6669397216411646,0.04335600371307377,0.05242990335707921,0.018958173771005418,0.02292589568952362,0.0,1.0,1.0,0.05,2.0,2.0,0.0,0.5,1.0,0.0,1.0
drift_diffusion,256,256,16,10000,10,1,11.380289793014526,0.013767719268798828,0.2513432502746582,false,0.7537822000968,2.134540569565562,0.00036114017325293644,0.00047910414070080073,0.00023700549940490983,0.0003144217247030691,0.0,1.0,1.0,0.05,2.0,2.0,0.0,0.5,1.0,0.0,1.0
poisson_1d,256,32,16,10000,1,8,5.730218172073364,0.000051975250244140625,0.0007171630859375,false,0.1287138608817548,0.1823854578755504,3.822635899902141e-6,0.000029698712117833745,8.926404123405047e-6,0.00006935076037852236,0.0,1.0,1.0,0.05,2.0,2.0,0.0,0.5,1.0,0.0,1.0
poisson_1d,8,32,16,0,1000,1,0.0017862319946289062,0.00002193450927734375,0.00038814544677734375,false,0.6901872614759494,1.0434650582457556,0.01155048862603169,0.016735296738643417,0.011214972573078455,0.016249173520090032,0.0,1.0,1.0,0.05,2.0,2.0,0.0,0.5,1.0,0.0,1.0
wave,16,16,16,10000,10000,8,143.98807382583618,0.00005817413330078125,0.008628129959106445,false,0.00030595548738580414,0.000613109626213717,0.00025553653773575783,0.835208219074847,0.004322163832073661,14.126773371520153,0.0,1.0,1.0,0.05,2.0,2.0,0.0,0.5,1.0,0.0,1.0
drift_diffusion,64,64,16,10000,10000,8,114.13912391662598,0.0017199516296386719,0.040786027908325195,false,0.015598282300593885,0.0439118941545165,0.000595094792362119,0.038151302873872056,0.003851464283566381,0.24691592377576835,0.0,1.0,1.0,0.05,2.0,2.0,0.0,0.5,1.0,0.0,1.0
poisson_2d,256,32,256,10000,10000,8,142.34719109535217,0.1415119171142578,0.15155291557312012,false,8.749849431392313e-6,0.000017568325132834754,1.7326937833883313e-8,0.001980255542629166,6.299580846651019e-6,0.7199644857861979,0.0,1.0,1.0,0.05,2.0,2.0,0.0,0.5,1.0,0.0,1.0
heat,256,256,16,10000,0,2,0.0026750564575195312,0.011530160903930664,0.16247296333312988,false,0.4386110516738109,1.2444027104698303,0.000012599517194912857,0.000028725945565737692,9.934186103617024e-6,0.000022649192412518006,0.0,1.0,1.0,0.05,2.0,2.0,0.0,0.5,1.0,0.0,1.0
poisson_2d,128,32,128,0,1,2,0.001962900161743164,0.02572488784790039,0.04276299476623535,false,0.5063877040662664,1.0207500176453872,0.00002542621053901658,0.000050210955627171534,0.000025298111418601268,0.000049957989136503054,0.0,1.0,1.0,0.05,2.0,2.0,0.0,0.5,1.0,0.0,1.0
heat,256,256,16,10000,100,6,9.302517890930176,0.012904882431030273,0.16953301429748535,false,0.00048527310273776186,0.0013767896683416657,7.574454184367452e-7,0.0015608642106131878,9.934186103617024e-6,0.02047133057152632,0.0,1.0,1.0,0.05,2.0,2.0,0.0,0.5,1.0,0.0,1.0
drift_diffusion,8,8,16,10000,10,5,11.479543924331665,0.00014519691467285156,0.004581928253173828,true,0.7220996291395622,1.9416082871920102,0.8997690896649617,1.2460456332557688,0.26151842143576154,0.3621639049273312,0.0,1.0,1.0,0.05,2.0,2.0,0.0,0.5,1.0,0.0,1.0
drift_diffusion,16,16,16,0,1000,0,0.0028009414672851562,0.0003039836883544922,0.00932002067565918,true,0.8130949398971672,2.239469627772093,0.08755592824651669,0.10768229385069097,0.06769679643284385,0.08325816963195652,0.0,1.0,1.0,0.05,2.0,2.0,0.0,0.5,1.0,0.0,1.0
poisson_2d,8,32,8,0,100,2,0.001967191696166992,0.00005221366882324219,0.0010437965393066406,false,0.44657571350806974,1.0207444880184446,0.007455497724026479,0.016694812320759478,0.007418007097193637,0.016610860986867326,0.0,1.0,1.0,0.05,2.0,2.0,0.0,0.5,1.0,0.0,1.0
heat,8,8,16,10000,1000,9,19.660496950149536,0.0001227855682373047,0.002938985824584961,false,0.0005799307008303813,0.0016371829844716488,0.0005449819515773008,0.9397363353877755,0.012171854008336707,20.988462916183227,0.0,1.0,1.0,0.05,2.0,2.0,0.0,0.5,1.0,0.0,1.0
poisson_1d,64,32,16,10000,10000,5,82.86012315750122,0.000027894973754882812,0.0003769397735595703,false,7.1382619412817314e-6,0.000010174830674790126,3.6272276430547817e-7,0.0508138770031276,0.00014539741646764722,20.368742091790356,0.0,1.0,1.0,0.05,2.0,2.0,0.0,0.5,1.0,0.0,1.0
poisson_1d,16,32,16,0,10000,0,0.004194974899291992,0.00002288818359375,0.00042819976806640625,false,0.6872543528252469,1.0037992314293387,0.0025379212851637844,0.003692841339935637,0.0025081860605056672,0.0036495746446635327,0.0,1.0,1.0,0.05,2.0,2.0,0.0,0.5,1.0,0.0,1.0
heat,32,32,16,10000,1000,0,19.752707958221436,0.0005691051483154297,0.011173248291015625,false,0.00006154361088308272,0.00017446440036287693,0.000023041532225527395,0.3743935705895293,0.0006581365706071615,10.693824446803827,0.0,1.0,1.0,0.05,2.0,2.0,0.0,0.5,1.0,0.0,1.0
poisson_2d,64,32,64,0,100,9,0.0020127296447753906,0.0043218135833740234,0.008878946304321289,false,0.4980204392688719,1.0118510512129457,0.00010262809459647458,0.00020607205348266354,0.00010200512199543541,0.00020482115582482095,0.0,1.0,1.0,0.05,2.0,2.0,0.0,0.5,1.0,0.0,1.0
poisson_1d,128,32,16,10000,1000,8,17.064255952835083,0.000051021575927734375,0.0005788803100585938,false,0.00013091666023534938,0.0001858716010413679,3.240335090124206e-8,0.000247511285752063,0.00003591751011898671,0.2743540054748589,0.0,1.0,1.0,0.05,2.0,2.0,0.0,0.5,1.0,0.0,1.0
heat,32,32,16,10000,10000,6,93.10778307914734,0.00061798095703125,0.012127876281738281,false,0.00015837958081293165,0.00044897590829931917,0.000027376884256685882,0.17285614797152743,0.0006581365706071615,4.155438265644212,0.0,1.0,1.0,0.05,2.0,2.0,0.0,0.5,1.0,0.0,1.0
poisson_2d,16,32,16,10000,10,5,10.653813123703003,0.0001609325408935547,0.001094818115234375,false,0.1745341923846153,0.3723396104205125,0.0021623909618579255,0.01238949762401131,0.00171723760469867,0.009838975281785753,0.0,1.0,1.0,0.05,2.0,2.0,0.0,0.5,1.0,0.0,1.0
poisson_1d,16,32,16,10000,1,0,6.092587947845459,0.00002002716064453125,0.0003368854522705078,false,0.10476313406339637,0.15301635125722676,0.0006482485607527097,0.006187754562214872,0.0025081860605056672,0.023941495096813935,0.0,1.0,1.0,0.05,2.0,2.0,0.0,0.5,1.0,0.0,1.0
heat,128,128,16,10000,1000,6,19.479942798614502,0.003908634185791016,0.07485628128051758,false,0.00039681922218062874,0.0011257134875858126,1.8511566769147623e-6,0.004664987413517143,0.00003992627534176886,0.10061577945330656,0.0,1.0,1.0,0.05,2.0,2.0,0.0,0.5,1.0,0.0,1.0
heat,128,128,16,0,10000,6,0.0068798065185546875,0.004770040512084961,0.07594585418701172,false,0.4396598981397311,1.2472457220361453,0.00005072912237985006,0.00011538264598270797,0.00003992627534176886,0.00009081172858999214,0.0,1.0,1.0,0.05,2.0,2.0,0.0,0.5,1.0,0.0,1.0
wave,16,16,16,10000,1,4,9.316441059112549,0.000050067901611328125,0.007253885269165039,false,0.8480269352757355,1.6993762123653098,0.009199416299479903,0.010848023708691182,0.004322163832073661,0.005096729422477968,0.0,1.0,1.0,0.05,2.0,2.0,0.0,0.5,1.0,0.0,1.0
wave,64,64,16,0,1000,0,0.0028710365295410156,0.00019097328186035156,0.03395199775695801,false,0.8632045774276179,1.7266199367563755,0.0005131829017622218,0.0005945090134849911,0.0002556346352812184,0.0002961460608133233,0.0,1.0,1.0,0.05,2.0,2.0,0.0,0.5,1.0,0.0,1.0
heat,16,16,16,10000,1000,5,19.93030095100403,0.0002570152282714844,0.005712747573852539,false,0.0001359841549729111,0.00038504144537019556,0.00007980804667710578,0.5868922500047551,0.002749210983530936,20.217142093331205,0.0,1.0,1.0,0.05,2.0,2.0,0.0,0.5,1.0,0.0,1.0
poisson_1d,64,32,16,0,10,3,0.0011699199676513672,0.00003504753112792969,0.00045108795166015625,false,0.6920864856782221,0.9864954329235568,0.0001423256966492362,0.00020564727038378978,0.00014539741646764722,0.0002100856171539927,0.0,1.0,1.0,0.05,2.0,2.0,0.0,0.5,1.0,0.0,1.0
drift_diffusion,64,64,16,10000,1,0,10.739435195922852,0.001522064208984375,0.037396907806396484,false,0.6871067808729988,1.9343258221065098,0.004916795993131572,0.00715579605674182,0.003851464283566381,0.005605335867407579,0.0,1.0,1.0,0.05,2.0,2.0,0.0,0.5,1.0,0.0,1.0
wave,128,128,16,0,1,5,0.0021131038665771484,0.00043010711669921875,0.09306025505065918,false,0.8661202711810707,1.732293408568259,0.00012596166615288465,0.00014543207259324283,0.00006338688741085187,0.00007318485609904427,0.0,1.0,1.0,0.05,2.0,2.0,0.0,0.5,1.0,0.0,1.0
heat,16,16,16,10000,10,5,7.720088005065918,0.00024890899658203125,0.005702972412109375,false,0.08513234871369285,0.24105369190263148,0.002223841376825292,0.026122166373022934,0.002749210983530936,0.03229337643175754,0.0,1.0,1.0,0.05,2.0,2.0,0.0,0.5,1.0,0.0,1.0
drift_diffusion,64,64,16,10000,100,0,12.665422916412354,0.0017330646514892578,0.04129385948181152,false,0.1720207548587667,0.48426852612166105,0.01235281073048488,0.07181000188394032,0.003851464283566381,0.022389532511518893,0.0,1.0,1.0,0.05,2.0,2.0,0.0,0.5,1.0,0.0,1.0
heat,256,256,16,0,1000,8,0.002287149429321289,0.012785196304321289,0.15671181678771973,false,0.4384964962382153,1.2440777002038779,0.000012597424522627299,0.00002872867772193939,9.934186103617024e-6,0.00002265510942240284,0.0,1.0,1.0,0.05,2.0,2.0,0.0,0.5,1.0,0.0,1.0
heat,128,128,16,10000,0,0,0.0072209835052490234,0.004681825637817383,0.07712173461914062,false,0.4345581207887809,1.2327727851076762,0.000050696370540610114,0.00011666188736408706,0.00003992627534176886,0.00009187787186969912,0.0,1.0,1.0,0.05,2.0,2.0,0.0,0.5,1.0,0.0,1.0
drift_diffusion,16,16,16,0,1000,9,0.0025930404663085938,0.00029397010803222656,0.008592844009399414,true,0.8124992643060823,2.2378289861584477,0.08755476093470416,0.10775980333899819,0.06769679643284385,0.08331920951419015,0.0,1.0,1.0,0.05,2.0,2.0,0.0,0.5,1.0,0.0,1.0
wave,16,16,16,0,0,0,0.002106904983520508,0.00005078315734863281,0.007149934768676758,false,0.8489552395565414,1.7012364577738186,0.009200603291320593,0.010837559935582235,0.004322163832073661,0.005091156318596229,0.0,1.0,1.0,0.05,2.0,2.0,0.0,0.5,1.0,0.0,1.0
poisson_1d,128,32,16,0,1,9,0.0014951229095458984,0.000041961669921875,0.0005660057067871094,false,0.7160752050627486,1.0166623911102532,0.00003636569666766397,0.00005078474496889931,0.00003591751011898671,0.000050158851842718545,0.0,1.0,1.0,0.05,2.0,2.0,0.0,0.5,1.0,0.0,1.0
drift_diffusion,128,128,16,0,100,5,0.0020170211791992188,0.004111766815185547,0.09601306915283203,false,0.8531667436150674,2.411200208631282,0.0012504379090505244,0.0014656430509142045,0.0009525133211054325,0.0011164445030632702,0.0,1.0,1.0,0.05,2.0,2.0,0.0,0.5,1.0,0.0,1.0
heat,64,64,16,0,1,6,0.003011941909790039,0.0016870498657226562,0.02565312385559082,false,0.4379146534220049,1.242016453281272,0.0002057584628710025,0.0004698597346837794,0.00016125998597565447,0.0003682452384626032,0.0,1.0,1.0,0.05,2.0,2.0,0.0,0.5,1.0,0.0,1.0
drift_diffusion,8,8,16,0,10000,3,0.006175041198730469,0.00014710426330566406,0.004602193832397461,true,0.7614612094579487,2.047445165455221,0.360536462225699,0.47347974886645805,0.26151842143576154,0.3434428677226055,0.0,1.0,1.0,0.05,2.0,2.0,0.0,0.5,1.0,0.0,1.0
heat,16,16,16,10000,1,0,6.8913280963897705,0.0002601146697998047,0.00543212890625,false,0.42226170021352133,1.1956411789820591,0.0035857378031870623,0.008491742920027776,0.002749210983530936,0.006510680419608898,0.0,1.0,1.0,0.05,2.0,2.0,0.0,0.5,1.0,0.0,1.0
poisson_2d,8,32,8,10000,1000,5,27.73399782180786,0.00004506111145019531,0.0006959438323974609,false,6.264213112819497e-6,0.000014318201400730272,0.000021424096751707672,3.420077887759276,0.007418007097193637,1184.188175509949,0.0,1.0,1.0,0.05,2.0,2.0,0.0,0.5,1.0,0.0,1.0
wave,8,8,16,10000,1000,0,28.052139043807983,0.000027179718017578125,0.0032939910888671875,false,0.001235939992423264,0.002491420842172198,0.000754469666858723,0.6104419886756799,0.018958173771005418,15.339073002915992,0.0,1.0,1.0,0.05,2.0,2.0,0.0,0.5,1.0,0.0,1.0
drift_diffusion,128,128,16,10000,1000,6,24.568734884262085,0.0045850276947021484,0.09674978256225586,false,0.007553612383307283,0.021347845413402372,0.0001276370726612105,0.016897487742854503,0.0009525133211054325,0.12610037062669216,0.0,1.0,1.0,0.05,2.0,2.0,0.0,0.5,1.0,0.0,1.0
heat,8,8,16,0,1000,8,0.002287149429321289,0.00011873245239257812,0.002808094024658203,false,0.4111631074201681,1.1607408304939373,0.01621917839372627,0.039447066385632376,0.012171854008336707,0.02960346827979941,0.0,1.0,1.0,0.05,2.0,2.0,0.0,0.5,1.0,0.0,1.0
wave,64,64,16,0,1000,2,0.0027027130126953125,0.0001971721649169922,0.037867069244384766,false,0.8651402975940691,1.7304918497637602,0.0005133171999622692,0.0005933340538982982,0.0002556346352812184,0.0002954834446992368,0.0,1.0,1.0,0.05,2.0,2.0,0.0,0.5,1.0,0.0,1.0
poisson_2d,64,32,64,0,100,5,0.0019919872283935547,0.004235029220581055,0.008203983306884766,false,0.500751269765354,1.0173994052375444,0.0001027164321722949,0.0002051246564395664,0.00010200512199543541,0.0002037041704222413,0.0,1.0,1.0,0.05,2.0,2.0,0.0,0.5,1.0,0.0,1.0
drift_diffusion,32,32,16,10000,10,9,11.143492698669434,0.0006170272827148438,0.017738819122314453,false,0.6480809707927312,1.810682836754501,0.02275839861838982,0.03511659753032371,0.015825675346876712,0.02441928718801723,0.0,1.0,1.0,0.05,2.0,2.0,0.0,0.5,1.0,0.0,1.0
drift_diffusion,64,64,16,10000,10,9,11.143492698669434,0.001611948013305664,0.04169821739196777,false,0.6543348091020585,1.8420669869406954,0.005383543326951582,0.008227505631771905,0.003851464283566381,0.0058860757978804945,0.0,1.0,1.0,0.05,2.0,2.0,0.0,0.5,1.0,0.0,1.0
poisson_1d,64,32,16,10000,1,0,6.092587947845459,0.00003123283386230469,0.00038504600524902344,false,0.10737111765859371,0.15304607067179088,0.00003745499623530314,0.00034883679197974057,0.00014539741646764722,0.0013541576136886738,0.0,1.0,1.0,0.05,2.0,2.0,0.0,0.5,1.0,0.0,1.0
poisson_2d,64,32,64,0,1000,1,0.003052949905395508,0.0045087337493896484,0.008826971054077148,false,0.47414746781086364,0.9633472361871512,0.00010034835407670289,0.00021163954442277356,0.00010200512199543541,0.00021513374829647936,0.0,1.0,1.0,0.05,2.0,2.0,0.0,0.5,1.0,0.0,1.0
heat,16,16,16,0,1,5,0.002737283706665039,0.0002880096435546875,0.007334232330322266,false,0.423610059590164,1.1994590814675685,0.003586653019608964,0.008466874047039849,0.002749210983530936,0.006489956792316861,0.0,1.0,1.0,0.05,2.0,2.0,0.0,0.5,1.0,0.0,1.0
drift_diffusion,256,256,16,10000,1000,4,25.050506830215454,0.012865066528320312,0.23559808731079102,false,0.008888052910886067,0.025168954003285355,0.000036341893546773936,0.004088847570007381,0.00023700549940490983,0.026665626519237227,0.0,1.0,1.0,0.05,2.0,2.0,0.0,0.5,1.0,0.0,1.0
heat,16,16,16,0,100,4,0.0016529560089111328,0.0003218650817871094,0.005754232406616211,false,0.42392204704533065,1.2003424792479838,0.0035871236082081026,0.008461752893509039,0.002749210983530936,0.006485180477619646,0.0,1.0,1.0,0.05,2.0,2.0,0.0,0.5,1.0,0.0,1.0
poisson_1d,128,32,16,10000,10,2,6.502956867218018,0.00005507469177246094,0.0006690025329589844,false,0.000407258882577531,0.0005782141127563277,1.674076557795088e-6,0.004110595568105204,0.00003591751011898671,0.08819331303876515,0.0,1.0,1.0,0.05,2.0,2.0,0.0,0.5,1.0,0.0,1.0
heat,128,128,16,0,1000,7,0.002293825149536133,0.004453897476196289,0.07422590255737305,false,0.4510327396457412,1.2795086779613591,0.00005069075181512684,0.00011238818684191603,0.00003992627534176886,0.00008852190059002926,0.0,1.0,1.0,0.05,2.0,2.0,0.0,0.5,1.0,0.0,1.0
heat,32,32,16,10000,1,9,7.102270841598511,0.0005900859832763672,0.011595010757446289,false,0.4276831715878512,1.21240023140856,0.0008467170414719296,0.001979776380558391,0.0006581365706071615,0.0015388414001975112,0.0,1.0,1.0,0.05,2.0,2.0,0.0,0.5,1.0,0.0,1.0
poisson_1d,16,32,16,10000,100,7,7.946553707122803,0.00003314018249511719,0.0004100799560546875,false,0.00014146285872663464,0.00020661973006331818,2.9354997876329435e-6,0.020751028319761874,0.0025081860605056672,17.73035044732666,0.0,1.0,1.0,0.05,2.0,2.0,0.0,0.5,1.0,0.0,1.0
poisson_2d,16,32,16,0,1,5,0.002051115036010742,0.0001690387725830078,0.001046895980834961,false,0.4769058913732205,1.0173992349295367,0.0017292052208186203,0.0036258835382374545,0.00171723760469867,0.0036007892453456427,0.0,1.0,1.0,0.05,2.0,2.0,0.0,0.5,1.0,0.0,1.0
poisson_2d,128,32,128,10000,1,7,9.51289439201355,0.025223970413208008,0.03184199333190918,false,0.14727948975394833,0.29687834155126586,7.923103675568307e-6,0.000053796381891361726,0.000025298111418601268,0.00017176941243390645,0.0,1.0,1.0,0.05,2.0,2.0,0.0,0.5,1.0,0.0,1.0
wave,16,16,16,10000,1,5,9.546691656112671,0.00005698204040527344,0.007739067077636719,false,0.8471595626723305,1.697638069025553,0.009199366433233063,0.010859071700983972,0.004322163832073661,0.005101947758742839,0.0,1.0,1.0,0.05,2.0,2.0,0.0,0.5,1.0,0.0,1.0
poisson_2d,8,32,8,10000,1,7,9.51289439201355,0.00003981590270996094,0.0006468296051025391,false,0.129403911207019,0.2957803684731861,0.0024328002526040927,0.01880005194520066,0.007418007097193637,0.05732444273130494,0.0,1.0,1.0,0.05,2.0,2.0,0.0,0.5,1.0,0.0,1.0
poisson_1d,32,32,16,10000,10000,2,83.28573513031006,0.000025033950805664062,0.000370025634765625,false,7.431634890049007e-6,0.000010678088231839759,7.954544078191721e-7,0.10703626046989816,0.000595948894502332,80.19081982785393,0.0,1.0,1.0,0.05,2.0,2.0,0.0,0.5,1.0,0.0,1.0
poisson_1d,8,32,16,0,10000,6,0.003688812255859375,0.00002288818359375,0.0005218982696533203,false,0.6160207248248304,0.9313357944847166,0.010803985412270165,0.01753834729398487,0.011214972573078455,0.018205511797135566,0.0,1.0,1.0,0.05,2.0,2.0,0.0,0.5,1.0,0.0,1.0
poisson_1d,16,32,16,10000,1,7,5.724309921264648,0.00002288818359375,0.00035691261291503906,false,0.08838747028629766,0.12909816340432753,0.0007241466210823954,0.008192865105617307,0.0025081860605056672,0.028377167627734425,0.0,1.0,1.0,0.05,2.0,2.0,0.0,0.5,1.0,0.0,1.0
poisson_2d,64,32,64,0,10000,7,0.006856203079223633,0.004705905914306641,0.009327888488769531,false,0.5159678803964446,1.048315693503887,0.00010349915343790574,0.0002005922410487684,0.00010200512199543541,0.00019769665103389696,0.0,1.0,1.0,0.05,2.0,2.0,0.0,0.5,1.0,0.0,1.0
poisson_2d,64,32,64,0,1000,5,0.0028820037841796875,0.0042078495025634766,0.007962942123413086,false,0.500751269765354,1.0173994052375444,0.0001027164321722949,0.0002051246564395664,0.00010200512199543541,0.0002037041704222413,0.0,1.0,1.0,0.05,2.0,2.0,0.0,0.5,1.0,0.0,1.0
poisson_2d,64,32,64,10000,10,4,10.305903196334839,0.00448298454284668,0.008741140365600586,false,0.08796710497441525,0.17872681645595473,0.0000735381865995622,0.0008359737042721857,0.00010200512199543541,0.0011595825737939533,0.0,1.0,1.0,0.05,2.0,2.0,0.0,0.5,1.0,0.0,1.0
poisson_1d,8,32,16,10000,10,1,6.621852159500122,0.0000209808349609375,0.00040912628173828125,false,0.00018410032550825566,0.0002783335300462201,0.0002443691755064764,1.3273696004159719,0.011214972573078455,60.91772267164974,0.0,1.0,1.0,0.05,2.0,2.0,0.0,0.5,1.0,0.0,1.0
poisson_1d,64,32,16,10000,0,0,0.0021538734436035156,0.000028848648071289062,0.00037598609924316406,false,0.7042261065520165,1.0037991670626303,0.00014711738143711805,0.00020890645783841222,0.00014539741646764722,0.00020646411019826014,0.0,1.0,1.0,0.05,2.0,2.0,0.0,0.5,1.0,0.0,1.0
heat,16,16,16,0,10000,9,0.0074422359466552734,0.000324249267578125,0.0070879459381103516,false,0.42369011770960374,1.1996857673930634,0.003589518355476198,0.008472037004026713,0.002749210983530936,0.006488730486310843,0.0,1.0,1.0,0.05,2.0,2.0,0.0,0.5,1.0,0.0,1.0
wave,128,128,16,10000,10,9,10.718196153640747,0.00040435791015625,0.10384607315063477,false,0.3357717246708741,0.6715639441596108,0.0004109837032151026,0.0012239973559952128,0.00006338688741085187,0.00018877970583432578,0.0,1.0,1.0,0.05,2.0,2.0,0.0,0.5,1.0,0.0,1.0
wave,128,128,16,10000,1,0,10.029694318771362,0.0004239082336425781,0.09289193153381348,false,0.8654389574375098,1.7309307394951428,0.00012595132321002188,0.00014553461238092736,0.00006338688741085187,0.00007324247061691674,0.0,1.0,1.0,0.05,2.0,2.0,0.0,0.5,1.0,0.0,1.0
poisson_1d,128,32,16,10000,100,5,7.724610090255737,0.00003910064697265625,0.0005981922149658203,false,0.00012041427325363371,0.000170960622717156,1.1606296358100094e-7,0.0009638638381052734,0.00003591751011898671,0.2982828293395277,0.0,1.0,1.0,0.05,2.0,2.0,0.0,0.5,1.0,0.0,1.0
poisson_2d,32,32,32,10000,1000,3,27.558892965316772,0.0008058547973632812,0.002290010452270508,false,0.000046971504738273476,0.0000969734291370807,1.1162484606142438e-6,0.023764375163870834,0.00041476287710914914,8.830095595602831,0.0,1.0,1.0,0.05,2.0,2.0,0.0,0.5,1.0,0.0,1.0
poisson_1d,256,32,16,0,10000,6,0.003688812255859375,0.00004982948303222656,0.0005939006805419922,false,0.6572642116628814,0.9313327513302778,8.600002802813809e-6,0.000013084544465087733,8.926404123405047e-6,0.000013581150418674408,0.0,1.0,1.0,0.05,2.0,2.0,0.0,0.5,1.0,0.0,1.0
poisson_2d,128,32,128,0,1,8,0.0018620491027832031,0.025526762008666992,0.04399514198303223,false,0.4979780171358866,1.0037982077699759,0.00002530692443688859,0.00005081936062648106,0.000025298111418601268,0.00005080166302139799,0.0,1.0,1.0,0.05,2.0,2.0,0.0,0.5,1.0,0.0,1.0
wave,8,8,16,10000,0,1,0.002831697463989258,0.000027894973754882812,0.0033507347106933594,false,0.8292312180481041,1.671573015105873,0.043390295727607,0.052325931276130395,0.018958173771005418,0.022862349316310523,0.0,1.0,1.0,0.05,2.0,2.0,0.0,0.5,1.0,0.0,1.0
wave,256,256,16,10000,100,2,13.22167420387268,0.0008881092071533203,0.2113502025604248,false,0.10136145606738947,0.20272445880555637,0.00005484255604183564,0.0005410592760760449,0.000015783443300198566,0.0001557144491857441,0.0,1.0,1.0,0.05,2.0,2.0,0.0,0.5,1.0,0.0,1.0
poisson_1d,16,32,16,10000,0,1,0.0019588470458984375,0.0000209808349609375,0.0003268718719482422,false,0.7144137272199101,1.0434680367724993,0.0025830743897129332,0.003615656154543365,0.0025081860605056672,0.0035108312801688363,0.0,1.0,1.0,0.05,2.0,2.0,0.0,0.5,1.0,0.0,1.0
wave,256,256,16,0,10,4,0.002064228057861328,0.0010046958923339844,0.2077651023864746,false,0.8679478519817011,1.735908947948158,0.000031203860580288007,0.00003595130802967397,0.000015783443300198566,0.000018184782949991476,0.0,1.0,1.0,0.05,2.0,2.0,0.0,0.5,1.0,0.0,1.0
poisson_1d,128,32,16,0,10,6,0.0011892318725585938,0.000041961669921875,0.0005571842193603516,false,0.65597419235734,0.9313327513556215,0.000034604150516816475,0.0000527523047704992,0.00003591751011898671,0.00005475445610125581,0.0,1.0,1.0,0.05,2.0,2.0,0.0,0.5,1.0,0.0,1.0
wave,64,64,16,0,10000,0,0.008371829986572266,0.00018906593322753906,0.03293013572692871,false,0.8632045774276179,1.7266199367563755,0.0005131829017622218,0.0005945090134849911,0.0002556346352812184,0.0002961460608133233,0.0,1.0,1.0,0.05,2.0,2.0,0.0,0.5,1.0,0.0,1.0
drift_diffusion,8,8,16,0,1000,0,0.0028009414672851562,0.00014901161193847656,0.004951953887939453,true,0.7639833189000266,2.054226706943864,0.3606642826722959,0.47208397585378653,0.26151842143576154,0.34230907268013705,0.0,1.0,1.0,0.05,2.0,2.0,0.0,0.5,1.0,0.0,1.0
drift_diffusion,128,128,16,0,10000,1,0.0058498382568359375,0.004501819610595703,0.10780692100524902,false,0.8574152169835773,2.4232071462541778,0.0012501283909538885,0.0014580198323886676,0.0009525133211054325,0.001110912545331787,0.0,1.0,1.0,0.05,2.0,2.0,0.0,0.5,1.0,0.0,1.0
wave,32,32,16,0,100,2,0.0022118091583251953,0.00009799003601074219,0.01636981964111328,false,0.8605134783336124,1.721867917849425,0.002131073962213568,0.002476514332280304,0.0010402908397117996,0.0012089187048253173,0.0,1.0,1.0,0.05,2.0,2.0,0.0,0.5,1.0,0.0,1.0
poisson_2d,64,32,64,10000,1000,5,27.73399782180786,0.004381895065307617,0.008690834045410156,false,8.65114645032073e-6,0.000017576932470492906,2.8199263014588667e-7,0.032595983868955604,0.00010200512199543541,11.790936909925344,0.0,1.0,1.0,0.05,2.0,2.0,0.0,0.5,1.0,0.0,1.0
heat,8,8,16,0,1000,6,0.0023431777954101562,0.0001220703125,0.0028231143951416016,false,0.4130267179980919,1.1660019272482383,0.016215654180568154,0.039260545320564624,0.012171854008336707,0.029469894992102997,0.0,1.0,1.0,0.05,2.0,2.0,0.0,0.5,1.0,0.0,1.0
wave,32,32,16,10000,10,8,10.855016946792603,0.00010514259338378906,0.01642894744873047,false,0.45448920621868466,0.9094225748936031,0.0022167682268627227,0.004877493670985201,0.0010402908397117996,0.0022889230931729698,0.0,1.0,1.0,0.05,2.0,2.0,0.0,0.5,1.0,0.0,1.0
poisson_2d,256,32,256,10000,10000,5,141.91124296188354,0.1317758560180664,0.16617703437805176,false,0.00001017419232050354,0.000020428182227834552,1.855708697048131e-8,0.0018239371132096399,6.299580846651019e-6,0.6191725739146755,0.0,1.0,1.0,0.05,2.0,2.0,0.0,0.5,1.0,0.0,1.0
poisson_1d,128,32,16,0,10000,1,0.003793954849243164,0.00003814697265625,0.0008080005645751953,false,0.7349555768813335,1.043468184443722,0.00003698936228198264,0.00005032870481633881,0.00003591751011898671,0.00004887031440920133,0.0,1.0,1.0,0.05,2.0,2.0,0.0,0.5,1.0,0.0,1.0
poisson_1d,16,32,16,0,100,4,0.001302957534790039,0.000025272369384765625,0.00047588348388671875,false,0.6861665506935404,1.0022103947209708,0.0024792431414384234,0.003613179830658514,0.0025081860605056672,0.0036553604339508053,0.0,1.0,1.0,0.05,2.0,2.0,0.0,0.5,1.0,0.0,1.0
heat,256,256,16,10000,10000,9,94.48318481445312,0.012779951095581055,0.15059304237365723,false,0.00008030894278804578,0.00022784803460614177,4.420153419457862e-7,0.005503936754737494,9.934186103617024e-6,0.1236996249573763,0.0,1.0,1.0,0.05,2.0,2.0,0.0,0.5,1.0,0.0,1.0
poisson_1d,64,32,16,10000,1000,4,17.658069849014282,0.00003504753112792969,0.00038504600524902344,false,0.00005361011448709862,0.00007641549747674255,2.202629417598546e-7,0.004108607934654765,0.00014539741646764722,2.7121265801878898,0.0,1.0,1.0,0.05,2.0,2.0,0.0,0.5,1.0,0.0,1.0
poisson_2d,8,32,8,0,1,1,0.002252817153930664,0.00004506111145019531,0.0008199214935302734,false,0.421467241973415,0.9633536959392338,0.007297020410249868,0.017313374999403018,0.007418007097193637,0.01760043571230037,0.0,1.0,1.0,0.05,2.0,2.0,0.0,0.5,1.0,0.0,1.0
poisson_2d,16,32,16,0,1,2,0.001962900161743164,0.0001709461212158203,0.0012688636779785156,false,0.47847644933626304,1.0207497585840275,0.001725929516403736,0.0036071357718816146,0.00171723760469867,0.003588969963058373,0.0,1.0,1.0,0.05,2.0,2.0,0.0,0.5,1.0,0.0,1.0
poisson_2d,16,32,16,10000,100,4,12.445755004882812,0.0001709461212158203,0.0013267993927001953,false,0.000014664197284858825,0.00003128362087436548,8.561907589900598e-6,0.5838647300989744,0.00171723760469867,117.10409859665849,0.0,1.0,1.0,0.05,2.0,2.0,0.0,0.5,1.0,0.0,1.0
wave,256,256,16,0,10,2,0.0019478797912597656,0.0008292198181152344,0.19708895683288574,false,0.8685480065398609,1.737109266222214,0.00003121341066423258,0.000035937461636209604,0.000015783443300198566,0.00001817221751861128,0.0,1.0,1.0,0.05,2.0,2.0,0.0,0.5,1.0,0.0,1.0
poisson_2d,256,32,256,10000,1,4,9.703067064285278,0.13702893257141113,0.16321015357971191,false,0.08835117843452285,0.17739530728813993,3.6997772147528982e-6,0.000041875810603871036,6.299580846651019e-6,0.00007130160523347902,0.0,1.0,1.0,0.05,2.0,2.0,0.0,0.5,1.0,0.0,1.0
heat,128,128,16,10000,10000,2,94.07847285270691,0.004646778106689453,0.07181000709533691,false,0.00008961677459154626,0.0002542286417408484,1.6097806577294566e-6,0.017962939026367437,0.00003992627534176886,0.4455223424821923,0.0,1.0,1.0,0.05,2.0,2.0,0.0,0.5,1.0,0.0,1.0
poisson_1d,64,32,16,0,1000,7,0.001667022705078125,0.000031948089599609375,0.0004019737243652344,false,0.6639229076231498,0.9463512577358442,0.0001429576911985475,0.00021532272731835287,0.00014539741646764722,0.00021899743900714513,0.0,1.0,1.0,0.05,2.0,2.0,0.0,0.5,1.0,0.0,1.0
heat,32,32,16,10000,10000,3,94.08532404899597,0.0006301403045654297,0.012420177459716797,false,0.00008647439823201935,0.00024513842814570633,0.000016134765163671205,0.18658430117502958,0.0006581365706071615,7.610767858026082,0.0,1.0,1.0,0.05,2.0,2.0,0.0,0.5,1.0,0.0,1.0
poisson_2d,32,32,32,10000,10000,0,145.35425901412964,0.000946044921875,0.002579212188720703,false,0.000025128725932995726,0.00005187865999070084,1.8722778129071389e-6,0.07450747076839498,0.00041476287710914914,16.505527507182,0.0,1.0,1.0,0.05,2.0,2.0,0.0,0.5,1.0,0.0,1.0
poisson_2d,32,32,32,0,1000,5,0.0028820037841796875,0.0007059574127197266,0.0021071434020996094,false,0.49280283265308183,1.0173993964450718,0.00041765481108082587,0.0008475089496387737,0.00041476287710914914,0.0008416406108629848,0.0,1.0,1.0,0.05,2.0,2.0,0.0,0.5,1.0,0.0,1.0
poisson_2d,256,32,256,10000,100,1,12.403894186019897,0.13870835304260254,0.16698217391967773,false,0.000016511104890643292,0.00003315170864317397,6.068172172641959e-8,0.0036752066035532186,6.299580846651019e-6,0.38153599582440945,0.0,1.0,1.0,0.05,2.0,2.0,0.0,0.5,1.0,0.0,1.0
wave,128,128,16,10000,100,3,12.55115294456482,0.0004189014434814453,0.08903884887695312,false,0.029071376986319456,0.05814452842990428,0.00009462152150553602,0.003254800126944903,0.00006338688741085187,0.0021803882024811054,0.0,1.0,1.0,0.05,2.0,2.0,0.0,0.5,1.0,0.0,1.0
poisson_1d,128,32,16,10000,10000,6,84.3865258693695,0.00004076957702636719,0.0007491111755371094,false,5.006472728187251e-6,7.108041863313929e-6,4.3299987716165036e-8,0.008648801275100178,0.00003591751011898671,7.1742146753437614,0.0,1.0,1.0,0.05,2.0,2.0,0.0,0.5,1.0,0.0,1.0
heat,32,32,16,10000,1,2,6.941212177276611,0.0006039142608642578,0.01136326789855957,false,0.4272333181815345,1.2111249827896036,0.0008463913954894504,0.0019810987567449325,0.0006581365706071615,0.0015404617163484295,0.0,1.0,1.0,0.05,2.0,2.0,0.0,0.5,1.0,0.0,1.0
poisson_2d,8,32,8,10000,1,5,9.626037120819092,0.00004601478576660156,0.0006868839263916016,false,0.08839847738114964,0.2020536625854848,0.0033311603473161204,0.037683458426021076,0.007418007097193637,0.08391555281217397,0.0,1.0,1.0,0.05,2.0,2.0,0.0,0.5,1.0,0.0,1.0
poisson_2d,128,32,128,0,10000,2,0.00649714469909668,0.025809764862060547,0.03438830375671387,false,0.5063877040662664,1.0207500176453872,0.00002542621053901658,0.000050210955627171534,0.000025298111418601268,0.000049957989136503054,0.0,1.0,1.0,0.05,2.0,2.0,0.0,0.5,1.0,0.0,1.0
poisson_1d,64,32,16,10000,10000,8,83.62364268302917,0.000028133392333984375,0.00037026405334472656,false,3.5999191146841995e-6,5.1313005513321295e-6,1.3418007800247156e-7,0.03727308134547215,0.00014539741646764722,40.38907870749846,0.0,1.0,1.0,0.05,2.0,2.0,0.0,0.5,1.0,0.0,1.0
poisson_1d,32,32,16,0,10,5,0.0011930465698242188,0.000026941299438476562,0.0003731250762939453,false,0.7049185268691891,1.0128568393808794,0.0005981611748903054,0.000848553630086822,0.000595948894502332,0.0008454152810384589,0.0,1.0,1.0,0.05,2.0,2.0,0.0,0.5,1.0,0.0,1.0
wave,64,64,16,10000,100,3,12.55115294456482,0.00022983551025390625,0.03684711456298828,false,0.029336223712248328,0.058679610900187154,0.000396219589823626,0.013506155179004747,0.0002556346352812184,0.008713958476342206,0.0,1.0,1.0,0.05,2.0,2.0,0.0,0.5,1.0,0.0,1.0
wave,32,32,16,10000,10,2,10.43802785873413,0.00009894371032714844,0.016125202178955078,false,0.4169115888518422,0.8342306163684602,0.0016303741658654865,0.003910599296017343,0.0010402908397117996,0.0024952312853109182,0.0,1.0,1.0,0.05,2.0,2.0,0.0,0.5,1.0,0.0,1.0
wave,64,64,16,10000,10000,6,142.982764005661,0.00019097328186035156,0.03558802604675293,false,0.00027258236148851653,0.0005452312835929915,7.478113046554644e-6,0.02743432482467117,0.0002556346352812184,0.9378253012599793,0.0,1.0,1.0,0.05,2.0,2.0,0.0,0.5,1.0,0.0,1.0
heat,8,8,16,10000,100,1,9.324801683425903,0.00012230873107910156,0.0027379989624023438,false,0.0001784698121735705,0.0005038321635913531,0.0007838864469179718,4.392263528328058,0.012171854008336707,68.2011924598888,0.0,1.0,1.0,0.05,2.0,2.0,0.0,0.5,1.0,0.0,1.0
wave,128,128,16,10000,100,8,12.932720184326172,0.00040602684020996094,0.08394122123718262,false,0.07355175153760851,0.14710799252337622,0.0003023328482926106,0.004110477887641075,0.00006338688741085187,0.0008617998359759084,0.0,1.0,1.0,0.05,2.0,2.0,0.0,0.5,1.0,0.0,1.0
drift_diffusion,128,128,16,0,1,0,0.002171754837036133,0.004252195358276367,0.09846091270446777,false,0.8542414493821303,2.4142375173275625,0.0012504450678217853,0.0014638075320815062,0.0009525133211054325,0.0011150399243614107,0.0,1.0,1.0,0.05,2.0,2.0,0.0,0.5,1.0,0.0,1.0
poisson_1d,128,32,16,0,10000,3,0.003840923309326172,0.00003814697265625,0.0007491111755371094,false,0.6948274331171178,0.986495433115782,0.00003515874827323621,0.00005060069104570021,0.00003591751011898671,0.000051692705853386434,0.0,1.0,1.0,0.05,2.0,2.0,0.0,0.5,1.0,0.0,1.0
poisson_1d,64,32,16,10000,10000,7,82.76921677589417,0.00003314018249511719,0.00043702125549316406,false,2.7277429051650946e-6,3.88810643441188e-6,1.459005979098081e-7,0.053487664701900785,0.00014539741646764722,53.30319664180992,0.0,1.0,1.0,0.05,2.0,2.0,0.0,0.5,1.0,0.0,1.0
poisson_1d,8,32,16,0,1000,2,0.0018932819366455078,0.0000209808349609375,0.000370025634765625,false,0.6092649612217189,0.9211220399646168,0.010734827701249469,0.017619309142156515,0.011214972573078455,0.018407381495548023,0.0,1.0,1.0,0.05,2.0,2.0,0.0,0.5,1.0,0.0,1.0
drift_diffusion,256,256,16,0,100,9,0.001920938491821289,0.011759757995605469,0.20229673385620117,false,0.8563673615731328,2.4250385263739695,0.00031119553828974405,0.0003633902367765195,0.00023700549940490983,0.0002767568102660225,0.0,1.0,1.0,0.05,2.0,2.0,0.0,0.5,1.0,0.0,1.0
wave,16,16,16,0,10000,3,0.007066011428833008,0.00005984306335449219,0.008477210998535156,false,0.8473396756873124,1.6979990006899444,0.009198100172488783,0.010855269069075303,0.004322163832073661,0.00510086327371343,0.0,1.0,1.0,0.05,2.0,2.0,0.0,0.5,1.0,0.0,1.0
poisson_1d,64,32,16,0,10000,0,0.004194974899291992,0.000030994415283203125,0.0005009174346923828,false,0.7042261065520165,1.0037991670626303,0.00014711738143711805,0.00020890645783841222,0.00014539741646764722,0.00020646411019826014,0.0,1.0,1.0,0.05,2.0,2.0,0.0,0.5,1.0,0.0,1.0
poisson_2d,256,32,256,0,100,0,0.0018811225891113281,0.14393901824951172,0.15296506881713867,false,0.4940067326025895,0.9918880278138263,6.269645110606382e-6,0.000012691416324582935,6.299580846651019e-6,0.000012752014154671051,0.0,1.0,1.0,0.05,2.0,2.0,0.0,0.5,1.0,0.0,1.0
wave,16,16,16,0,1000,8,0.00263214111328125,0.00004792213439941406,0.007112026214599609,false,0.8517249237426413,1.7067866770249231,0.009202382551520564,0.010804406792610393,0.004322163832073661,0.005074600627020811,0.0,1.0,1.0,0.05,2.0,2.0,0.0,0.5,1.0,0.0,1.0
drift_diffusion,128,128,16,0,100,1,0.002178192138671875,0.004750967025756836,0.10940289497375488,false,0.8574152169835773,2.4232071462541778,0.0012501283909538885,0.0014580198323886676,0.0009525133211054325,0.001110912545331787,0.0,1.0,1.0,0.05,2.0,2.0,0.0,0.5,1.0,0.0,1.0
poisson_1d,8,32,16,0,1000,7,0.001667022705078125,0.0000209808349609375,0.0003428459167480469,false,0.6259556456209414,0.9463559828970787,0.011029421910141168,0.017620133291073835,0.011214972573078455,0.01791656110386754,0.0,1.0,1.0,0.05,2.0,2.0,0.0,0.5,1.0,0.0,1.0
heat,64,64,16,0,100,5,0.0015869140625,0.0014448165893554688,0.026185989379882812,false,0.4340732838970091,1.2311215354796055,0.00020570671382607372,0.0004738985822377424,0.00016125998597565447,0.0003715040569368834,0.0,1.0,1.0,0.05,2.0,2.0,0.0,0.5,1.0,0.0,1.0
drift_diffusion,64,64,16,10000,100,6,12.726716995239258,0.001657247543334961,0.042517900466918945,false,0.12920843838869794,0.36374436370976876,0.007818816810810173,0.060513205703243686,0.003851464283566381,0.029808148226201852,0.0,1.0,1.0,0.05,2.0,2.0,0.0,0.5,1.0,0.0,1.0
poisson_1d,16,32,16,10000,1000,2,17.26138710975647,0.00002193450927734375,0.0003628730773925781,false,3.5721775156459843e-6,5.21749921261885e-6,2.488101035385166e-6,0.696522226126148,0.0025081860605056672,702.144854070019,0.0,1.0,1.0,0.05,2.0,2.0,0.0,0.5,1.0,0.0,1.0
drift_diffusion,8,8,16,10000,100,1,12.603092908859253,0.00013780593872070312,0.004500865936279297,true,0.07977784417134602,0.21450962876406743,0.28227795261734545,3.538300082552638,0.26151842143576154,3.278083334441511,0.0,1.0,1.0,0.05,2.0,2.0,0.0,0.5,1.0,0.0,1.0
poisson_1d,256,32,16,0,0,1,0.0013320446014404297,0.00005507469177246094,0.0008358955383300781,false,0.7364009186639185,1.0434681844706675,9.19278487035539e-6,0.000012483396798355743,8.926404123405047e-6,0.000012121663481355476,0.0,1.0,1.0,0.05,2.0,2.0,0.0,0.5,1.0,0.0,1.0
drift_diffusion,8,8,16,10000,1,4,10.608788967132568,0.000141143798828125,0.0044672489166259766,true,0.6241167440549029,1.6781482686485196,0.3657528324298445,0.5860327189005357,0.26151842143576154,0.41902163966419076,0.0,1.0,1.0,0.05,2.0,2.0,0.0,0.5,1.0,0.0,1.0
drift_diffusion,32,32,16,0,1,2,0.0022430419921875,0.0007119178771972656,0.022084951400756836,false,0.8363603301896919,2.336719273464259,0.020686832172890766,0.0247343536346336,0.015825675346876712,0.018922077931753822,0.0,1.0,1.0,0.05,2.0,2.0,0.0,0.5,1.0,0.0,1.0
heat,32,32,16,10000,100,9,9.077844142913818,0.0005829334259033203,0.01253509521484375,false,0.001736455599800381,0.004922520479850638,0.00007988487378747892,0.04600455882468731,0.0006581365706071615,0.379011459137096,0.0,1.0,1.0,0.05,2.0,2.0,0.0,0.5,1.0,0.0,1.0
drift_diffusion,256,256,16,10000,1,4,10.608788967132568,0.012907981872558594,0.23439979553222656,false,0.6839658617868832,1.9368365026323102,0.00030321132385150714,0.0004433135347711033,0.00023700549940490983,0.00034651656266253576,0.0,1.0,1.0,0.05,2.0,2.0,0.0,0.5,1.0,0.0,1.0
heat,128,128,16,10000,100,3,9.242278099060059,0.004625082015991211,0.07546401023864746,false,0.00020659434315284953,0.0005860755365329362,2.7138811449428e-6,0.013136280033251502,0.00003992627534176886,0.193259286447209,0.0,1.0,1.0,0.05,2.0,2.0,0.0,0.5,1.0,0.0,1.0
poisson_2d,128,32,128,0,10,2,0.0018000602722167969,0.023094892501831055,0.03145170211791992,false,0.5063877040662664,1.0207500176453872,0.00002542621053901658,0.000050210955627171534,0.000025298111418601268,0.000049957989136503054,0.0,1.0,1.0,0.05,2.0,2.0,0.0,0.5,1.0,0.0,1.0
poisson_2d,8,32,8,0,0,0,0.0019729137420654297,0.00004982948303222656,0.0008990764617919922,false,0.4339514756439407,0.9918890871861497,0.00738254208657274,0.0170123677436925,0.007418007097193637,0.017094093495559733,0.0,1.0,1.0,0.05,2.0,2.0,0.0,0.5,1.0,0.0,1.0
heat,16,16,16,10000,10,2,7.668190002441406,0.0002732276916503906,0.005550861358642578,false,0.0845061340571224,0.23928055446227367,0.002610996947898231,0.03089712926795716,0.002749210983530936,0.03253267960018841,0.0,1.0,1.0,0.05,2.0,2.0,0.0,0.5,1.0,0.0,1.0
heat,16,16,16,10000,1,3,7.042046070098877,0.00026488304138183594,0.006003856658935547,false,0.41992178985237233,1.1890156830360574,0.0035861089291587254,0.008539944855968195,0.002749210983530936,0.00654695957668081,0.0,1.0,1.0,0.05,2.0,2.0,0.0,0.5,1.0,0.0,1.0
wave,256,256,16,0,10000,6,0.0074689388275146484,0.0008778572082519531,0.21385693550109863,false,0.8707115022323686,1.7414362906199319,0.00003121391102945786,0.00003584874088539115,0.000015783443300198566,0.000018127064199487748,0.0,1.0,1.0,0.05,2.0,2.0,0.0,0.5,1.0,0.0,1.0
drift_diffusion,64,64,16,10000,1000,5,24.850924968719482,0.0017468929290771484,0.04060626029968262,false,0.006850070691981314,0.01928414766321972,0.0005796040061681611,0.08461285032381294,0.003851464283566381,0.5622517572081184,0.0,1.0,1.0,0.05,2.0,2.0,0.0,0.5,1.0,0.0,1.0
poisson_1d,32,32,16,0,0,0,0.001726388931274414,0.000029802322387695312,0.0004937648773193359,false,0.6986146560344731,1.003799170379224,0.0006030014944655201,0.0008631389124990886,0.000595948894502332,0.0008530437908146674,0.0,1.0,1.0,0.05,2.0,2.0,0.0,0.5,1.0,0.0,1.0
poisson_2d,32,32,32,0,10000,0,0.007238864898681641,0.0008111000061035156,0.002235889434814453,false,0.4804457647926603,0.9918880305396854,0.000412791342849829,0.0008591840600946329,0.00041476287710914914,0.0008632876122617978,0.0,1.0,1.0,0.05,2.0,2.0,0.0,0.5,1.0,0.0,1.0
poisson_1d,256,32,16,10000,10,9,6.510509729385376,0.00004982948303222656,0.0005669593811035156,false,0.0004142093755364429,0.0005869279819285459,4.437270491089066e-7,0.0010712626881854816,8.926404123405047e-6,0.021550463728258924,0.0,1.0,1.0,0.05,2.0,2.0,0.0,0.5,1.0,0.0,1.0
wave,8,8,16,10000,1000,2,28.119762897491455,0.000027894973754882812,0.0033562183380126953,false,0.0010953225776384869,0.0022079627777719414,0.000629300924436003,0.5745347875442475,0.018958173771005418,17.30830182636924,0.0,1.0,1.0,0.05,2.0,2.0,0.0,0.5,1.0,0.0,1.0
heat,256,256,16,0,10,8,0.0013952255249023438,0.012931108474731445,0.16455507278442383,false,0.4384964962382153,1.2440777002038779,0.000012597424522627299,0.00002872867772193939,9.934186103617024e-6,0.00002265510942240284,0.0,1.0,1.0,0.05,2.0,2.0,0.0,0.5,1.0,0.0,1.0
drift_diffusion,16,16,16,10000,100,7,13.600178241729736,0.0003371238708496094,0.009215831756591797,true,0.10924076361457277,0.3008767614030491,0.17444716104539112,1.596905360904303,0.06769679643284385,0.6197027024792144,0.0,1.0,1.0,0.05,2.0,2.0,0.0,0.5,1.0,0.0,1.0
drift_diffusion,128,128,16,10000,0,1,0.003513813018798828,0.004580974578857422,0.10958099365234375,false,0.8574152169835773,2.4232071462541778,0.0012501283909538885,0.0014580198323886676,0.0009525133211054325,0.001110912545331787,0.0,1.0,1.0,0.05,2.0,2.0,0.0,0.5,1.0,0.0,1.0
heat,64,64,16,10000,10000,2,94.07847285270691,0.0015769004821777344,0.02657485008239746,false,0.00008899295909612945,0.00025240242261787243,6.431995296445673e-6,0.07227532786600181,0.00016125998597565447,1.812053308636266,0.0,1.0,1.0,0.05,2.0,2.0,0.0,0.5,1.0,0.0,1.0
drift_diffusion,128,128,16,10000,10,8,11.110510110855103,0.004174947738647461,0.10173201560974121,false,0.7632341949645464,2.157034910122277,0.0014592889753546735,0.0019119806017371377,0.0009525133211054325,0.0012479961293527715,0.0,1.0,1.0,0.05,2.0,2.0,0.0,0.5,1.0,0.0,1.0
poisson_2d,128,32,128,0,10,8,0.001953601837158203,0.026127099990844727,0.033905744552612305,false,0.4979780171358866,1.0037982077699759,0.00002530692443688859,0.00005081936062648106,0.000025298111418601268,0.00005080166302139799,0.0,1.0,1.0,0.05,2.0,2.0,0.0,0.5,1.0,0.0,1.0
poisson_2d,256,32,256,0,10,8,0.001953601837158203,0.1448209285736084,0.1614818572998047,false,0.49993856051578905,1.0037982077807213,6.301775464490402e-6,0.000012605099830644845,6.299580846651019e-6,0.000012600710055555046,0.0,1.0,1.0,0.05,2.0,2.0,0.0,0.5,1.0,0.0,1.0
wave,16,16,16,0,1000,5,0.003214120864868164,0.000049114227294921875,0.007647991180419922,false,0.8495945071255017,1.7025174973904134,0.009200317273074963,0.010829068686193726,0.004322163832073661,0.005087325536857776,0.0,1.0,1.0,0.05,2.0,2.0,0.0,0.5,1.0,0.0,1.0
heat,64,64,16,10000,1000,2,19.523204803466797,0.0015490055084228516,0.028411149978637695,false,0.00008748785644221814,0.00024813364045809,6.6326500325072694e-6,0.0758122361459417,0.00016125998597565447,1.8432270778285125,0.0,1.0,1.0,0.05,2.0,2.0,0.0,0.5,1.0,0.0,1.0
poisson_1d,16,32,16,0,10000,4,0.003951072692871094,0.000027179718017578125,0.0004961490631103516,false,0.6861665506935404,1.0022103947209708,0.0024792431414384234,0.003613179830658514,0.0025081860605056672,0.0036553604339508053,0.0,1.0,1.0,0.05,2.0,2.0,0.0,0.5,1.0,0.0,1.0
wave,32,32,16,10000,1,1,9.787418842315674,0.00009775161743164062,0.01588296890258789,false,0.8571888972040745,1.7152155065492276,0.00213026815055698,0.002485179354871903,0.0010402908397117996,0.0012136074593417571,0.0,1.0,1.0,0.05,2.0,2.0,0.0,0.5,1.0,0.0,1.0
poisson_1d,128,32,16,10000,1000,6,17.207457065582275,0.00003814697265625,0.0004699230194091797,false,4.734757975400366e-6,6.7222692959701976e-6,4.47184237264978e-8,0.009444711632123496,0.00003591751011898671,7.585923146407706,0.0,1.0,1.0,0.05,2.0,2.0,0.0,0.5,1.0,0.0,1.0
heat,256,256,16,0,1000,9,0.0026628971099853516,0.012280941009521484,0.1671149730682373,false,0.4366913999033042,1.238956381980704,0.000012601949482252828,0.000028857791761054264,9.934186103617024e-6,0.000022748755999812983,0.0,1.0,1.0,0.05,2.0,2.0,0.0,0.5,1.0,0.0,1.0
poisson_2d,8,32,8,0,1000,8,0.0029382705688476562,0.00005888938903808594,0.0007448196411132812,false,0.4391611649818236,1.003796948529882,0.007420564229542657,0.016897132126538976,0.007418007097193637,0.016891309361338126,0.0,1.0,1.0,0.05,2.0,2.0,0.0,0.5,1.0,0.0,1.0
poisson_1d,32,32,16,10000,10,0,6.966620922088623,0.000025272369384765625,0.0003941059112548828,false,0.000486987167479454,0.0006997238183864876,0.000018096091657211664,0.03715927824314061,0.000595948894502332,1.2237466083279345,0.0,1.0,1.0,0.05,2.0,2.0,0.0,0.5,1.0,0.0,1.0
drift_diffusion,128,128,16,10000,10000,2,113.75466871261597,0.004160881042480469,0.09684371948242188,false,0.005924291327986523,0.01674309575817053,0.0001490681472837099,0.02516219055256536,0.0009525133211054325,0.16078097250311038,0.0,1.0,1.0,0.05,2.0,2.0,0.0,0.5,1.0,0.0,1.0
wave,64,64,16,0,10000,8,0.0073490142822265625,0.0001938343048095703,0.0337071418762207,false,0.8659381027525055,1.732087654892955,0.0005132651813182683,0.0005927273319961126,0.0002556346352812184,0.0002952112102108082,0.0,1.0,1.0,0.05,2.0,2.0,0.0,0.5,1.0,0.0,1.0
wave,32,32,16,0,1,0,0.002257108688354492,0.00010013580322265625,0.0172579288482666,false,0.8585523740768571,1.7179437927912053,0.002130498523585927,0.0024815009403202763,0.0010402908397117996,0.0012116801154156184,0.0,1.0,1.0,0.05,2.0,2.0,0.0,0.5,1.0,0.0,1.0
poisson_1d,8,32,16,0,1000,0,0.0019330978393554688,0.00002002716064453125,0.0004150867462158203,false,0.6639516617155716,1.0038005596957067,0.011349082303586909,0.017093235785060373,0.011214972573078455,0.016891248594965942,0.0,1.0,1.0,0.05,2.0,2.0,0.0,0.5,1.0,0.0,1.0
wave,32,32,16,10000,100,7,12.700606107711792,0.00009584426879882812,0.015147924423217773,false,0.09409572469531174,0.1882834071040959,0.007511285161417482,0.07982599831968475,0.0010402908397117996,0.01105566531402282,0.0,1.0,1.0,0.05,2.0,2.0,0.0,0.5,1.0,0.0,1.0
poisson_1d,8,32,16,10000,1,5,5.947137117385864,0.0000209808349609375,0.0003600120544433594,false,0.0917011563392698,0.13863911692043543,0.0027687731464921066,0.030193437651411748,0.011214972573078455,0.12229914017208288,0.0,1.0,1.0,0.05,2.0,2.0,0.0,0.5,1.0,0.0,1.0
wave,32,32,16,0,1,8,0.001992940902709961,0.000102996826171875,0.016396045684814453,false,0.8612980247318646,1.7234377773661298,0.0021308651246023224,0.0024740160355826817,0.0010402908397117996,0.0012078175147744686,0.0,1.0,1.0,0.05,2.0,2.0,0.0,0.5,1.0,0.0,1.0
wave,32,32,16,10000,1,9,10.00851821899414,0.00011587142944335938,0.01709914207458496,false,0.8589026359777195,1.7186446588962985,0.0021307497812993654,0.0024807815135808224,0.0010402908397117996,0.0012111859902811909,0.0,1.0,1.0,0.05,2.0,2.0,0.0,0.5,1.0,0.0,1.0
poisson_2d,16,32,16,10000,100,5,12.581224918365479,0.00015807151794433594,0.0012416839599609375,false,0.000010283930563069455,0.000021939051867881495,5.48497413920706e-6,0.5333538675232574,0.00171723760469867,166.98261371471435,0.0,1.0,1.0,0.05,2.0,2.0,0.0,0.5,1.0,0.0,1.0
wave,32,32,16,10000,100,9,12.390563011169434,0.00011277198791503906,0.016344785690307617,false,0.26438614977066055,0.5290306783984414,0.005380391927099393,0.02035050599952594,0.0010402908397117996,0.003934740305474361,0.0,1.0,1.0,0.05,2.0,2.0,0.0,0.5,1.0,0.0,1.0
drift_diffusion,32,32,16,10000,0,0,0.0037369728088378906,0.0006368160247802734,0.017880916595458984,false,0.8366391426703357,2.3374982517032854,0.020685464243710015,0.024724475808874255,0.015825675346876712,0.018915772093049878,0.0,1.0,1.0,0.05,2.0,2.0,0.0,0.5,1.0,0.0,1.0
poisson_1d,16,32,16,0,10,1,0.001161813735961914,0.000022649765014648438,0.0003561973571777344,false,0.7144137272199101,1.0434680367724993,0.0025830743897129332,0.003615656154543365,0.0025081860605056672,0.0035108312801688363,0.0,1.0,1.0,0.05,2.0,2.0,0.0,0.5,1.0,0.0,1.0
drift_diffusion,128,128,16,10000,0,0,0.0037369728088378906,0.004249095916748047,0.1025078296661377,false,0.8542414493821303,2.4142375173275625,0.0012504450678217853,0.0014638075320815062,0.0009525133211054325,0.0011150399243614107,0.0,1.0,1.0,0.05,2.0,2.0,0.0,0.5,1.0,0.0,1.0
wave,8,8,16,10000,1000,9,27.98876404762268,0.000027894973754882812,0.0034470558166503906,false,0.00015608347245382048,0.00031463470619444526,0.0008032914299738172,5.146550223060727,0.018958173771005418,121.46176320239363,0.0,1.0,1.0,0.05,2.0,2.0,0.0,0.5,1.0,0.0,1.0
poisson_2d,8,32,8,10000,1000,8,27.736825704574585,0.000048160552978515625,0.0007548332214355469,false,6.220136079892491e-6,0.000014217453896897115,0.000018999146945768344,3.054458407570929,0.007418007097193637,1192.579551604053,0.0,1.0,1.0,0.05,2.0,2.0,0.0,0.5,1.0,0.0,1.0
poisson_2d,16,32,16,0,1000,3,0.002557992935180664,0.00015878677368164062,0.0011088848114013672,false,0.47052029341434126,1.0037766259505942,0.0017206353845877688,0.0036568781594985807,0.00171723760469867,0.0036496568346446774,0.0,1.0,1.0,0.05,2.0,2.0,0.0,0.5,1.0,0.0,1.0
heat,16,16,16,10000,10000,5,92.76752805709839,0.00025582313537597656,0.006365060806274414,false,0.00005796918311348967,0.0001641407269647996,0.00007931321623859191,1.3681962031995338,0.002749210983530936,47.425387695112114,0.0,1.0,1.0,0.05,2.0,2.0,0.0,0.5,1.0,0.0,1.0
poisson_1d,128,32,16,10000,100,4,7.854598760604858,0.00004291534423828125,0.0007159709930419922,false,0.001123452933384237,0.001595045237537808,4.904605388346704e-8,0.00004365652750197433,0.00003591751011898671,0.03197064073773638,0.0,1.0,1.0,0.05,2.0,2.0,0.0,0.5,1.0,0.0,1.0
poisson_1d,256,32,16,10000,1,2,5.809880971908569,0.00007009506225585938,0.0007810592651367188,false,0.09537205252489445,0.13514065500889336,2.0406567830629755e-6,0.000021396800520050797,8.926404123405047e-6,0.00009359559626836202,0.0,1.0,1.0,0.05,2.0,2.0,0.0,0.5,1.0,0.0,1.0
heat,16,16,16,0,10,4,0.0014121532440185547,0.00029206275939941406,0.0061187744140625,false,0.42392204704533065,1.2003424792479838,0.0035871236082081026,0.008461752893509039,0.002749210983530936,0.006485180477619646,0.0,1.0,1.0,0.05,2.0,2.0,0.0,0.5,1.0,0.0,1.0
poisson_1d,8,32,16,0,10,8,0.0011990070343017578,0.0000209808349609375,0.0003447532653808594,false,0.6558805349003162,0.9915981629224321,0.011172407645162245,0.017034211339814007,0.011214972573078455,0.017099108719216615,0.0,1.0,1.0,0.05,2.0,2.0,0.0,0.5,1.0,0.0,1.0
wave,64,64,16,10000,10,8,10.855016946792603,0.000186920166015625,0.03496384620666504,false,0.4578342541292327,0.9157803046703655,0.0005379134859354224,0.001174908782127922,0.0002556346352812184,0.000558356289368118,0.0,1.0,1.0,0.05,2.0,2.0,0.0,0.5,1.0,0.0,1.0
poisson_2d,128,32,128,0,100,7,0.0018939971923828125,0.022979736328125,0.03377032279968262,false,0.5200628644204152,1.0483156952096555,0.000025668660216811193,0.00004935684120691383,0.000025298111418601268,0.00004864433350147925,0.0,1.0,1.0,0.05,2.0,2.0,0.0,0.5,1.0,0.0,1.0
heat,256,256,16,10000,1000,3,19.418092012405396,0.013351917266845703,0.16700410842895508,false,0.00009599300695445001,0.00027234598303989646,2.851364304697463e-7,0.0029703875262991853,9.934186103617024e-6,0.10348864379590257,0.0,1.0,1.0,0.05,2.0,2.0,0.0,0.5,1.0,0.0,1.0
poisson_2d,256,32,256,0,1,9,0.0019466876983642578,0.14482402801513672,0.21004796028137207,false,0.5039492541715126,1.0118510515129975,6.33805210946511e-6,0.000012576766523615163,6.299580846651019e-6,0.00001250042696661485,0.0,1.0,1.0,0.05,2.0,2.0,0.0,0.5,1.0,0.0,1.0
poisson_1d,64,32,16,0,100,9,0.0012431144714355469,0.000030279159545898438,0.00034689903259277344,false,0.7132504397082184,1.0166623909920063,0.00014721178758554668,0.00020639564925577767,0.00014539741646764722,0.0002038518427372122,0.0,1.0,1.0,0.05,2.0,2.0,0.0,0.5,1.0,0.0,1.0
heat,128,128,16,10000,100,0,8.862431049346924,0.004082918167114258,0.0785970687866211,false,0.0002113979419764914,0.0005997025880527932,3.5855094327824816e-6,0.01696094767648927,0.00003992627534176886,0.18886785258387231,0.0,1.0,1.0,0.05,2.0,2.0,0.0,0.5,1.0,0.0,1.0
drift_diffusion,8,8,16,10000,1000,9,23.997740983963013,0.0001468658447265625,0.0044460296630859375,true,0.006781545258615609,0.018234470622544675,0.03254152090209302,4.798540695536935,0.26151842143576154,38.56324944576781,0.0,1.0,1.0,0.05,2.0,2.0,0.0,0.5,1.0,0.0,1.0
poisson_2d,32,32,32,10000,0,1,0.0029222965240478516,0.0008900165557861328,0.0022051334381103516,false,0.4666213250742077,0.9633472517661059,0.0004080252333465781,0.0008744247453364651,0.00041476287710914914,0.0008888639563208742,0.0,1.0,1.0,0.05,2.0,2.0,0.0,0.5,1.0,0.0,1.0
heat,64,64,16,10000,10000,4,92.54381108283997,0.001474142074584961,0.024196147918701172,false,0.0000734398520222472,0.00020829059686722394,6.358266496110852e-6,0.08657787728352283,0.00016125998597565447,2.1958103336943577,0.0,1.0,1.0,0.05,2.0,2.0,0.0,0.5,1.0,0.0,1.0
drift_diffusion,256,256,16,0,1,1,0.0021109580993652344,0.012672901153564453,0.2395470142364502,false,0.8603406820919218,2.436290070708863,0.00031111910411388115,0.00036162314602791273,0.00023700549940490983,0.00027547866134683993,0.0,1.0,1.0,0.05,2.0,2.0,0.0,0.5,1.0,0.0,1.0
poisson_2d,256,32,256,10000,10000,0,145.35425901412964,0.13720393180847168,0.16708588600158691,false,0.000025841979498276215,0.00005188664118869576,3.08698736424303e-8,0.001194563042059917,6.299580846651019e-6,0.24377315395079754,0.0,1.0,1.0,0.05,2.0,2.0,0.0,0.5,1.0,0.0,1.0
drift_diffusion,16,16,16,0,1,7,0.002092123031616211,0.0003960132598876953,0.009001970291137695,true,0.820565718505757,2.260046046304303,0.08762961941414417,0.1067917138601853,0.06769679643284385,0.08250015191485104,0.0,1.0,1.0,0.05,2.0,2.0,0.0,0.5,1.0,0.0,1.0
poisson_2d,256,32,256,0,1,8,0.0018620491027832031,0.14055299758911133,0.22122788429260254,false,0.49993856051578905,1.0037982077807213,6.301775464490402e-6,0.000012605099830644845,6.299580846651019e-6,0.000012600710055555046,0.0,1.0,1.0,0.05,2.0,2.0,0.0,0.5,1.0,0.0,1.0
wave,8,8,16,0,10,7,0.0018851757049560547,0.000028133392333984375,0.003342866897583008,false,0.8377079777071502,1.6886605564251118,0.04337158934338701,0.05177411520193143,0.018958173771005418,0.022631005404645795,0.0,1.0,1.0,0.05,2.0,2.0,0.0,0.5,1.0,0.0,1.0
drift_diffusion,64,64,16,0,10000,4,0.005850076675415039,0.0017657279968261719,0.04263019561767578,false,0.8481866085135552,2.3877937236016997,0.0050524364050100225,0.005956750972364918,0.003851464283566381,0.004540821848527014,0.0,1.0,1.0,0.05,2.0,2.0,0.0,0.5,1.0,0.0,1.0
wave,8,8,16,10000,100,0,14.675817966461182,0.00003218650817871094,0.0035500526428222656,false,0.092712710300952,0.18689125701416784,0.22539515815049385,2.4311138938646604,0.018958173771005418,0.20448300680096426,0.0,1.0,1.0,0.05,2.0,2.0,0.0,0.5,1.0,0.0,1.0
poisson_2d,32,32,32,10000,1000,6,27.721116065979004,0.0008120536804199219,0.002444028854370117,false,0.00001125474836170514,0.000023235609520939635,1.284528194605963e-6,0.11413211147085466,0.00041476287710914914,36.85225682314817,0.0,1.0,1.0,0.05,2.0,2.0,0.0,0.5,1.0,0.0,1.0
poisson_2d,256,32,256,10000,1,3,9.422837018966675,0.14067792892456055,0.16106891632080078,false,0.1879551739787698,0.37738450618482394,3.6634861578296754e-6,0.00001949127592647956,6.299580846651019e-6,0.000033516400284690094,0.0,1.0,1.0,0.05,2.0,2.0,0.0,0.5,1.0,0.0,1.0
drift_diffusion,64,64,16,10000,10,0,11.206326007843018,0.0016810894012451172,0.03856205940246582,false,2.2193290927979397,6.247799747365246,0.010507752687695328,0.00473465279295197,0.003851464283566381,0.0017354182829689244,0.0,1.0,1.0,0.05,2.0,2.0,0.0,0.5,1.0,0.0,1.0
drift_diffusion,8,8,16,0,1,6,0.0022161006927490234,0.00017404556274414062,0.004541873931884766,true,0.7675037332079018,2.0636925276127713,0.36089106098609325,0.47021407893052536,0.26151842143576154,0.3407389568552382,0.0,1.0,1.0,0.05,2.0,2.0,0.0,0.5,1.0,0.0,1.0
wave,8,8,16,0,10000,3,0.007066011428833008,0.000029087066650390625,0.0037469863891601562,false,0.8269327413745792,1.6669397216411646,0.04335600371307377,0.05242990335707921,0.018958173771005418,0.02292589568952362,0.0,1.0,1.0,0.05,2.0,2.0,0.0,0.5,1.0,0.0,1.0
wave,16,16,16,0,10,7,0.0018851757049560547,0.000050067901611328125,0.006860017776489258,false,0.85788514152836,1.719131246675457,0.009202217658634321,0.010726631355615001,0.004322163832073661,0.005038161430763955,0.0,1.0,1.0,0.05,2.0,2.0,0.0,0.5,1.0,0.0,1.0
drift_diffusion,128,128,16,10000,10000,5,112.24504208564758,0.004277944564819336,0.10203289985656738,false,0.0070221335218492685,0.019845792091210446,0.00014294183339240313,0.02035589795432394,0.0009525133211054325,0.1356444331543522,0.0,1.0,1.0,0.05,2.0,2.0,0.0,0.5,1.0,0.0,1.0
drift_diffusion,256,256,16,10000,10000,3,115.92550992965698,0.012775897979736328,0.23785972595214844,false,0.009178409363309506,0.02599117775339961,0.00004406256959206986,0.004800676004734388,0.00023700549940490983,0.025822066768162642,0.0,1.0,1.0,0.05,2.0,2.0,0.0,0.5,1.0,0.0,1.0
drift_diffusion,8,8,16,0,0,0,0.002087831497192383,0.00018525123596191406,0.004580020904541016,true,0.7639833189000266,2.054226706943864,0.3606642826722959,0.47208397585378653,0.26151842143576154,0.34230907268013705,0.0,1.0,1.0,0.05,2.0,2.0,0.0,0.5,1.0,0.0,1.0
drift_diffusion,64,64,16,0,1,7,0.002092123031616211,0.0016787052154541016,0.04085087776184082,false,0.8554423113014339,2.408219796594739,0.0050561546878410794,0.005910573537272032,0.003851464283566381,0.004502307441055757,0.0,1.0,1.0,0.05,2.0,2.0,0.0,0.5,1.0,0.0,1.0
drift_diffusion,32,32,16,10000,10000,0,116.79411101341248,0.0006620883941650391,0.019937992095947266,false,0.007633195906874694,0.021326496905558785,0.002383844307814553,0.3122996366001241,0.015825675346876712,2.0732699042380673,0.0,1.0,1.0,0.05,2.0,2.0,0.0,0.5,1.0,0.0,1.0
heat,8,8,16,10000,0,1,0.0028641223907470703,0.0001227855682373047,0.002882242202758789,false,0.41280660707779604,1.165380539463648,0.016214461605863723,0.0392785903322715,0.012171854008336707,0.029485608514116735,0.0,1.0,1.0,0.05,2.0,2.0,0.0,0.5,1.0,0.0,1.0
drift_diffusion,256,256,16,10000,100,9,12.506470918655396,0.013599872589111328,0.23169589042663574,false,0.1320748129390967,0.374005974670244,0.0004886115458841091,0.003699505871035538,0.00023700549940490983,0.0017944791601877893,0.0,1.0,1.0,0.05,2.0,2.0,0.0,0.5,1.0,0.0,1.0
drift_diffusion,32,32,16,0,10,8,0.001984119415283203,0.0006551742553710938,0.01903700828552246,false,0.838245160544792,2.34198532836786,0.020692177524995133,0.024685114211153783,0.015825675346876712,0.01887953082436085,0.0,1.0,1.0,0.05,2.0,2.0,0.0,0.5,1.0,0.0,1.0
poisson_2d,256,32,256,0,1000,1,0.003052949905395508,0.13901281356811523,0.16541385650634766,false,0.4797920800418068,0.963347235221196,6.197267840668729e-6,0.000012916569694374128,6.299580846651019e-6,0.00001312981416054659,0.0,1.0,1.0,0.05,2.0,2.0,0.0,0.5,1.0,0.0,1.0
poisson_2d,128,32,128,10000,0,0,0.003144979476928711,0.024278879165649414,0.030761003494262695,false,0.49206945130276947,0.9918880278229051,0.00002517789269402141,0.00005116735580183272,0.000025298111418601268,0.00005141166831556747,0.0,1.0,1.0,0.05,2.0,2.0,0.0,0.5,1.0,0.0,1.0
wave,256,256,16,10000,1000,1,28.057994842529297,0.0009009838104248047,0.20003294944763184,false,0.0002997036932824722,0.0005994119597327171,7.02910511451189e-7,0.002345351516200562,0.000015783443300198566,0.05266349282295072,0.0,1.0,1.0,0.05,2.0,2.0,0.0,0.5,1.0,0.0,1.0
heat,64,64,16,10000,10000,1,96.57632112503052,0.0014638900756835938,0.024953126907348633,false,0.00007857617058465232,0.00022285825774349415,5.762009782879451e-6,0.07333024427125195,0.00016125998597565447,2.0522759607089696,0.0,1.0,1.0,0.05,2.0,2.0,0.0,0.5,1.0,0.0,1.0
wave,64,64,16,0,0,1,0.002187013626098633,0.00018930435180664062,0.03289914131164551,false,0.8635017226596783,1.7272142997790052,0.0005134902463963732,0.0005946603613189883,0.0002556346352812184,0.00029604415205314956,0.0,1.0,1.0,0.05,2.0,2.0,0.0,0.5,1.0,0.0,1.0
poisson_2d,8,32,8,0,1000,7,0.0026369094848632812,0.00003981590270996094,0.0006699562072753906,false,0.45863282348591244,1.048303596539228,0.007526122098231549,0.016409907256589373,0.007418007097193637,0.016174174017489374,0.0,1.0,1.0,0.05,2.0,2.0,0.0,0.5,1.0,0.0,1.0
wave,128,128,16,10000,10,0,12.484607934951782,0.0004730224609375,0.09956669807434082,false,0.41666955847466974,0.8333645496051659,0.00010717381470489706,0.0002572153701298348,0.00006338688741085187,0.0001521274739697723,0.0,1.0,1.0,0.05,2.0,2.0,0.0,0.5,1.0,0.0,1.0
poisson_2d,16,32,16,10000,0,0,0.003144979476928711,0.00011610984802246094,0.001439809799194336,false,0.46494753639460346,0.9918880776418203,0.0017090669237529031,0.003675827464332252,0.00171723760469867,0.0036934008039161666,0.0,1.0,1.0,0.05,2.0,2.0,0.0,0.5,1.0,0.0,1.0
poisson_2d,32,32,32,0,10000,3,0.006891965866088867,0.0007328987121582031,0.0024313926696777344,false,0.48620431657194224,1.0037766535678805,0.0004155829189242737,0.0008547495461463699,0.00041476287710914914,0.0008530629263711561,0.0,1.0,1.0,0.05,2.0,2.0,0.0,0.5,1.0,0.0,1.0
wave,8,8,16,0,10000,1,0.007091999053955078,0.000030040740966796875,0.0036590099334716797,false,0.8292312180481041,1.671573015105873,0.043390295727607,0.052325931276130395,0.018958173771005418,0.022862349316310523,0.0,1.0,1.0,0.05,2.0,2.0,0.0,0.5,1.0,0.0,1.0
poisson_1d,64,32,16,10000,1,2,5.809880971908569,0.00003123283386230469,0.00041294097900390625,false,0.09480930764658886,0.13514055096791705,0.000033248979605275496,0.00035069320123309357,0.00014539741646764722,0.001533577452222628,0.0,1.0,1.0,0.05,2.0,2.0,0.0,0.5,1.0,0.0,1.0
drift_diffusion,128,128,16,10000,10000,7,115.06130599975586,0.004143953323364258,0.09980010986328125,false,0.0059206642738891795,0.016732845061385074,0.00013825977994336874,0.02335207225870046,0.0009525133211054325,0.16087946842487108,0.0,1.0,1.0,0.05,2.0,2.0,0.0,0.5,1.0,0.0,1.0
poisson_2d,16,32,16,0,1000,9,0.0024368762969970703,0.0002181529998779297,0.0011188983917236328,false,0.4743051363608075,1.0118509575697223,0.001727734839886519,0.0036426652537285987,0.00171723760469867,0.003620533435236413,0.0,1.0,1.0,0.05,2.0,2.0,0.0,0.5,1.0,0.0,1.0
heat,16,16,16,10000,10,4,7.6085193157196045,0.0002658367156982422,0.005532264709472656,false,0.09752281212831532,0.2761374995927491,0.017976853876340605,0.1843348595474011,0.002749210983530936,0.02819043999586136,0.0,1.0,1.0,0.05,2.0,2.0,0.0,0.5,1.0,0.0,1.0
heat,16,16,16,10000,1,2,6.941212177276611,0.0002779960632324219,0.005622148513793945,false,0.42026653543692616,1.1899918360164399,0.003586950597422959,0.00853494222111646,0.002749210983530936,0.006541589091010409,0.0,1.0,1.0,0.05,2.0,2.0,0.0,0.5,1.0,0.0,1.0
wave,8,8,16,0,10,8,0.0017621517181396484,0.000027894973754882812,0.003412008285522461,false,0.8313504046678567,1.675844893793569,0.04337636175607222,0.05217578714405276,0.018958173771005418,0.022804071140832168,0.0,1.0,1.0,0.05,2.0,2.0,0.0,0.5,1.0,0.0,1.0
poisson_2d,64,32,64,0,1000,7,0.0026369094848632812,0.004267215728759766,0.008597373962402344,false,0.5159678803964446,1.048315693503887,0.00010349915343790574,0.0002005922410487684,0.00010200512199543541,0.00019769665103389696,0.0,1.0,1.0,0.05,2.0,2.0,0.0,0.5,1.0,0.0,1.0
poisson_2d,256,32,256,0,100,2,0.001967191696166992,0.14141511917114258,0.1654510498046875,false,0.5083813564679703,1.020750017692552,6.331479439848241e-6,0.000012454192820595975,6.299580846651019e-6,0.000012391447417383631,0.0,1.0,1.0,0.05,2.0,2.0,0.0,0.5,1.0,0.0,1.0
heat,256,256,16,0,10,2,0.0015568733215332031,0.013050317764282227,0.16494202613830566,false,0.4386110516738109,1.2444027104698303,0.000012599517194912857,0.000028725945565737692,9.934186103617024e-6,0.000022649192412518006,0.0,1.0,1.0,0.05,2.0,2.0,0.0,0.5,1.0,0.0,1.0
heat,8,8,16,10000,10,6,7.90585994720459,0.0001232624053955078,0.0027971267700195312,false,0.10820763947561464,0.3054773714956912,0.013358890895442175,0.12345607907335124,0.012171854008336707,0.11248608755650483,0.0,1.0,1.0,0.05,2.0,2.0,0.0,0.5,1.0,0.0,1.0
poisson_2d,128,32,128,0,10000,6,0.006663084030151367,0.025623083114624023,0.03416609764099121,false,0.49770434481974646,1.0032465533374413,0.00002528937744320452,0.000050812048772376234,0.000025298111418601268,0.00005082959729387831,0.0,1.0,1.0,0.05,2.0,2.0,0.0,0.5,1.0,0.0,1.0
poisson_2d,16,32,16,10000,100,7,12.446485996246338,0.00013518333435058594,0.0009601116180419922,false,0.0000191156906263435,0.00004078014000286612,0.000010925761349076518,0.5715598542886269,0.00171723760469867,89.8339295323783,0.0,1.0,1.0,0.05,2.0,2.0,0.0,0.5,1.0,0.0,1.0
poisson_2d,64,32,64,10000,1,4,9.703067064285278,0.004595041275024414,0.008865118026733398,false,0.08731163194093869,0.1773950617212722,0.00005993875350925754,0.000686492190980952,0.00010200512199543541,0.001168287887053078,0.0,1.0,1.0,0.05,2.0,2.0,0.0,0.5,1.0,0.0,1.0
poisson_2d,16,32,16,0,1,4,0.002093791961669922,0.00017404556274414062,0.0012278556823730469,false,0.47389317373123163,1.0109721039599604,0.0017221373797515454,0.003634020229057477,0.00171723760469867,0.0036236808206749995,0.0,1.0,1.0,0.05,2.0,2.0,0.0,0.5,1.0,0.0,1.0
poisson_2d,16,32,16,0,10,3,0.0017771720886230469,0.00023174285888671875,0.0012440681457519531,false,0.47052029341434126,1.0037766259505942,0.0017206353845877688,0.0036568781594985807,0.00171723760469867,0.0036496568346446774,0.0,1.0,1.0,0.05,2.0,2.0,0.0,0.5,1.0,0.0,1.0
drift_diffusion,32,32,16,0,100,1,0.002178192138671875,0.0006210803985595703,0.01786494255065918,false,0.8398415723255136,2.3464455664276342,0.02068028218755733,0.024624027755965706,0.015825675346876712,0.018843643692292536,0.0,1.0,1.0,0.05,2.0,2.0,0.0,0.5,1.0,0.0,1.0
drift_diffusion,128,128,16,0,10,0,0.0017619132995605469,0.004693031311035156,0.10763382911682129,false,0.8542414493821303,2.4142375173275625,0.0012504450678217853,0.0014638075320815062,0.0009525133211054325,0.0011150399243614107,0.0,1.0,1.0,0.05,2.0,2.0,0.0,0.5,1.0,0.0,1.0
drift_diffusion,32,32,16,10000,10,5,11.479543924331665,0.0007090568542480469,0.020067214965820312,false,0.768069967492504,2.145921837303949,0.024255068252234387,0.031579243140334216,0.015825675346876712,0.02060447096837068,0.0,1.0,1.0,0.05,2.0,2.0,0.0,0.5,1.0,0.0,1.0
wave,512,512,16,0,10000,0,0.008371829986572266,0.002020120620727539,0.45756101608276367,false,0.8671969242247967,1.7343971565527931,7.7660179883737e-6,8.955310808229498e-6,3.938068844069806e-6,4.541147153618099e-6,0.0,1.0,1.0,0.05,2.0,2.0,0.0,0.5,1.0,0.0,1.0
drift_diffusion,256,256,16,10000,10,0,11.206326007843018,0.01370692253112793,0.2316422462463379,false,2.2314947700567584,6.319088082536094,0.0006342833264587841,0.00028424145777525213,0.00023700549940490983,0.00010620930086198748,0.0,1.0,1.0,0.05,2.0,2.0,0.0,0.5,1.0,0.0,1.0
heat,256,256,16,10000,100,9,9.077844142913818,0.011399269104003906,0.15304994583129883,false,0.0017357311675260255,0.004924519255211731,1.2472879371364459e-6,0.0007185951145384801,9.934186103617024e-6,0.005723343735179832,0.0,1.0,1.0,0.05,2.0,2.0,0.0,0.5,1.0,0.0,1.0
heat,256,256,16,0,10,5,0.001634836196899414,0.0124969482421875,0.17305302619934082,false,0.4366673459015698,1.2388881373141782,0.000012591764035041023,0.000028836055989126695,9.934186103617024e-6,0.000022750009124465903,0.0,1.0,1.0,0.05,2.0,2.0,0.0,0.5,1.0,0.0,1.0
poisson_1d,32,32,16,10000,1000,6,17.207457065582275,0.000024080276489257812,0.0003821849822998047,false,4.678847057730526e-6,6.722765911526225e-6,6.725945836362391e-7,0.14375220547347958,0.000595948894502332,127.37088584781822,0.0,1.0,1.0,0.05,2.0,2.0,0.0,0.5,1.0,0.0,1.0
drift_diffusion,32,32,16,0,10,7,0.0019762516021728516,0.0006868839263916016,0.01929306983947754,false,0.8438141813007277,2.3575446963399944,0.020703173729422014,0.02453522847590492,0.015825675346876712,0.018754929340582607,0.0,1.0,1.0,0.05,2.0,2.0,0.0,0.5,1.0,0.0,1.0
drift_diffusion,128,128,16,10000,100,3,13.041270971298218,0.00465703010559082,0.1057589054107666,false,0.08582918301720358,0.2425684610265426,0.0016524341100720994,0.01925259045913188,0.0009525133211054325,0.011097779189095974,0.0,1.0,1.0,0.05,2.0,2.0,0.0,0.5,1.0,0.0,1.0
drift_diffusion,256,256,16,0,100,0,0.0019059181213378906,0.012000083923339844,0.21968531608581543,false,0.8571739734425506,2.427322668608881,0.0003111979831126793,0.0003630511340222538,0.00023700549940490983,0.00027649637850418746,0.0,1.0,1.0,0.05,2.0,2.0,0.0,0.5,1.0,0.0,1.0
wave,8,8,16,10000,10000,3,144.66152095794678,0.000026702880859375,0.0034601688385009766,false,0.00020214050878144586,0.00040747696466877996,0.0015062654440137194,7.4515763965032225,0.018958173771005418,93.78710821141546,0.0,1.0,1.0,0.05,2.0,2.0,0.0,0.5,1.0,0.0,1.0
poisson_2d,128,32,128,10000,10000,7,144.9688482284546,0.023902177810668945,0.03203296661376953,false,0.00001007359821732831,0.000020305835776661782,9.53350895222557e-8,0.00946385665425058,0.000025298111418601268,2.511328213868314,0.0,1.0,1.0,0.05,2.0,2.0,0.0,0.5,1.0,0.0,1.0
poisson_1d,32,32,16,10000,10000,8,83.62364268302917,0.000024080276489257812,0.0003867149353027344,false,3.5716060710682593e-6,5.1318350969190206e-6,5.204796832374079e-7,0.1457270686817824,0.000595948894502332,166.85739766015107,0.0,1.0,1.0,0.05,2.0,2.0,0.0,0.5,1.0,0.0,1.0
wave,64,64,16,10000,10,0,12.484607934951782,0.00018668174743652344,0.03409409523010254,false,0.4167106058473895,0.833522966314741,0.00043587154795585745,0.0010459814121349363,0.0002556346352812184,0.0006134584330086346,0.0,1.0,1.0,0.05,2.0,2.0,0.0,0.5,1.0,0.0,1.0
poisson_2d,32,32,32,0,1,5,0.002051115036010742,0.0007202625274658203,0.0020308494567871094,false,0.49280283265308183,1.0173993964450718,0.00041765481108082587,0.0008475089496387737,0.00041476287710914914,0.0008416406108629848,0.0,1.0,1.0,0.05,2.0,2.0,0.0,0.5,1.0,0.0,1.0
wave,64,64,16,10000,100,9,12.390563011169434,0.00024890899658203125,0.03739333152770996,false,0.2646046093573531,0.5292738312805673,0.001581440151831258,0.005976616037309823,0.0002556346352812184,0.0009661004617496263,0.0,1.0,1.0,0.05,2.0,2.0,0.0,0.5,1.0,0.0,1.0
wave,256,256,16,0,0,1,0.002187013626098633,0.0009391307830810547,0.2188248634338379,false,0.8668906926287758,1.7337946131111512,0.00003122422599491042,0.00003601864255829703,0.000015783443300198566,0.00001820695900233575,0.0,1.0,1.0,0.05,2.0,2.0,0.0,0.5,1.0,0.0,1.0
poisson_1d,32,32,16,10000,10000,7,82.76921677589417,0.000029087066650390625,0.0004551410675048828,false,2.7067003094210122e-6,3.8891018125562075e-6,5.486560854137803e-7,0.20270293075441093,0.000595948894502332,220.17542629527145,0.0,1.0,1.0,0.05,2.0,2.0,0.0,0.5,1.0,0.0,1.0
drift_diffusion,32,32,16,0,1000,0,0.0028009414672851562,0.0006411075592041016,0.017991065979003906,false,0.8366391426703357,2.3374982517032854,0.020685464243710015,0.024724475808874255,0.015825675346876712,0.018915772093049878,0.0,1.0,1.0,0.05,2.0,2.0,0.0,0.5,1.0,0.0,1.0
poisson_1d,128,32,16,10000,10000,5,82.86012315750122,0.00003719329833984375,0.0005660057067871094,false,7.166516265163956e-6,0.000010174807772367505,9.066623477653109e-8,0.01265136803163199,0.00003591751011898671,5.011850777912636,0.0,1.0,1.0,0.05,2.0,2.0,0.0,0.5,1.0,0.0,1.0
heat,8,8,16,0,1000,9,0.0026628971099853516,0.00013589859008789062,0.002986907958984375,false,0.4095528586159714,1.1561949908975477,0.016224550152005947,0.0396152775171308,0.012171854008336707,0.02971986094656949,0.0,1.0,1.0,0.05,2.0,2.0,0.0,0.5,1.0,0.0,1.0
wave,64,64,16,0,10000,1,0.007091999053955078,0.00018906593322753906,0.03563380241394043,false,0.8635017226596783,1.7272142997790052,0.0005134902463963732,0.0005946603613189883,0.0002556346352812184,0.00029604415205314956,0.0,1.0,1.0,0.05,2.0,2.0,0.0,0.5,1.0,0.0,1.0
wave,8,8,16,10000,100,5,12.742211103439331,0.000029087066650390625,0.004266023635864258,false,0.13815220036244702,0.2784886592269731,0.19535806408847226,1.414078556663908,0.018958173771005418,0.13722672328973398,0.0,1.0,1.0,0.05,2.0,2.0,0.0,0.5,1.0,0.0,1.0
poisson_1d,128,32,16,0,10000,6,0.003688812255859375,0.00004315376281738281,0.0008871555328369141,false,0.65597419235734,0.9313327513556215,0.000034604150516816475,0.0000527523047704992,0.00003591751011898671,0.00005475445610125581,0.0,1.0,1.0,0.05,2.0,2.0,0.0,0.5,1.0,0.0,1.0
drift_diffusion,16,16,16,10000,10000,4,113.64341831207275,0.0003628730773925781,0.010473251342773438,true,0.005543186346394739,0.015267340693821015,0.009704992889625378,1.7507967950486245,0.06769679643284385,12.21261422626939,0.0,1.0,1.0,0.05,2.0,2.0,0.0,0.5,1.0,0.0,1.0
poisson_1d,256,32,16,10000,1000,0,17.56595492362976,0.00006103515625,0.0008029937744140625,false,0.001061743033776437,0.0015044726965294602,1.3380210891492375e-8,0.00001260211790031719,8.926404123405047e-6,0.008407311222617139,0.0,1.0,1.0,0.05,2.0,2.0,0.0,0.5,1.0,0.0,1.0
poisson_2d,16,32,16,0,10,5,0.0019350051879882812,0.00016379356384277344,0.0010340213775634766,false,0.4769058913732205,1.0173992349295367,0.0017292052208186203,0.0036258835382374545,0.00171723760469867,0.0036007892453456427,0.0,1.0,1.0,0.05,2.0,2.0,0.0,0.5,1.0,0.0,1.0
heat,8,8,16,10000,1,1,6.849575042724609,0.0001270771026611328,0.0032587051391601562,false,0.4089962907489853,1.1546237627486868,0.016214014022683364,0.03964342559926648,0.012171854008336707,0.02976030414859429,0.0,1.0,1.0,0.05,2.0,2.0,0.0,0.5,1.0,0.0,1.0
wave,128,128,16,10000,1,2,9.389732837677002,0.00047278404235839844,0.09676384925842285,false,0.8674684162370536,1.7349897809682358,0.00012599601514113283,0.00014524565134911127,0.00006338688741085187,0.00007307111846885971,0.0,1.0,1.0,0.05,2.0,2.0,0.0,0.5,1.0,0.0,1.0
poisson_1d,8,32,16,10000,1,4,5.888246774673462,0.000019788742065429688,0.0004470348358154297,false,0.08915298049535018,0.13478663716050776,0.002951889750020386,0.03311038771355872,0.011214972573078455,0.12579470154296596,0.0,1.0,1.0,0.05,2.0,2.0,0.0,0.5,1.0,0.0,1.0
drift_diffusion,128,128,16,0,1000,7,0.002521038055419922,0.004235982894897461,0.09968113899230957,false,0.8612629830190062,2.4340816140376718,0.001251523875952578,0.0014531262815517516,0.0009525133211054325,0.0011059494485256573,0.0,1.0,1.0,0.05,2.0,2.0,0.0,0.5,1.0,0.0,1.0
poisson_1d,32,32,16,0,100,3,0.0012507438659667969,0.00003719329833984375,0.00047087669372558594,false,0.6865717621514653,0.9864954296341518,0.0005833555639625343,0.000849664370312159,0.000595948894502332,0.0008680067071719431,0.0,1.0,1.0,0.05,2.0,2.0,0.0,0.5,1.0,0.0,1.0
heat,256,256,16,10000,10,2,7.668190002441406,0.011456012725830078,0.15540194511413574,false,0.08588785765873669,0.2436762194183457,9.153846506885132e-6,0.00010657905269050536,9.934186103617024e-6,0.00011566461633132244,0.0,1.0,1.0,0.05,2.0,2.0,0.0,0.5,1.0,0.0,1.0
wave,8,8,16,0,1,9,0.0023207664489746094,0.000028848648071289062,0.0035741329193115234,false,0.8298937212614541,1.6729084960546772,0.04337622094047183,0.05226719979823338,0.018958173771005418,0.022844098328866295,0.0,1.0,1.0,0.05,2.0,2.0,0.0,0.5,1.0,0.0,1.0
wave,16,16,16,10000,1000,1,28.057994842529297,0.00004887580871582031,0.007222890853881836,false,0.0002867469224897821,0.0005746172424224386,0.0002075644345611721,0.7238593277962592,0.004322163832073661,15.073095796611973,0.0,1.0,1.0,0.05,2.0,2.0,0.0,0.5,1.0,0.0,1.0
heat,64,64,16,0,1,3,0.002263784408569336,0.0014929771423339844,0.023983001708984375,false,0.4302900561975142,1.2203915199102153,0.0002056740600897474,0.0004779893402773353,0.00016125998597565447,0.0003747704220746202,0.0,1.0,1.0,0.05,2.0,2.0,0.0,0.5,1.0,0.0,1.0
drift_diffusion,8,8,16,10000,1,5,10.5989670753479,0.0001499652862548828,0.005096912384033203,true,0.6869739858552141,1.847161153664042,0.3529611721042432,0.5137911760440852,0.26151842143576154,0.3806816951157141,0.0,1.0,1.0,0.05,2.0,2.0,0.0,0.5,1.0,0.0,1.0
heat,32,32,16,10000,10000,5,92.76752805709839,0.0006108283996582031,0.012756109237670898,false,0.00006247856757713439,0.00017711482429238706,0.000020908005374265388,0.3346428412978491,0.0006581365706071615,10.533797366490358,0.0,1.0,1.0,0.05,2.0,2.0,0.0,0.5,1.0,0.0,1.0
heat,32,32,16,10000,1000,6,19.479942798614502,0.0006132125854492188,0.01203012466430664,false,0.000395678203650163,0.0011216722507171191,0.00002895267542893209,0.07317227777985755,0.0006581365706071615,1.6633126731157613,0.0,1.0,1.0,0.05,2.0,2.0,0.0,0.5,1.0,0.0,1.0
poisson_1d,256,32,16,0,10,3,0.0011699199676513672,0.000057220458984375,0.0007119178771972656,false,0.6961938600756675,0.986495433127407,8.737835464291136e-6,0.000012550865449088335,8.926404123405047e-6,0.000012821721987658521,0.0,1.0,1.0,0.05,2.0,2.0,0.0,0.5,1.0,0.0,1.0
poisson_2d,32,32,32,0,1,8,0.0018620491027832031,0.0007100105285644531,0.001967906951904297,false,0.48621475533074626,1.0037982045537983,0.00041490729261738746,0.0008533416315906493,0.00041476287710914914,0.000853044611587338,0.0,1.0,1.0,0.05,2.0,2.0,0.0,0.5,1.0,0.0,1.0
poisson_1d,64,32,16,10000,1,5,5.947137117385864,0.000031948089599609375,0.0004000663757324219,false,0.09766749100503082,0.13921458634920036,0.00003501328851184439,0.0003584948087797283,0.00014539741646764722,0.001488698183719675,0.0,1.0,1.0,0.05,2.0,2.0,0.0,0.5,1.0,0.0,1.0
heat,8,8,16,0,0,2,0.002547025680541992,0.00012683868408203125,0.002994060516357422,false,0.4115326042369817,1.1617839446116025,0.016221976957046684,0.03941844896377938,0.012171854008336707,0.029576888642649377,0.0,1.0,1.0,0.05,2.0,2.0,0.0,0.5,1.0,0.0,1.0
poisson_1d,16,32,16,10000,1,4,5.888246774673462,0.00002193450927734375,0.0003540515899658203,false,0.09263588245627496,0.1353033665485303,0.000649541317913881,0.007011768017867915,0.0025081860605056672,0.027075750713440365,0.0,1.0,1.0,0.05,2.0,2.0,0.0,0.5,1.0,0.0,1.0
poisson_1d,16,32,16,0,1000,6,0.0016338825225830078,0.0000209808349609375,0.0003268718719482422,false,0.6376400413843791,0.931332891292672,0.002416430173663213,0.0037896462217411964,0.0025081860605056672,0.0039335454138986455,0.0,1.0,1.0,0.05,2.0,2.0,0.0,0.5,1.0,0.0,1.0
heat,256,256,16,0,10,4,0.0014121532440185547,0.011681079864501953,0.15700578689575195,false,0.43699838857629175,1.2398273530501547,0.00001259335453994713,0.000028817851207587606,9.934186103617024e-6,0.000022732775139015642,0.0,1.0,1.0,0.05,2.0,2.0,0.0,0.5,1.0,0.0,1.0
poisson_1d,64,32,16,0,10000,1,0.003793954849243164,0.000034809112548828125,0.00046062469482421875,false,0.7320563322226301,1.0434681839982636,0.000149736470407716,0.00020454227880673358,0.00014539741646764722,0.00019861506562780405,0.0,1.0,1.0,0.05,2.0,2.0,0.0,0.5,1.0,0.0,1.0
poisson_1d,64,32,16,0,100,0,0.0015621185302734375,0.000031948089599609375,0.0004558563232421875,false,0.7042261065520165,1.0037991670626303,0.00014711738143711805,0.00020890645783841222,0.00014539741646764722,0.00020646411019826014,0.0,1.0,1.0,0.05,2.0,2.0,0.0,0.5,1.0,0.0,1.0
poisson_2d,128,32,128,10000,10000,9,142.07285594940186,0.02568507194519043,0.03423619270324707,false,9.600689678209873e-6,0.000019352571319856116,8.995688323218416e-8,0.00936983552706813,0.000025298111418601268,2.6350306349090125,0.0,1.0,1.0,0.05,2.0,2.0,0.0,0.5,1.0,0.0,1.0
poisson_1d,256,32,16,10000,10000,9,84.43089294433594,0.00004792213439941406,0.0005640983581542969,false,0.000020793714383281408,0.000029464356773605113,1.4135332832611714e-8,0.0006797887367304057,8.926404123405047e-6,0.4292837709908692,0.0,1.0,1.0,0.05,2.0,2.0,0.0,0.5,1.0,0.0,1.0
wave,8,8,16,10000,10000,2,144.22616171836853,0.00003719329833984375,0.003720998764038086,false,0.00016449845642100622,0.00033159771942398365,0.0006906914328850411,4.19877151380018,0.018958173771005418,115.24833839457816,0.0,1.0,1.0,0.05,2.0,2.0,0.0,0.5,1.0,0.0,1.0
poisson_2d,64,32,64,0,100,3,0.002023935317993164,0.004857063293457031,0.008839845657348633,false,0.4940463224185517,1.0037766550726126,0.00010220676440724848,0.00020687688536351413,0.00010200512199543541,0.0002064687406154145,0.0,1.0,1.0,0.05,2.0,2.0,0.0,0.5,1.0,0.0,1.0
poisson_2d,32,32,32,0,10,9,0.00185394287109375,0.0008990764617919922,0.0025038719177246094,false,0.49011535058764294,1.0118510463744883,0.00041729637750031014,0.0008514248268289827,0.00041476287710914914,0.0008462556347436434,0.0,1.0,1.0,0.05,2.0,2.0,0.0,0.5,1.0,0.0,1.0
heat,128,128,16,0,1,0,0.002380847930908203,0.0040130615234375,0.06899380683898926,false,0.4345581207887809,1.2327727851076762,0.000050696370540610114,0.00011666188736408706,0.00003992627534176886,0.00009187787186969912,0.0,1.0,1.0,0.05,2.0,2.0,0.0,0.5,1.0,0.0,1.0
poisson_1d,128,32,16,10000,0,0,0.0021538734436035156,0.00004410743713378906,0.0006601810455322266,false,0.7070151316135906,1.0037991668688158,0.00003634235119615262,0.000051402508335585424,0.00003591751011898671,0.000050801614439303016,0.0,1.0,1.0,0.05,2.0,2.0,0.0,0.5,1.0,0.0,1.0
wave,32,32,16,0,10000,8,0.0073490142822265625,0.00010085105895996094,0.018542051315307617,false,0.8612980247318646,1.7234377773661298,0.0021308651246023224,0.0024740160355826817,0.0010402908397117996,0.0012078175147744686,0.0,1.0,1.0,0.05,2.0,2.0,0.0,0.5,1.0,0.0,1.0
heat,8,8,16,10000,10000,7,94.02420806884766,0.00013017654418945312,0.0033969879150390625,false,0.0018265560318876748,0.005156489303478335,0.0005046488996926203,0.2762843793907913,0.012171854008336707,6.6638273317883945,0.0,1.0,1.0,0.05,2.0,2.0,0.0,0.5,1.0,0.0,1.0
wave,256,256,16,0,100,5,0.001981019973754883,0.0008890628814697266,0.20412683486938477,false,0.8672555386307077,1.734524310682187,0.000031204858436319026,0.00003598115785525884,0.000015783443300198566,0.000018199299511097645,0.0,1.0,1.0,0.05,2.0,2.0,0.0,0.5,1.0,0.0,1.0
heat,16,16,16,10000,1,6,7.055966138839722,0.0002968311309814453,0.005988121032714844,false,0.4262555605364101,1.2069498623476917,0.0035874438356571607,0.008416180732381848,0.002749210983530936,0.00644967770055894,0.0,1.0,1.0,0.05,2.0,2.0,0.0,0.5,1.0,0.0,1.0
poisson_1d,64,32,16,0,100,3,0.0012507438659667969,0.0000400543212890625,0.00045180320739746094,false,0.6920864856782221,0.9864954329235568,0.0001423256966492362,0.00020564727038378978,0.00014539741646764722,0.0002100856171539927,0.0,1.0,1.0,0.05,2.0,2.0,0.0,0.5,1.0,0.0,1.0
poisson_1d,128,32,16,0,1000,8,0.0015888214111328125,0.00004887580871582031,0.0005271434783935547,false,0.6984209541328192,0.991597407939792,0.00003578041509073003,0.00005123044330071122,0.00003591751011898671,0.00005142673613448924,0.0,1.0,1.0,0.05,2.0,2.0,0.0,0.5,1.0,0.0,1.0
poisson_1d,8,32,16,0,1000,4,0.001767873764038086,0.000017881393432617188,0.0003390312194824219,false,0.6628983628173165,1.002208121443706,0.011085319992887461,0.01672250319909507,0.011214972573078455,0.016918087601566618,0.0,1.0,1.0,0.05,2.0,2.0,0.0,0.5,1.0,0.0,1.0
heat,64,64,16,0,1,4,0.0023589134216308594,0.0015630722045898438,0.027463912963867188,false,0.4344006243187953,1.2320499405615213,0.00020573292984706802,0.00047360182819646674,0.00016125998597565447,0.00037122411190944777,0.0,1.0,1.0,0.05,2.0,2.0,0.0,0.5,1.0,0.0,1.0
wave,16,16,16,10000,1000,3,28.13703417778015,0.000052928924560546875,0.008314847946166992,false,0.00033360749082311867,0.0006685219662124895,0.0001709254549196284,0.5123549669039152,0.004322163832073661,12.955835678054395,0.0,1.0,1.0,0.05,2.0,2.0,0.0,0.5,1.0,0.0,1.0
poisson_1d,16,32,16,10000,1000,9,17.35962224006653,0.0000209808349609375,0.0003139972686767578,false,4.371525150295973e-6,6.385021161382042e-6,2.5905256268270904e-6,0.5925908093179884,0.0025081860605056672,573.7553769485863,0.0,1.0,1.0,0.05,2.0,2.0,0.0,0.5,1.0,0.0,1.0
wave,256,256,16,0,1000,5,0.003214120864868164,0.000972747802734375,0.20970702171325684,false,0.8672555386307077,1.734524310682187,0.000031204858436319026,0.00003598115785525884,0.000015783443300198566,0.000018199299511097645,0.0,1.0,1.0,0.05,2.0,2.0,0.0,0.5,1.0,0.0,1.0
heat,8,8,16,10000,1,5,6.8996498584747314,0.00012111663818359375,0.002783060073852539,false,0.4050796913092174,1.1435669417343866,0.016209087290813627,0.04001456414273907,0.012171854008336707,0.03004804800012876,0.0,1.0,1.0,0.05,2.0,2.0,0.0,0.5,1.0,0.0,1.0
poisson_1d,256,32,16,0,10000,7,0.003520965576171875,0.00006413459777832031,0.0006198883056640625,false,0.6678631370233516,0.9463512570422151,8.776598035566628e-6,0.00001314131226748596,8.926404123405047e-6,0.000013365618835005317,0.0,1.0,1.0,0.05,2.0,2.0,0.0,0.5,1.0,0.0,1.0
heat,256,256,16,10000,1,5,6.8996498584747314,0.011432170867919922,0.1710190773010254,false,0.4322341722889486,1.2263105854297087,0.00001258951238626198,0.00002912660125781514,9.934186103617024e-6,0.000022983342689008904,0.0,1.0,1.0,0.05,2.0,2.0,0.0,0.5,1.0,0.0,1.0
poisson_2d,256,32,256,10000,10000,9,142.07285594940186,0.1304948329925537,0.16558384895324707,false,9.638505225842585e-6,0.000019352606571103536,2.2490686449724125e-8,0.0023334205794887323,6.299580846651019e-6,0.6535848348865692,0.0,1.0,1.0,0.05,2.0,2.0,0.0,0.5,1.0,0.0,1.0
drift_diffusion,16,16,16,0,1,2,0.0022430419921875,0.00032591819763183594,0.009964942932128906,true,0.8130163787142802,2.2392532503549374,0.08756141362352252,0.10769944605789346,0.06769679643284385,0.0832662148084899,0.0,1.0,1.0,0.05,2.0,2.0,0.0,0.5,1.0,0.0,1.0
heat,128,128,16,10000,1000,3,19.418092012405396,0.004601955413818359,0.07600092887878418,false,0.00009563167571608157,0.0002712919666603815,1.1451299479506123e-6,0.011974379193659242,0.00003992627534176886,0.41750053047552155,0.0,1.0,1.0,0.05,2.0,2.0,0.0,0.5,1.0,0.0,1.0
poisson_2d,64,32,64,0,100,4,0.002156972885131836,0.004479169845581055,0.008821964263916016,false,0.49758789739045645,1.0109722359679112,0.00010229653681087137,0.00020558485716263195,0.00010200512199543541,0.00020499920221209105,0.0,1.0,1.0,0.05,2.0,2.0,0.0,0.5,1.0,0.0,1.0
drift_diffusion,8,8,16,0,1000,6,0.0024912357330322266,0.00014209747314453125,0.0043468475341796875,true,0.7675037332079018,2.0636925276127713,0.36089106098609325,0.47021407893052536,0.26151842143576154,0.3407389568552382,0.0,1.0,1.0,0.05,2.0,2.0,0.0,0.5,1.0,0.0,1.0
drift_diffusion,32,32,16,10000,100,8,12.444035053253174,0.0006630420684814453,0.018867015838623047,false,0.09781539492069428,0.27328785249877147,0.029702309452537663,0.30365679632147224,0.015825675346876712,0.1617912534086037,0.0,1.0,1.0,0.05,2.0,2.0,0.0,0.5,1.0,0.0,1.0
heat,16,16,16,0,1,0,0.002380847930908203,0.0002601146697998047,0.005540132522583008,false,0.4223782890444346,1.1959713022378002,0.0035853054200926182,0.008488375262383432,0.002749210983530936,0.00650888328031869,0.0,1.0,1.0,0.05,2.0,2.0,0.0,0.5,1.0,0.0,1.0
poisson_1d,256,32,16,0,1,5,0.0015048980712890625,0.000050067901611328125,0.0006158351898193359,false,0.7147977496871863,1.0128568436376562,8.959546746179332e-6,0.000012534380179708533,8.926404123405047e-6,0.000012488013745582532,0.0,1.0,1.0,0.05,2.0,2.0,0.0,0.5,1.0,0.0,1.0
poisson_1d,8,32,16,10000,10,8,6.506143093109131,0.00002002716064453125,0.00033783912658691406,false,0.00013799613686017964,0.00020863054858266794,0.00023386531497490338,1.6947236371673997,0.011214972573078455,81.27019225497273,0.0,1.0,1.0,0.05,2.0,2.0,0.0,0.5,1.0,0.0,1.0
drift_diffusion,256,256,16,0,100,6,0.0019009113311767578,0.013025045394897461,0.23850607872009277,false,0.8607279328984274,2.4373866773373782,0.0003113890771896917,0.00036177410455486865,0.00023700549940490983,0.00027535472051756717,0.0,1.0,1.0,0.05,2.0,2.0,0.0,0.5,1.0,0.0,1.0
wave,16,16,16,0,100,3,0.0022118091583251953,0.00004601478576660156,0.00826716423034668,false,0.8473396756873124,1.6979990006899444,0.009198100172488783,0.010855269069075303,0.004322163832073661,0.00510086327371343,0.0,1.0,1.0,0.05,2.0,2.0,0.0,0.5,1.0,0.0,1.0
wave,256,256,16,0,0,2,0.0020380020141601562,0.0008282661437988281,0.2045760154724121,false,0.8685480065398609,1.737109266222214,0.00003121341066423258,0.000035937461636209604,0.000015783443300198566,0.00001817221751861128,0.0,1.0,1.0,0.05,2.0,2.0,0.0,0.5,1.0,0.0,1.0
drift_diffusion,64,64,16,0,100,4,0.001847982406616211,0.0015861988067626953,0.03774690628051758,false,0.8481866085135552,2.3877937236016997,0.0050524364050100225,0.005956750972364918,0.003851464283566381,0.004540821848527014,0.0,1.0,1.0,0.05,2.0,2.0,0.0,0.5,1.0,0.0,1.0
poisson_1d,16,32,16,10000,10000,1,84.49351096153259,0.000030040740966796875,0.00042819976806640625,false,5.566750927930111e-6,8.130760147307031e-6,3.7137116587302185e-6,0.6671237328098634,0.0025081860605056672,450.56552609103915,0.0,1.0,1.0,0.05,2.0,2.0,0.0,0.5,1.0,0.0,1.0
wave,8,8,16,0,1000,2,0.0027027130126953125,0.00003504753112792969,0.0035338401794433594,false,0.8306597320073215,1.67445262857671,0.0433799227874041,0.05222345698951222,0.018958173771005418,0.022823032152036855,0.0,1.0,1.0,0.05,2.0,2.0,0.0,0.5,1.0,0.0,1.0
poisson_2d,64,32,64,10000,10000,5,141.91124296188354,0.0043048858642578125,0.007901906967163086,false,0.000010054390170004992,0.000020427967329533944,2.9295737375058125e-7,0.02913725932594498,0.00010200512199543541,10.145331568564961,0.0,1.0,1.0,0.05,2.0,2.0,0.0,0.5,1.0,0.0,1.0
poisson_2d,64,32,64,10000,10000,9,142.07285594940186,0.004708766937255859,0.00900888442993164,false,9.524839756598462e-6,0.000019352055378485757,3.5676916829682664e-7,0.03745671081195085,0.00010200512199543541,10.709379328266287,0.0,1.0,1.0,0.05,2.0,2.0,0.0,0.5,1.0,0.0,1.0
poisson_2d,8,32,8,0,100,0,0.0018811225891113281,0.000041961669921875,0.0007579326629638672,false,0.4339514756439407,0.9918890871861497,0.00738254208657274,0.0170123677436925,0.007418007097193637,0.017094093495559733,0.0,1.0,1.0,0.05,2.0,2.0,0.0,0.5,1.0,0.0,1.0
poisson_2d,128,32,128,10000,10,7,10.735282182693481,0.024893999099731445,0.03399491310119629,false,0.0971628757599627,0.19585587554764128,0.000018420008436043185,0.00018957866666636256,0.000025298111418601268,0.00026036808009984486,0.0,1.0,1.0,0.05,2.0,2.0,0.0,0.5,1.0,0.0,1.0
wave,32,32,16,10000,1000,1,28.057994842529297,0.00009894371032714844,0.015771150588989258,false,0.00029404259015218683,0.0005883725417582703,0.00004499148449127786,0.15301009444916275,0.0010402908397117996,3.5378917019232663,0.0,1.0,1.0,0.05,2.0,2.0,0.0,0.5,1.0,0.0,1.0
heat,16,16,16,0,1000,1,0.002048015594482422,0.0003230571746826172,0.006201267242431641,false,0.42662719686357026,1.208002156922676,0.0035871305534621607,0.00840811504712691,0.002749210983530936,0.0064440593655122665,0.0,1.0,1.0,0.05,2.0,2.0,0.0,0.5,1.0,0.0,1.0
wave,16,16,16,10000,100,1,12.769665718078613,0.00004792213439941406,0.007198333740234375,false,0.07823610244597184,0.15677871293278028,0.02703575678965066,0.3455662532309931,0.004322163832073661,0.05524513232312983,0.0,1.0,1.0,0.05,2.0,2.0,0.0,0.5,1.0,0.0,1.0
wave,32,32,16,0,1000,2,0.0027027130126953125,0.00011420249938964844,0.01681208610534668,false,0.8605134783336124,1.721867917849425,0.002131073962213568,0.002476514332280304,0.0010402908397117996,0.0012089187048253173,0.0,1.0,1.0,0.05,2.0,2.0,0.0,0.5,1.0,0.0,1.0
poisson_2d,256,32,256,10000,10,2,10.52458381652832,0.13802695274353027,0.15482020378112793,false,0.09172459705875415,0.18416860272189062,4.361468336412858e-6,0.000047549604754536205,6.299580846651019e-6,0.00006867929703322457,0.0,1.0,1.0,0.05,2.0,2.0,0.0,0.5,1.0,0.0,1.0
poisson_1d,128,32,16,10000,10,7,6.535207033157349,0.000047206878662109375,0.0006771087646484375,false,0.0004762261166901181,0.0006761317513582943,2.031298342610595e-6,0.004265407274863804,0.00003591751011898671,0.07542112635194011,0.0,1.0,1.0,0.05,2.0,2.0,0.0,0.5,1.0,0.0,1.0
wave,64,64,16,0,1,2,0.002025127410888672,0.00020575523376464844,0.03635907173156738,false,0.8651402975940691,1.7304918497637602,0.0005133171999622692,0.0005933340538982982,0.0002556346352812184,0.0002954834446992368,0.0,1.0,1.0,0.05,2.0,2.0,0.0,0.5,1.0,0.0,1.0
heat,64,64,16,10000,10000,7,94.02420806884766,0.0014591217041015625,0.026658058166503906,false,0.0018914742035424006,0.005364611719199217,7.023291408534228e-6,0.0037131309511810734,0.00016125998597565447,0.08525624387244309,0.0,1.0,1.0,0.05,2.0,2.0,0.0,0.5,1.0,0.0,1.0
drift_diffusion,8,8,16,10000,100,9,12.506470918655396,0.00014495849609375,0.0044133663177490234,true,0.120906182259971,0.3250970309020005,0.2321382730475696,1.9199867923083414,0.26151842143576154,2.162986346500029,0.0,1.0,1.0,0.05,2.0,2.0,0.0,0.5,1.0,0.0,1.0
wave,64,64,16,10000,1000,7,27.49932074546814,0.00018978118896484375,0.03280782699584961,false,0.002136505871197607,0.004273533445802614,0.000012651760120571473,0.005921706226568431,0.0002556346352812184,0.1196507993389748,0.0,1.0,1.0,0.05,2.0,2.0,0.0,0.5,1.0,0.0,1.0
poisson_1d,8,32,16,10000,100,6,7.740281105041504,0.00002193450927734375,0.00030732154846191406,false,3.931865609437366e-6,5.944422052056391e-6,0.000011506380679001513,2.9264430226432347,0.011214972573078455,2852.3285602322608,0.0,1.0,1.0,0.05,2.0,2.0,0.0,0.5,1.0,0.0,1.0
wave,16,16,16,10000,100,9,12.390563011169434,0.00005030632019042969,0.0073359012603759766,false,0.26393301307859307,0.5289000448291501,0.06322632827564859,0.23955445185942403,0.004322163832073661,0.01637598791321577,0.0,1.0,1.0,0.05,2.0,2.0,0.0,0.5,1.0,0.0,1.0
wave,16,16,16,10000,1,6,9.741121053695679,0.00006198883056640625,0.008642196655273438,false,0.8530823893104752,1.7095069263461689,0.009202141803133371,0.010786932092891083,0.004322163832073661,0.005066525679386203,0.0,1.0,1.0,0.05,2.0,2.0,0.0,0.5,1.0,0.0,1.0
poisson_2d,64,32,64,10000,100,5,12.581224918365479,0.0046007633209228516,0.008664846420288086,false,0.000010926272143546373,0.000022199410069427544,4.908080047955342e-7,0.04491998719626795,0.00010200512199543541,9.335766183963429,0.0,1.0,1.0,0.05,2.0,2.0,0.0,0.5,1.0,0.0,1.0
wave,16,16,16,10000,100,0,14.675817966461182,0.000049114227294921875,0.007315874099731445,false,0.08488677374902896,0.1701061110831716,0.07265896797797924,0.8559515784260834,0.004322163832073661,0.05091681119666888,0.0,1.0,1.0,0.05,2.0,2.0,0.0,0.5,1.0,0.0,1.0
wave,128,128,16,0,1000,8,0.00263214111328125,0.00039887428283691406,0.08803486824035645,false,0.8682222571819727,1.7364975088709802,0.00012598362510015215,0.0001451052700596075,0.00006338688741085187,0.00007300767388363146,0.0,1.0,1.0,0.05,2.0,2.0,0.0,0.5,1.0,0.0,1.0
wave,64,64,16,10000,0,2,0.0029900074005126953,0.00022029876708984375,0.03613686561584473,false,0.8651402975940691,1.7304918497637602,0.0005133171999622692,0.0005933340538982982,0.0002556346352812184,0.0002954834446992368,0.0,1.0,1.0,0.05,2.0,2.0,0.0,0.5,1.0,0.0,1.0
drift_diffusion,64,64,16,0,10,2,0.001964092254638672,0.0016810894012451172,0.04018688201904297,false,0.8480207697212659,2.387326858381967,0.005052143836628806,0.005957570872101851,0.003851464283566381,0.004541709850847533,0.0,1.0,1.0,0.05,2.0,2.0,0.0,0.5,1.0,0.0,1.0
wave,256,256,16,10000,1000,5,28.86086130142212,0.0009198188781738281,0.20109105110168457,false,0.000286553499778365,0.0005731113720661776,6.621841218907341e-7,0.0023108568640853094,0.000015783443300198566,0.055080267078925126,0.0,1.0,1.0,0.05,2.0,2.0,0.0,0.5,1.0,0.0,1.0
drift_diffusion,128,128,16,10000,10000,8,114.13912391662598,0.004653215408325195,0.10775113105773926,false,0.015690928790236494,0.04434534169994182,0.00014788541649268558,0.009424898836116361,0.0009525133211054325,0.0607047125023037,0.0,1.0,1.0,0.05,2.0,2.0,0.0,0.5,1.0,0.0,1.0
wave,16,16,16,0,1000,6,0.0028700828552246094,0.00005602836608886719,0.00837397575378418,false,0.8530569635110962,1.7094559751359564,0.009202939736793134,0.010788188984373052,0.004322163832073661,0.005066676689777048,0.0,1.0,1.0,0.05,2.0,2.0,0.0,0.5,1.0,0.0,1.0
poisson_1d,8,32,16,10000,1000,0,17.56595492362976,0.0000209808349609375,0.0003631114959716797,false,0.0009944356418069781,0.0015034453731886683,9.320605654858196e-6,0.009372759043431798,0.011214972573078455,11.27772587947343,0.0,1.0,1.0,0.05,2.0,2.0,0.0,0.5,1.0,0.0,1.0
drift_diffusion,8,8,16,0,100,8,0.0020673274993896484,0.00013208389282226562,0.004306793212890625,true,0.7657637457022017,2.0590139846190527,0.3607784608931201,0.47113546824064895,0.26151842143576154,0.34151319242196604,0.0,1.0,1.0,0.05,2.0,2.0,0.0,0.5,1.0,0.0,1.0
poisson_2d,64,32,64,10000,1000,1,28.089892148971558,0.0045888423919677734,0.009011983871459961,false,0.00001126223055695557,0.000022881992242703373,4.243861289985832e-7,0.03768224481363627,0.00010200512199543541,9.057275242117218,0.0,1.0,1.0,0.05,2.0,2.0,0.0,0.5,1.0,0.0,1.0
wave,128,128,16,10000,1,8,9.621138095855713,0.0003960132598876953,0.08394503593444824,false,0.8684426392126166,1.7369382863839353,0.00012598213367019637,0.00014506672977782333,0.00006338688741085187,0.00007298914694967339,0.0,1.0,1.0,0.05,2.0,2.0,0.0,0.5,1.0,0.0,1.0
drift_diffusion,128,128,16,10000,1000,0,25.139152765274048,0.004534006118774414,0.1087801456451416,false,0.010154515593140337,0.0286984581853047,0.00017596887371294618,0.017329125362889435,0.0009525133211054325,0.09380194578152727,0.0,1.0,1.0,0.05,2.0,2.0,0.0,0.5,1.0,0.0,1.0
poisson_1d,256,32,16,10000,100,2,7.93609094619751,0.000051975250244140625,0.0006489753723144531,false,4.922895297446577e-6,6.975662968598437e-6,1.7344800498853337e-8,0.0035232925850560877,8.926404123405047e-6,1.81324273296117,0.0,1.0,1.0,0.05,2.0,2.0,0.0,0.5,1.0,0.0,1.0
wave,8,8,16,0,1000,7,0.0028791427612304688,0.000031948089599609375,0.003717184066772461,false,0.8377079777071502,1.6886605564251118,0.04337158934338701,0.05177411520193143,0.018958173771005418,0.022631005404645795,0.0,1.0,1.0,0.05,2.0,2.0,0.0,0.5,1.0,0.0,1.0
drift_diffusion,256,256,16,10000,1000,0,25.139152765274048,0.012536048889160156,0.2359330654144287,false,0.010179618053397845,0.028826374136812095,0.00004384842928064645,0.004307472937652105,0.00023700549940490983,0.023282356780154206,0.0,1.0,1.0,0.05,2.0,2.0,0.0,0.5,1.0,0.0,1.0
wave,128,128,16,10000,100,1,12.769665718078613,0.00045990943908691406,0.09002494812011719,false,0.07843401088119151,0.15687280921364566,0.0001592589314805345,0.002030483073494392,0.00006338688741085187,0.0008081556291551574,0.0,1.0,1.0,0.05,2.0,2.0,0.0,0.5,1.0,0.0,1.0
poisson_2d,256,32,256,0,10,2,0.0018000602722167969,0.13758611679077148,0.1652507781982422,false,0.5083813564679703,1.020750017692552,6.331479439848241e-6,0.000012454192820595975,6.299580846651019e-6,0.000012391447417383631,0.0,1.0,1.0,0.05,2.0,2.0,0.0,0.5,1.0,0.0,1.0
drift_diffusion,32,32,16,0,100,3,0.002122163772583008,0.0006730556488037109,0.02777099609375,false,0.8337110087621126,2.32931729585011,0.020679091594791966,0.024803668630328048,0.015825675346876712,0.018982207480232924,0.0,1.0,1.0,0.05,2.0,2.0,0.0,0.5,1.0,0.0,1.0
wave,32,32,16,0,0,2,0.0020380020141601562,0.00009417533874511719,0.015530109405517578,false,0.8605134783336124,1.721867917849425,0.002131073962213568,0.002476514332280304,0.0010402908397117996,0.0012089187048253173,0.0,1.0,1.0,0.05,2.0,2.0,0.0,0.5,1.0,0.0,1.0
drift_diffusion,8,8,16,10000,0,1,0.003513813018798828,0.00013494491577148438,0.0044019222259521484,true,0.7670221951996297,2.0623977503414226,0.36057461727242734,0.470096718881234,0.26151842143576154,0.3409528734272118,0.0,1.0,1.0,0.05,2.0,2.0,0.0,0.5,1.0,0.0,1.0
heat,32,32,16,10000,1000,3,19.418092012405396,0.000637054443359375,0.01114511489868164,false,0.00009326806477813366,0.0002643971772380345,0.00001838753081742623,0.19714712491512315,0.0006581365706071615,7.056397837480953,0.0,1.0,1.0,0.05,2.0,2.0,0.0,0.5,1.0,0.0,1.0
poisson_2d,128,32,128,10000,10000,1,142.62743616104126,0.02450418472290039,0.032442331314086914,false,0.000033138029484628525,0.00006679791770129842,1.060682144662274e-7,0.0032008002924588004,0.000025298111418601268,0.7634162867245852,0.0,1.0,1.0,0.05,2.0,2.0,0.0,0.5,1.0,0.0,1.0
poisson_1d,32,32,16,0,1,4,0.0016210079193115234,0.000030040740966796875,0.00043511390686035156,false,0.6975089884058483,1.0022105002321808,0.0005890746248414319,0.0008445405502053208,0.000595948894502332,0.0008543960069451848,0.0,1.0,1.0,0.05,2.0,2.0,0.0,0.5,1.0,0.0,1.0
drift_diffusion,8,8,16,0,100,9,0.001920938491821289,0.0001380443572998047,0.004519939422607422,true,0.7638067095822806,2.0537518332545646,0.36063678339808236,0.47215712938069304,0.26151842143576154,0.3423882222490343,0.0,1.0,1.0,0.05,2.0,2.0,0.0,0.5,1.0,0.0,1.0
poisson_1d,8,32,16,0,10000,5,0.0037839412689208984,0.00002193450927734375,0.0004930496215820312,false,0.6699407314469691,1.0128551820350793,0.011256458224247503,0.016802170245620505,0.011214972573078455,0.01674024588541711,0.0,1.0,1.0,0.05,2.0,2.0,0.0,0.5,1.0,0.0,1.0
drift_diffusion,16,16,16,0,1,4,0.0020148754119873047,0.00028896331787109375,0.008800983428955078,true,0.8130261562869663,2.2392801802692555,0.08756662225269914,0.10770455732028325,0.06769679643284385,0.08326521343668743,0.0,1.0,1.0,0.05,2.0,2.0,0.0,0.5,1.0,0.0,1.0
poisson_1d,256,32,16,0,1,7,0.001271963119506836,0.000052928924560546875,0.0006070137023925781,false,0.6678631370233516,0.9463512570422151,8.776598035566628e-6,0.00001314131226748596,8.926404123405047e-6,0.000013365618835005317,0.0,1.0,1.0,0.05,2.0,2.0,0.0,0.5,1.0,0.0,1.0
poisson_1d,256,32,16,10000,1,1,5.950311899185181,0.00006079673767089844,0.0005900859832763672,false,0.113777192432155,0.16122044040460215,3.1439301047328207e-6,0.00002763234034455134,8.926404123405047e-6,0.0000784551273641932,0.0,1.0,1.0,0.05,2.0,2.0,0.0,0.5,1.0,0.0,1.0
drift_diffusion,16,16,16,10000,100,9,12.506470918655396,0.0002892017364501953,0.008385658264160156,true,0.12463004003284642,0.3432627306681779,0.08433607022270587,0.6766913514629291,0.06769679643284385,0.5431820162699315,0.0,1.0,1.0,0.05,2.0,2.0,0.0,0.5,1.0,0.0,1.0
wave,64,64,16,10000,100,1,12.769665718078613,0.0001857280731201172,0.0331881046295166,false,0.07841323248184107,0.15684561232532646,0.0006580618068175694,0.008392229040805868,0.0002556346352812184,0.003260095613841936,0.0,1.0,1.0,0.05,2.0,2.0,0.0,0.5,1.0,0.0,1.0
poisson_2d,256,32,256,10000,100,7,12.446485996246338,0.14245009422302246,0.15624189376831055,false,0.000020416163975190406,0.000040992454726656804,5.65519114707459e-8,0.0027699577422668838,6.299580846651019e-6,0.3085584958210256,0.0,1.0,1.0,0.05,2.0,2.0,0.0,0.5,1.0,0.0,1.0
poisson_2d,32,32,32,0,100,3,0.002023935317993164,0.0009081363677978516,0.0035729408264160156,false,0.48620431657194224,1.0037766535678805,0.0004155829189242737,0.0008547495461463699,0.00041476287710914914,0.0008530629263711561,0.0,1.0,1.0,0.05,2.0,2.0,0.0,0.5,1.0,0.0,1.0
poisson_1d,256,32,16,0,1000,4,0.001767873764038086,0.00006604194641113281,0.0008130073547363281,false,0.7072843700853502,1.0022105063318971,8.823449759826718e-6,0.000012475109210687016,8.926404123405047e-6,0.000012620672110042344,0.0,1.0,1.0,0.05,2.0,2.0,0.0,0.5,1.0,0.0,1.0
poisson_1d,16,32,16,10000,100,9,7.738913059234619,0.00002002716064453125,0.00030517578125,false,0.00008669079232095776,0.00012662000661915784,3.7443732765723094e-6,0.043192283474640436,0.0025081860605056672,28.932554350370292,0.0,1.0,1.0,0.05,2.0,2.0,0.0,0.5,1.0,0.0,1.0
poisson_1d,64,32,16,0,10,1,0.001161813735961914,0.000027894973754882812,0.00035119056701660156,false,0.7320563322226301,1.0434681839982636,0.000149736470407716,0.00020454227880673358,0.00014539741646764722,0.00019861506562780405,0.0,1.0,1.0,0.05,2.0,2.0,0.0,0.5,1.0,0.0,1.0
drift_diffusion,32,32,16,0,100,6,0.0019009113311767578,0.0006780624389648438,0.019057273864746094,false,0.8401662089749431,2.3473525734773624,0.020698057615927964,0.02463567017433482,0.015825675346876712,0.018836362588522875,0.0,1.0,1.0,0.05,2.0,2.0,0.0,0.5,1.0,0.0,1.0
wave,256,256,16,10000,1000,2,28.119762897491455,0.0009298324584960938,0.20444226264953613,false,0.00099210692162735,0.001984228981778191,6.220633511691763e-7,0.0006270124092559953,0.000015783443300198566,0.0159090143976694,0.0,1.0,1.0,0.05,2.0,2.0,0.0,0.5,1.0,0.0,1.0
heat,256,256,16,10000,10000,7,94.02420806884766,0.012279033660888672,0.16322588920593262,false,0.001898204395905205,0.00538547919911254,4.388551079960841e-7,0.00023119486444281583,9.934186103617024e-6,0.00523346491297063,0.0,1.0,1.0,0.05,2.0,2.0,0.0,0.5,1.0,0.0,1.0
heat,8,8,16,10000,100,6,9.302517890930176,0.00011897087097167969,0.002730131149291992,false,0.0005257891259731213,0.001484337713507576,0.0006692248161929512,1.2728007924360063,0.012171854008336707,23.149687597298517,0.0,1.0,1.0,0.05,2.0,2.0,0.0,0.5,1.0,0.0,1.0
poisson_1d,128,32,16,10000,1000,4,17.658069849014282,0.00003695487976074219,0.0006229877471923828,false,0.00005382241664507204,0.00007641547482001736,5.524028995811783e-8,0.0010263435460784532,0.00003591751011898671,0.6673336568250986,0.0,1.0,1.0,0.05,2.0,2.0,0.0,0.5,1.0,0.0,1.0
drift_diffusion,256,256,16,10000,100,4,13.016759872436523,0.013401269912719727,0.23311781883239746,false,0.10389428414873654,0.294205095892383,0.000423277413357777,0.004074116461997145,0.00023700549940490983,0.002281217887459614,0.0,1.0,1.0,0.05,2.0,2.0,0.0,0.5,1.0,0.0,1.0
drift_diffusion,64,64,16,10000,1,1,10.784044027328491,0.0018246173858642578,0.041460275650024414,false,0.6712159943480019,1.889590477376205,0.004911558608103076,0.007317404009232539,0.003851464283566381,0.005738040088433189,0.0,1.0,1.0,0.05,2.0,2.0,0.0,0.5,1.0,0.0,1.0
poisson_2d,8,32,8,10000,10,7,10.735282182693481,0.00003695487976074219,0.0006930828094482422,false,0.08573177813128886,0.19595835001437445,0.01389306006165259,0.16205262931064918,0.007418007097193637,0.08652575811309733,0.0,1.0,1.0,0.05,2.0,2.0,0.0,0.5,1.0,0.0,1.0
wave,128,128,16,0,10,1,0.0024251937866210938,0.00045108795166015625,0.08647394180297852,false,0.8657668740771844,1.7315865927898517,0.00012603987852110687,0.00014558177529655657,0.00006338688741085187,0.00007321472940208708,0.0,1.0,1.0,0.05,2.0,2.0,0.0,0.5,1.0,0.0,1.0
wave,8,8,16,0,10000,5,0.007911920547485352,0.000032901763916015625,0.0039060115814208984,false,0.8291937124091808,1.6714974108442704,0.043365285079893054,0.052298135442799466,0.018958173771005418,0.022863383413657817,0.0,1.0,1.0,0.05,2.0,2.0,0.0,0.5,1.0,0.0,1.0
poisson_1d,16,32,16,0,10000,3,0.003840923309326172,0.000024080276489257812,0.0003581047058105469,false,0.6754072081521889,0.9864953690841092,0.0024551275247156785,0.0036350330512943925,0.0025081860605056672,0.0037135908978047204,0.0,1.0,1.0,0.05,2.0,2.0,0.0,0.5,1.0,0.0,1.0
poisson_2d,64,32,64,0,10,3,0.0017771720886230469,0.004948854446411133,0.008526086807250977,false,0.4940463224185517,1.0037766550726126,0.00010220676440724848,0.00020687688536351413,0.00010200512199543541,0.0002064687406154145,0.0,1.0,1.0,0.05,2.0,2.0,0.0,0.5,1.0,0.0,1.0
drift_diffusion,128,128,16,10000,10000,9,113.34191489219666,0.004402875900268555,0.10804104804992676,false,0.009651495608757955,0.02727683468630468,0.00018302264465360765,0.018963138157315994,0.0009525133211054325,0.09869074801641037,0.0,1.0,1.0,0.05,2.0,2.0,0.0,0.5,1.0,0.0,1.0
poisson_1d,32,32,16,0,100,7,0.0012197494506835938,0.000030040740966796875,0.0004439353942871094,false,0.6586326087342733,0.9463512689312145,0.0005859543317298757,0.0008896527805629498,0.000595948894502332,0.000904827496542566,0.0,1.0,1.0,0.05,2.0,2.0,0.0,0.5,1.0,0.0,1.0
poisson_1d,16,32,16,0,10,0,0.0015277862548828125,0.0000209808349609375,0.00033402442932128906,false,0.6872543528252469,1.0037992314293387,0.0025379212851637844,0.003692841339935637,0.0025081860605056672,0.0036495746446635327,0.0,1.0,1.0,0.05,2.0,2.0,0.0,0.5,1.0,0.0,1.0
heat,128,128,16,0,10,0,0.0015568733215332031,0.0040209293365478516,0.07195186614990234,false,0.4345581207887809,1.2327727851076762,0.000050696370540610114,0.00011666188736408706,0.00003992627534176886,0.00009187787186969912,0.0,1.0,1.0,0.05,2.0,2.0,0.0,0.5,1.0,0.0,1.0
wave,16,16,16,10000,1,2,9.389732837677002,0.00005984306335449219,0.008699178695678711,false,0.8509552517670236,1.7052443177055652,0.009203321540422986,0.01081528261481685,0.004322163832073661,0.005079190501614052,0.0,1.0,1.0,0.05,2.0,2.0,0.0,0.5,1.0,0.0,1.0
wave,128,128,16,0,10000,7,0.00733494758605957,0.0003910064697265625,0.09195709228515625,false,0.8742203271269698,1.74849401487087,0.00012599876813952786,0.00014412701721728334,0.00006338688741085187,0.00007250676453516699,0.0,1.0,1.0,0.05,2.0,2.0,0.0,0.5,1.0,0.0,1.0
wave,256,256,16,10000,0,1,0.002831697463989258,0.0008370876312255859,0.18915510177612305,false,0.8668906926287758,1.7337946131111512,0.00003122422599491042,0.00003601864255829703,0.000015783443300198566,0.00001820695900233575,0.0,1.0,1.0,0.05,2.0,2.0,0.0,0.5,1.0,0.0,1.0
poisson_1d,256,32,16,0,10000,3,0.003840923309326172,0.00005316734313964844,0.0006122589111328125,false,0.6961938600756675,0.986495433127407,8.737835464291136e-6,0.000012550865449088335,8.926404123405047e-6,0.000012821721987658521,0.0,1.0,1.0,0.05,2.0,2.0,0.0,0.5,1.0,0.0,1.0
heat,8,8,16,0,10,7,0.0016489028930664062,0.00012373924255371094,0.0030069351196289062,false,0.42462565832198185,1.1987465081248572,0.016202877441043467,0.038158027249397326,0.012171854008336707,0.028664904651397975,0.0,1.0,1.0,0.05,2.0,2.0,0.0,0.5,1.0,0.0,1.0
drift_diffusion,16,16,16,10000,1,4,10.608788967132568,0.00029730796813964844,0.00904703140258789,true,0.6568867347476643,1.8092326236095209,0.0856667223610855,0.13041323234209226,0.06769679643284385,0.10305703076626871,0.0,1.0,1.0,0.05,2.0,2.0,0.0,0.5,1.0,0.0,1.0
wave,128,128,16,10000,10000,5,143.17898321151733,0.0004360675811767578,0.09513115882873535,false,0.000287578660581866,0.000575174874375741,3.3626597842267023e-6,0.011693008714282794,0.00006338688741085187,0.22041582390910838,0.0,1.0,1.0,0.05,2.0,2.0,0.0,0.5,1.0,0.0,1.0
poisson_1d,32,32,16,10000,100,1,7.605097055435181,0.000024080276489257812,0.00033783912658691406,false,7.902879332152355e-6,0.000011355192234659046,1.4668356955140953e-6,0.18560775558444984,0.000595948894502332,75.40908439158515,0.0,1.0,1.0,0.05,2.0,2.0,0.0,0.5,1.0,0.0,1.0
heat,8,8,16,0,1000,1,0.002048015594482422,0.00012493133544921875,0.0029239654541015625,false,0.41280660707779604,1.165380539463648,0.016214461605863723,0.0392785903322715,0.012171854008336707,0.029485608514116735,0.0,1.0,1.0,0.05,2.0,2.0,0.0,0.5,1.0,0.0,1.0
drift_diffusion,256,256,16,0,1000,8,0.002511739730834961,0.012651205062866211,0.2274949550628662,false,0.8587672072618118,2.4318343461512533,0.0003112989335592351,0.00036249513363675705,0.00023700549940490983,0.00027598340667968016,0.0,1.0,1.0,0.05,2.0,2.0,0.0,0.5,1.0,0.0,1.0
poisson_1d,256,32,16,0,10,6,0.0011892318725585938,0.000051021575927734375,0.0005438327789306641,false,0.6572642116628814,0.9313327513302778,8.600002802813809e-6,0.000013084544465087733,8.926404123405047e-6,0.000013581150418674408,0.0,1.0,1.0,0.05,2.0,2.0,0.0,0.5,1.0,0.0,1.0
poisson_2d,256,32,256,10000,10,7,10.735282182693481,0.13860797882080078,0.16666603088378906,false,0.09754540688020125,0.1958558757751491,4.5852863604530885e-6,0.000047006686497134885,6.299580846651019e-6,0.00006458100948195068,0.0,1.0,1.0,0.05,2.0,2.0,0.0,0.5,1.0,0.0,1.0
drift_diffusion,256,256,16,10000,10000,7,115.06130599975586,0.013280868530273438,0.22629499435424805,false,0.005942194630828374,0.016826950158983556,0.00003441884655335903,0.005792278558967409,0.00023700549940490983,0.039885179488283774,0.0,1.0,1.0,0.05,2.0,2.0,0.0,0.5,1.0,0.0,1.0
poisson_2d,128,32,128,10000,100,3,12.48266887664795,0.024490833282470703,0.031004905700683594,false,0.000013470941073049767,0.00002715402295039952,1.326832789865588e-7,0.009849592412739645,0.000025298111418601268,1.8779765482773416,0.0,1.0,1.0,0.05,2.0,2.0,0.0,0.5,1.0,0.0,1.0
wave,256,256,16,10000,1,6,9.741121053695679,0.0009810924530029297,0.22066378593444824,false,0.8707457587381392,1.7415048041541918,0.000031211227770015254,0.00003584424897486231,0.000015783443300198566,0.00001812635105231118,0.0,1.0,1.0,0.05,2.0,2.0,0.0,0.5,1.0,0.0,1.0
poisson_1d,256,32,16,0,10000,2,0.0039899349212646484,0.00005507469177246094,0.0006461143493652344,false,0.6500561941985006,0.921119107231576,8.54422827528717e-6,0.000013143830258893142,8.926404123405047e-6,0.000013731742275621308,0.0,1.0,1.0,0.05,2.0,2.0,0.0,0.5,1.0,0.0,1.0
drift_diffusion,128,128,16,10000,100,6,12.726716995239258,0.004119873046875,0.09910178184509277,false,0.13023487922289997,0.36806681730553614,0.00182033742656763,0.013977341841367083,0.0009525133211054325,0.007313811221609715,0.0,1.0,1.0,0.05,2.0,2.0,0.0,0.5,1.0,0.0,1.0
poisson_1d,32,32,16,0,10,0,0.0015277862548828125,0.000026941299438476562,0.00037670135498046875,false,0.6986146560344731,1.003799170379224,0.0006030014944655201,0.0008631389124990886,0.000595948894502332,0.0008530437908146674,0.0,1.0,1.0,0.05,2.0,2.0,0.0,0.5,1.0,0.0,1.0
poisson_1d,16,32,16,10000,100,4,7.854598760604858,0.000024080276489257812,0.0004849433898925781,false,0.0010919831764958478,0.0015949435151544557,3.270535179155726e-6,0.002995041727337328,0.0025081860605056672,2.2969090682826785,0.0,1.0,1.0,0.05,2.0,2.0,0.0,0.5,1.0,0.0,1.0
drift_diffusion,256,256,16,10000,10,8,11.110510110855103,0.011760234832763672,0.21773195266723633,false,0.7645325456011156,2.1649831146573164,0.00036229536983778214,0.00047387828277856565,0.00023700549940490983,0.0003100005366266829,0.0,1.0,1.0,0.05,2.0,2.0,0.0,0.5,1.0,0.0,1.0
drift_diffusion,32,32,16,0,1000,2,0.0027539730072021484,0.0006849765777587891,0.018910884857177734,false,0.8363603301896919,2.336719273464259,0.020686832172890766,0.0247343536346336,0.015825675346876712,0.018922077931753822,0.0,1.0,1.0,0.05,2.0,2.0,0.0,0.5,1.0,0.0,1.0
poisson_1d,128,32,16,10000,1,7,5.724309921264648,0.00004887580871582031,0.0006768703460693359,false,0.09095397154542316,0.12913375793292672,0.00001031666476705726,0.00011342731484688409,0.00003591751011898671,0.00039489765547015364,0.0,1.0,1.0,0.05,2.0,2.0,0.0,0.5,1.0,0.0,1.0
wave,32,32,16,10000,1,4,9.316441059112549,0.00009274482727050781,0.015023946762084961,false,0.8576229021640601,1.7160839406128447,0.0021301948705818,0.0024838362702379203,0.0010402908397117996,0.0012129933063667131,0.0,1.0,1.0,0.05,2.0,2.0,0.0,0.5,1.0,0.0,1.0
poisson_2d,16,32,16,0,1000,1,0.003052949905395508,0.00010895729064941406,0.0010330677032470703,false,0.4515691583905739,0.9633475378998906,0.0016893226973963493,0.0037410054827863373,0.00171723760469867,0.0038028230511114453,0.0,1.0,1.0,0.05,2.0,2.0,0.0,0.5,1.0,0.0,1.0
heat,128,128,16,0,10000,4,0.006983757019042969,0.004122018814086914,0.07179021835327148,false,0.43613340119916805,1.2372416069428627,0.000050722855722153943,0.0001163012408191833,0.00003992627534176886,0.00009154601604002305,0.0,1.0,1.0,0.05,2.0,2.0,0.0,0.5,1.0,0.0,1.0
poisson_2d,64,32,64,0,1,2,0.001962900161743164,0.004800081253051758,0.010106086730957031,false,0.5024003989260288,1.020750016865582,0.00010252162466432133,0.00020406358132573084,0.00010200512199543541,0.00020303551154316293,0.0,1.0,1.0,0.05,2.0,2.0,0.0,0.5,1.0,0.0,1.0
heat,64,64,16,10000,10,7,7.647174119949341,0.0015649795532226562,0.02495408058166504,false,0.11235586221633541,0.3186644438701032,0.0002056563675749478,0.0018304017566877543,0.00016125998597565447,0.0014352609894547075,0.0,1.0,1.0,0.05,2.0,2.0,0.0,0.5,1.0,0.0,1.0
heat,256,256,16,0,10000,2,0.006754875183105469,0.013221979141235352,0.17081809043884277,false,0.4386110516738109,1.2444027104698303,0.000012599517194912857,0.000028725945565737692,9.934186103617024e-6,0.000022649192412518006,0.0,1.0,1.0,0.05,2.0,2.0,0.0,0.5,1.0,0.0,1.0
drift_diffusion,16,16,16,10000,100,2,12.696424961090088,0.00030612945556640625,0.010169267654418945,true,0.09987855043913194,0.2750908524933477,0.08735254998178668,0.8745876827179331,0.06769679643284385,0.6777911386899794,0.0,1.0,1.0,0.05,2.0,2.0,0.0,0.5,1.0,0.0,1.0
poisson_1d,32,32,16,0,10,9,0.0011751651763916016,0.00002193450927734375,0.0003139972686767578,false,0.7075670772925226,1.016662388970607,0.0006033867629486462,0.000852762631717521,0.000595948894502332,0.0008422507400750001,0.0,1.0,1.0,0.05,2.0,2.0,0.0,0.5,1.0,0.0,1.0
heat,256,256,16,0,1,3,0.002263784408569336,0.012733936309814453,0.18143630027770996,false,0.4328711140033945,1.2281176807886676,0.00001258978932823484,0.00002908438313612238,9.934186103617024e-6,0.0000229495241937976,0.0,1.0,1.0,0.05,2.0,2.0,0.0,0.5,1.0,0.0,1.0
poisson_1d,128,32,16,0,1000,6,0.0016338825225830078,0.000036716461181640625,0.0004968643188476562,false,0.65597419235734,0.9313327513556215,0.000034604150516816475,0.0000527523047704992,0.00003591751011898671,0.00005475445610125581,0.0,1.0,1.0,0.05,2.0,2.0,0.0,0.5,1.0,0.0,1.0
wave,64,64,16,10000,10000,3,144.66152095794678,0.00025010108947753906,0.032013893127441406,false,0.00020160015277059657,0.0004032495333425536,0.000013564416056932314,0.06728375881917466,0.0002556346352812184,1.2680279839469248,0.0,1.0,1.0,0.05,2.0,2.0,0.0,0.5,1.0,0.0,1.0
poisson_2d,8,32,8,0,1000,3,0.002557992935180664,0.00004410743713378906,0.0007009506225585938,false,0.43915201466832715,1.0037760335276045,0.0074327366509285685,0.01692520221395818,0.007418007097193637,0.016891661314126363,0.0,1.0,1.0,0.05,2.0,2.0,0.0,0.5,1.0,0.0,1.0
drift_diffusion,8,8,16,10000,10000,0,116.79411101341248,0.00015783309936523438,0.005396127700805664,true,0.004535843610517399,0.012196144670620501,0.032832087505160396,7.23836408932418,0.26151842143576154,57.65596080723882,0.0,1.0,1.0,0.05,2.0,2.0,0.0,0.5,1.0,0.0,1.0
poisson_2d,8,32,8,10000,1,6,9.572857141494751,0.00004410743713378906,0.0007419586181640625,false,0.09276982964559752,0.2120453249042228,0.004648198453499566,0.050104635001021004,0.007418007097193637,0.07996141768861874,0.0,1.0,1.0,0.05,2.0,2.0,0.0,0.5,1.0,0.0,1.0
drift_diffusion,64,64,16,0,100,9,0.001920938491821289,0.0015909671783447266,0.037281036376953125,false,0.8475998352933019,2.3861418543096886,0.0050517583024680315,0.005960074662732715,0.003851464283566381,0.00454396535156667,0.0,1.0,1.0,0.05,2.0,2.0,0.0,0.5,1.0,0.0,1.0
poisson_2d,128,32,128,10000,100,6,12.506900310516357,0.025629043579101562,0.03333282470703125,false,0.000016736583388782558,0.000033736735019908135,1.2494509856288364e-7,0.0074653885837822585,0.000025298111418601268,1.5115457456750574,0.0,1.0,1.0,0.05,2.0,2.0,0.0,0.5,1.0,0.0,1.0
drift_diffusion,128,128,16,10000,1,5,10.5989670753479,0.004185199737548828,0.10170602798461914,false,0.736676704470533,2.08197874191235,0.001216665113796347,0.0016515590983303765,0.0009525133211054325,0.0012929868900768706,0.0,1.0,1.0,0.05,2.0,2.0,0.0,0.5,1.0,0.0,1.0
wave,64,64,16,10000,1000,6,27.90100598335266,0.00021576881408691406,0.03381013870239258,false,0.00027787654967326256,0.0005558209527256126,0.000012178472809808293,0.04382691819127524,0.0002556346352812184,0.9199575695815676,0.0,1.0,1.0,0.05,2.0,2.0,0.0,0.5,1.0,0.0,1.0
wave,64,64,16,0,10000,5,0.007911920547485352,0.00018787384033203125,0.037094831466674805,false,0.8638319764617826,1.72787488802635,0.0005131714747581765,0.0005940639947829948,0.0002556346352812184,0.0002959309706596953,0.0,1.0,1.0,0.05,2.0,2.0,0.0,0.5,1.0,0.0,1.0
poisson_1d,32,32,16,10000,1000,0,17.56595492362976,0.000023126602172851562,0.0003600120544433594,false,0.0010470663784899195,0.001504469385206107,8.347456237613879e-7,0.000797223214219885,0.000595948894502332,0.5691605677968129,0.0,1.0,1.0,0.05,2.0,2.0,0.0,0.5,1.0,0.0,1.0
drift_diffusion,8,8,16,0,10,5,0.0018281936645507812,0.0001647472381591797,0.00557398796081543,true,0.7635759491012499,2.053131355907333,0.3606507081840155,0.47231805638785684,0.26151842143576154,0.34249169548042463,0.0,1.0,1.0,0.05,2.0,2.0,0.0,0.5,1.0,0.0,1.0
wave,128,128,16,10000,0,0,0.0032138824462890625,0.0004189014434814453,0.09250593185424805,false,0.8654947985542127,1.731042425136976,0.00012596419978635966,0.0001455401002949754,0.00006338688741085187,0.0000732377450641391,0.0,1.0,1.0,0.05,2.0,2.0,0.0,0.5,1.0,0.0,1.0
poisson_2d,16,32,16,10000,1,7,9.51289439201355,0.00012993812561035156,0.0009131431579589844,false,0.1391374016584246,0.29682645687130566,0.0005434403767224726,0.003905782127918353,0.00171723760469867,0.012342027263915721,0.0,1.0,1.0,0.05,2.0,2.0,0.0,0.5,1.0,0.0,1.0
poisson_2d,32,32,32,0,1,0,0.0017731189727783203,0.0008230209350585938,0.002396821975708008,false,0.4804457647926603,0.9918880305396854,0.000412791342849829,0.0008591840600946329,0.00041476287710914914,0.0008632876122617978,0.0,1.0,1.0,0.05,2.0,2.0,0.0,0.5,1.0,0.0,1.0
poisson_2d,256,32,256,0,1000,4,0.002780914306640625,0.1499490737915039,0.1648399829864502,false,0.5035115630460162,1.010972236390432,6.317579160860565e-6,0.000012547038885546303,6.299580846651019e-6,0.000012511293302861639,0.0,1.0,1.0,0.05,2.0,2.0,0.0,0.5,1.0,0.0,1.0
drift_diffusion,64,64,16,10000,10,4,11.507652997970581,0.0015718936920166016,0.039041996002197266,false,0.7270656508928174,2.046817033448258,0.005484751441920766,0.007543681145142307,0.003851464283566381,0.005297271682188375,0.0,1.0,1.0,0.05,2.0,2.0,0.0,0.5,1.0,0.0,1.0
heat,32,32,16,10000,1000,9,19.660496950149536,0.000621795654296875,0.011931896209716797,false,0.0006021410987500819,0.0017069551854350807,0.000027694665310048596,0.045993647282227185,0.0006581365706071615,1.0929939377551292,0.0,1.0,1.0,0.05,2.0,2.0,0.0,0.5,1.0,0.0,1.0
poisson_2d,16,32,16,10000,10000,9,142.07285594940186,0.00011301040649414062,0.0012929439544677734,false,9.077912786277442e-6,0.000019366213944058535,3.95813659640962e-6,0.4360183546100272,0.00171723760469867,189.16656781232822,0.0,1.0,1.0,0.05,2.0,2.0,0.0,0.5,1.0,0.0,1.0
heat,16,16,16,10000,100,2,9.018018007278442,0.0002651214599609375,0.005710124969482422,false,0.00025089543834601633,0.0007104146967474502,0.0001707056121376097,0.6803854755705728,0.002749210983530936,10.957596525682275,0.0,1.0,1.0,0.05,2.0,2.0,0.0,0.5,1.0,0.0,1.0
drift_diffusion,64,64,16,10000,1000,4,25.050506830215454,0.0015711784362792969,0.039797306060791016,false,0.008788572014412027,0.02474136809612128,0.0005851827009936731,0.06658450315182589,0.003851464283566381,0.4382355037030447,0.0,1.0,1.0,0.05,2.0,2.0,0.0,0.5,1.0,0.0,1.0
poisson_1d,16,32,16,10000,1000,7,17.20917510986328,0.000024080276489257812,0.0003428459167480469,false,4.81246561023303e-6,7.029055925179986e-6,1.5250758943393547e-6,0.31690115168091915,0.0025081860605056672,521.1852434062582,0.0,1.0,1.0,0.05,2.0,2.0,0.0,0.5,1.0,0.0,1.0
drift_diffusion,16,16,16,10000,1000,7,24.57579493522644,0.00033211708068847656,0.010185956954956055,true,0.00472086589949779,0.013002461680609355,0.00845083885197582,1.7901035597886077,0.06769679643284385,14.339910913386475,0.0,1.0,1.0,0.05,2.0,2.0,0.0,0.5,1.0,0.0,1.0
poisson_1d,256,32,16,10000,10000,6,84.3865258693695,0.000052928924560546875,0.0006110668182373047,false,5.016317648973215e-6,7.108040928845077e-6,1.0810208494650223e-8,0.002155008763579287,8.926404123405047e-6,1.7794734599899664,0.0,1.0,1.0,0.05,2.0,2.0,0.0,0.5,1.0,0.0,1.0
poisson_1d,256,32,16,0,1,1,0.0014216899871826172,0.0000591278076171875,0.0007410049438476562,false,0.7364009186639185,1.0434681844706675,9.19278487035539e-6,0.000012483396798355743,8.926404123405047e-6,0.000012121663481355476,0.0,1.0,1.0,0.05,2.0,2.0,0.0,0.5,1.0,0.0,1.0
poisson_2d,128,32,128,0,100,4,0.002156972885131836,0.023530960083007812,0.031803131103515625,false,0.5015370078848617,1.010972236366335,0.000025370388774851667,0.0000505852776086186,0.000025298111418601268,0.00005044116589778949,0.0,1.0,1.0,0.05,2.0,2.0,0.0,0.5,1.0,0.0,1.0
poisson_2d,8,32,8,0,10000,8,0.007150888442993164,0.000047206878662109375,0.0008711814880371094,false,0.4391611649818236,1.003796948529882,0.007420564229542657,0.016897132126538976,0.007418007097193637,0.016891309361338126,0.0,1.0,1.0,0.05,2.0,2.0,0.0,0.5,1.0,0.0,1.0
drift_diffusion,64,64,16,0,100,1,0.002178192138671875,0.0015842914581298828,0.03994011878967285,false,0.8515617030136636,2.397295205213211,0.00505052668417155,0.005930899271653262,0.003851464283566381,0.004522824676046502,0.0,1.0,1.0,0.05,2.0,2.0,0.0,0.5,1.0,0.0,1.0
drift_diffusion,32,32,16,0,10000,9,0.00599980354309082,0.0007541179656982422,0.01933908462524414,false,0.835912745245843,2.3354687593891033,0.020685253150578408,0.02474570853025437,0.015825675346876712,0.01893220965571276,0.0,1.0,1.0,0.05,2.0,2.0,0.0,0.5,1.0,0.0,1.0
heat,8,8,16,10000,1000,2,19.523204803466797,0.00011897087097167969,0.002735137939453125,false,0.00006545035110568061,0.00018477069933439517,0.0006099846073930809,9.319806495876943,0.012171854008336707,185.97079775270575,0.0,1.0,1.0,0.05,2.0,2.0,0.0,0.5,1.0,0.0,1.0
poisson_2d,128,32,128,10000,1000,2,27.887205123901367,0.024106979370117188,0.03136897087097168,false,0.000026771048180112018,0.00005396368767014704,8.960401528965448e-8,0.0033470491960746547,0.000025298111418601268,0.9449802356749154,0.0,1.0,1.0,0.05,2.0,2.0,0.0,0.5,1.0,0.0,1.0
wave,64,64,16,0,1000,4,0.002785205841064453,0.00018095970153808594,0.032454729080200195,false,0.8645257276158756,1.7292625597383957,0.0005131579818024093,0.0005935716722017723,0.0002556346352812184,0.0002956934965789722,0.0,1.0,1.0,0.05,2.0,2.0,0.0,0.5,1.0,0.0,1.0
drift_diffusion,32,32,16,0,100,5,0.0020170211791992188,0.0006778240203857422,0.019201993942260742,false,0.8356341032785797,2.334690257549887,0.020685287033648924,0.024754000527851792,0.015825675346876712,0.018938522595936733,0.0,1.0,1.0,0.05,2.0,2.0,0.0,0.5,1.0,0.0,1.0
drift_diffusion,32,32,16,0,10,6,0.0022039413452148438,0.0006809234619140625,0.01850104331970215,false,0.8401662089749431,2.3473525734773624,0.020698057615927964,0.02463567017433482,0.015825675346876712,0.018836362588522875,0.0,1.0,1.0,0.05,2.0,2.0,0.0,0.5,1.0,0.0,1.0
drift_diffusion,128,128,16,0,10000,8,0.006031036376953125,0.0046520233154296875,0.10729694366455078,false,0.8558356310693186,2.41874295690958,0.0012508510702975725,0.0014615552623518423,0.0009525133211054325,0.001112962917792194,0.0,1.0,1.0,0.05,2.0,2.0,0.0,0.5,1.0,0.0,1.0
poisson_2d,64,32,64,0,1000,8,0.0029382705688476562,0.004717826843261719,0.008239030838012695,false,0.4940569302993428,1.003798207592315,0.00010204065364136004,0.00020653622565224394,0.00010200512199543541,0.00020646430753158706,0.0,1.0,1.0,0.05,2.0,2.0,0.0,0.5,1.0,0.0,1.0
poisson_2d,64,32,64,10000,1000,2,27.887205123901367,0.004606008529663086,0.00894784927368164,false,0.000026560339359959682,0.000053963864096426,3.546384846217862e-7,0.013352181981344583,0.00010200512199543541,3.8405052214365307,0.0,1.0,1.0,0.05,2.0,2.0,0.0,0.5,1.0,0.0,1.0
heat,128,128,16,0,100,0,0.0014767646789550781,0.004256010055541992,0.07061076164245605,false,0.4345581207887809,1.2327727851076762,0.000050696370540610114,0.00011666188736408706,0.00003992627534176886,0.00009187787186969912,0.0,1.0,1.0,0.05,2.0,2.0,0.0,0.5,1.0,0.0,1.0
poisson_1d,32,32,16,0,0,1,0.0013320446014404297,0.000024080276489257812,0.0003228187561035156,false,0.7262231157763497,1.0434681763826943,0.00061373528032508,0.0008451056803238526,0.000595948894502332,0.0008206140531140329,0.0,1.0,1.0,0.05,2.0,2.0,0.0,0.5,1.0,0.0,1.0
poisson_1d,64,32,16,0,10000,7,0.003520965576171875,0.00003814697265625,0.0004189014434814453,false,0.6639229076231498,0.9463512577358442,0.0001429576911985475,0.00021532272731835287,0.00014539741646764722,0.00021899743900714513,0.0,1.0,1.0,0.05,2.0,2.0,0.0,0.5,1.0,0.0,1.0
poisson_1d,32,32,16,10000,10000,3,83.93416595458984,0.000028133392333984375,0.0003910064697265625,false,0.0009384317557028086,0.0013483785513161565,5.078470359964636e-7,0.0005411656552650157,0.000595948894502332,0.6350476642342006,0.0,1.0,1.0,0.05,2.0,2.0,0.0,0.5,1.0,0.0,1.0
heat,64,64,16,0,1000,9,0.0026628971099853516,0.0016012191772460938,0.026237010955810547,false,0.43410849331460605,1.231221396664026,0.00020587274437959942,0.00047424260881806746,0.00016125998597565447,0.00037147392520327054,0.0,1.0,1.0,0.05,2.0,2.0,0.0,0.5,1.0,0.0,1.0
heat,8,8,16,10000,10,2,7.668190002441406,0.00012183189392089844,0.0028929710388183594,false,0.08311915823224764,0.23465091837109614,0.012643841479207175,0.1521170539754305,0.012171854008336707,0.14643861014962004,0.0,1.0,1.0,0.05,2.0,2.0,0.0,0.5,1.0,0.0,1.0
poisson_2d,128,32,128,10000,100,0,12.79129695892334,0.026163101196289062,0.033824920654296875,false,0.0000230077093044668,0.00004637774473971259,2.4224360524289806e-7,0.010528801543698882,0.000025298111418601268,1.099549332952492,0.0,1.0,1.0,0.05,2.0,2.0,0.0,0.5,1.0,0.0,1.0
poisson_2d,64,32,64,0,100,2,0.001967191696166992,0.0047070980072021484,0.008929014205932617,false,0.5024003989260288,1.020750016865582,0.00010252162466432133,0.00020406358132573084,0.00010200512199543541,0.00020303551154316293,0.0,1.0,1.0,0.05,2.0,2.0,0.0,0.5,1.0,0.0,1.0
poisson_2d,32,32,32,0,10,6,0.001959085464477539,0.0007691383361816406,0.002189159393310547,false,0.48594754746731195,1.003246549609934,0.00041461859381802975,0.0008532167637823497,0.00041476287710914914,0.0008535136750269303,0.0,1.0,1.0,0.05,2.0,2.0,0.0,0.5,1.0,0.0,1.0
heat,16,16,16,0,10000,6,0.0068798065185546875,0.00028204917907714844,0.007255077362060547,false,0.42736021025592824,1.2100776967980789,0.0035875592280966984,0.00839469642236524,0.002749210983530936,0.006433006437086287,0.0,1.0,1.0,0.05,2.0,2.0,0.0,0.5,1.0,0.0,1.0
poisson_1d,256,32,16,0,10000,5,0.0037839412689208984,0.000050067901611328125,0.0005707740783691406,false,0.7147977496871863,1.0128568436376562,8.959546746179332e-6,0.000012534380179708533,8.926404123405047e-6,0.000012488013745582532,0.0,1.0,1.0,0.05,2.0,2.0,0.0,0.5,1.0,0.0,1.0
poisson_2d,32,32,32,0,100,1,0.0019729137420654297,0.0009529590606689453,0.002180814743041992,false,0.4666213250742077,0.9633472517661059,0.0004080252333465781,0.0008744247453364651,0.00041476287710914914,0.0008888639563208742,0.0,1.0,1.0,0.05,2.0,2.0,0.0,0.5,1.0,0.0,1.0
drift_diffusion,128,128,16,0,10,4,0.001827239990234375,0.004582881927490234,0.10738778114318848,false,0.8540401639822002,2.4136686491644066,0.0012506024431218966,0.0014643368027220337,0.0009525133211054325,0.0011153027237783217,0.0,1.0,1.0,0.05,2.0,2.0,0.0,0.5,1.0,0.0,1.0
drift_diffusion,256,256,16,10000,10000,8,114.13912391662598,0.014494895935058594,0.23662400245666504,false,0.015737268083915797,0.04456438103066607,0.00003682492019730419,0.0023399817554700425,0.00023700549940490983,0.015060142468255891,0.0,1.0,1.0,0.05,2.0,2.0,0.0,0.5,1.0,0.0,1.0
poisson_1d,256,32,16,0,1000,3,0.0020089149475097656,0.00005507469177246094,0.0006132125854492188,false,0.6961938600756675,0.986495433127407,8.737835464291136e-6,0.000012550865449088335,8.926404123405047e-6,0.000012821721987658521,0.0,1.0,1.0,0.05,2.0,2.0,0.0,0.5,1.0,0.0,1.0
heat,128,128,16,10000,100,8,9.306427955627441,0.0044231414794921875,0.07222986221313477,false,0.00039996293660828145,0.001134631709119738,5.301110167676521e-6,0.013254003514998277,0.00003992627534176886,0.0998249379813464,0.0,1.0,1.0,0.05,2.0,2.0,0.0,0.5,1.0,0.0,1.0
poisson_1d,128,32,16,0,1,1,0.0014216899871826172,0.00004673004150390625,0.0005707740783691406,false,0.7349555768813335,1.043468184443722,0.00003698936228198264,0.00005032870481633881,0.00003591751011898671,0.00004887031440920133,0.0,1.0,1.0,0.05,2.0,2.0,0.0,0.5,1.0,0.0,1.0
wave,16,16,16,0,0,2,0.0020380020141601562,0.000051021575927734375,0.007132053375244141,false,0.8509684658700515,1.7052707976809285,0.009203228280248403,0.010815005078759047,0.004322163832073661,0.005079111630364084,0.0,1.0,1.0,0.05,2.0,2.0,0.0,0.5,1.0,0.0,1.0
drift_diffusion,32,32,16,10000,1000,8,23.956300735473633,0.0006699562072753906,0.018785953521728516,false,0.007207666565346623,0.02013760429805351,0.0025201754624353343,0.3496520600095354,0.015825675346876712,2.195672511123636,0.0,1.0,1.0,0.05,2.0,2.0,0.0,0.5,1.0,0.0,1.0
poisson_2d,32,32,32,10000,10,3,10.674707174301147,0.0009391307830810547,0.0023908615112304688,false,0.09117271683746811,0.18822754443864378,0.00029609492281024977,0.003247626407120151,0.00041476287710914914,0.0045491994918670535,0.0,1.0,1.0,0.05,2.0,2.0,0.0,0.5,1.0,0.0,1.0
heat,32,32,16,10000,10,9,7.7358598709106445,0.0009818077087402344,0.023535728454589844,false,0.09717343227032173,0.27546814931693403,0.001103618698056802,0.011357206103276268,0.0006581365706071615,0.006772803586646244,0.0,1.0,1.0,0.05,2.0,2.0,0.0,0.5,1.0,0.0,1.0
drift_diffusion,128,128,16,0,100,3,0.002122163772583008,0.004270076751708984,0.0997629165649414,false,0.8512570124427743,2.4058029703592516,0.00125006130453815,0.0014684887011396984,0.0009525133211054325,0.0011189491624534077,0.0,1.0,1.0,0.05,2.0,2.0,0.0,0.5,1.0,0.0,1.0
drift_diffusion,256,256,16,0,10000,9,0.00599980354309082,0.013017892837524414,0.2131037712097168,false,0.8563673615731328,2.4250385263739695,0.00031119553828974405,0.0003633902367765195,0.00023700549940490983,0.0002767568102660225,0.0,1.0,1.0,0.05,2.0,2.0,0.0,0.5,1.0,0.0,1.0
poisson_2d,32,32,32,0,10000,1,0.0071430206298828125,0.0007548332214355469,0.002312898635864258,false,0.4666213250742077,0.9633472517661059,0.0004080252333465781,0.0008744247453364651,0.00041476287710914914,0.0008888639563208742,0.0,1.0,1.0,0.05,2.0,2.0,0.0,0.5,1.0,0.0,1.0
heat,32,32,16,10000,0,1,0.0028641223907470703,0.0007469654083251953,0.012830972671508789,false,0.4334418429208511,1.2287249664473825,0.0008464145007025325,0.0019527752443067484,0.0006581365706071615,0.0015183964846867373,0.0,1.0,1.0,0.05,2.0,2.0,0.0,0.5,1.0,0.0,1.0
wave,8,8,16,0,100,1,0.0022301673889160156,0.000026941299438476562,0.0034942626953125,false,0.8292312180481041,1.671573015105873,0.043390295727607,0.052325931276130395,0.018958173771005418,0.022862349316310523,0.0,1.0,1.0,0.05,2.0,2.0,0.0,0.5,1.0,0.0,1.0
poisson_1d,8,32,16,10000,1000,4,17.658069849014282,0.000028848648071289062,0.0004100799560546875,false,0.000050394749444161575,0.00007618969966437829,0.000012018907639048398,0.2384952355471426,0.011214972573078455,222.54248104720955,0.0,1.0,1.0,0.05,2.0,2.0,0.0,0.5,1.0,0.0,1.0
drift_diffusion,8,8,16,10000,100,7,13.600178241729736,0.0001342296600341797,0.004387855529785156,true,0.12104064911583465,0.32545859037546065,0.4726084505324867,3.904543258688285,0.26151842143576154,2.160583434954078,0.0,1.0,1.0,0.05,2.0,2.0,0.0,0.5,1.0,0.0,1.0
drift_diffusion,256,256,16,10000,10,9,11.143492698669434,0.013194084167480469,0.2345428466796875,false,0.6590072667257381,1.866159410880168,0.0003297018156788849,0.0005003007285746642,0.00023700549940490983,0.00035964019119616995,0.0,1.0,1.0,0.05,2.0,2.0,0.0,0.5,1.0,0.0,1.0
